timestamp,latitude,longitude,altitude_m,satellites,hdop,speed_knots,pdop,vdop,accel_x,accel_y,accel_z,gyro_x,gyro_y,gyro_z,temp

1762114853,3403.39102 N,08407.88684 W,315.4,08,1.02,0.096,1.85,1.02,-0.7541735229492187,-0.11013327636718749,-8.188169677734374,16.3206106870229,-26.740458015267176,-37.57251908396947,19.588823529411766
1762114854,3403.39102 N,08407.88684 W,315.4,08,1.02,0.096,1.85,1.02,-1.9009961181640624,-0.11731588134765625,-11.604695446777344,37.61068702290076,-4.809160305343512,-16.938931297709924,19.588823529411766
1762114855,3403.39102 N,08407.88684 W,315.4,08,1.02,0.096,1.85,1.02,-0.40940848388671874,0.39743747558593745,-8.623914379882812,-13.34351145038168,15.748091603053435,10.030534351145038,19.635882352941177
1762114856,3403.39102 N,08407.88684 W,315.4,08,1.02,0.096,1.85,1.02,-0.4477157104492187,-1.9201497314453124,-8.724470849609375,-10.374045801526718,-10.106870229007633,27.908396946564885,19.635882352941177
1762114857,3403.39102 N,08407.88684 W,315.4,08,1.02,0.100,1.85,1.02,-3.4548329956054684,0.13407529296874998,-9.926360083007811,11.312977099236642,3.4656488549618323,7.1603053435114505,19.635882352941177
1762114858,3403.39102 N,08407.88684 W,315.4,08,1.02,0.100,1.85,1.02,-0.4525041137695312,0.3184288208007812,-10.338162768554687,-9.259541984732824,22.045801526717558,0.35877862595419846,19.635882352941177
1762114859,3403.39101 N,08407.88681 W,315.4,08,1.02,0.100,1.85,1.02,-0.2537853759765625,-1.407790576171875,-7.651868505859374,-12.244274809160306,-24.435114503816795,-34.64885496183206,19.68294117647059
1762114860,3403.39101 N,08407.88681 W,315.4,08,1.02,0.100,1.85,1.02,-1.7788918334960937,-4.000710974121094,-11.449072338867186,18.290076335877863,-42.58015267175573,-63.85496183206107,19.73
1762114861,3403.39101 N,08407.88681 W,315.4,08,1.02,0.100,1.85,1.02,-1.0678139404296874,0.05746083984375,-11.247959399414063,-16.076335877862597,-1.816793893129771,-4.106870229007634,19.588823529411766
1762114862,3403.39101 N,08407.88681 W,315.4,08,1.02,0.100,1.85,1.02,0.0526724365234375,-0.7852981445312499,-8.367734802246094,-12.198473282442748,-14.801526717557252,43.35114503816794,19.777058823529412
1762114863,3403.39101 N,08407.88681 W,315.4,08,1.02,0.100,1.85,1.02,-3.0214824951171875,-2.3678654418945313,-10.20169327392578,-12.938931297709924,13.427480916030534,28.412213740458014,19.777058823529412
1762114864,3403.39101 N,08407.88681 W,315.4,08,1.02,0.100,1.85,1.02,-0.24660277099609373,-0.8834604125976562,-11.176133349609374,-13.86259541984733,8.534351145038167,9.17557251908397,19.68294117647059
1762114865,3403.39101 N,08407.88681 W,315.4,08,1.02,0.080,1.85,1.02,0.3687070556640625,-0.08140285644531249,-9.334992272949219,-12.358778625954198,-28.083969465648856,-16.977099236641223,19.588823529411766
1762114866,3403.39101 N,08407.88681 W,315.4,08,1.02,0.080,1.85,1.02,0.1771709228515625,-3.5529952636718747,-9.801861596679688,-34.12213740458015,0.2900763358778626,-4.1603053435114505,19.73
1762114867,3403.39099 N,08407.88679 W,315.4,08,1.28,0.080,1.85,1.02,-0.8595183959960937,-0.9504980590820312,-12.028469140624999,-1.3206106870229009,-4.290076335877862,49.7557251908397,19.73
1762114868,3403.39099 N,08407.88679 W,315.4,08,1.28,0.080,2.00,1.28,-0.18435352783203124,0.34715924072265625,-7.8721350585937495,-3.282442748091603,-16.68702290076336,-6.404580152671755,19.68294117647059
1762114869,3403.39099 N,08407.88679 W,315.4,08,1.28,0.080,2.00,1.28,-1.3838485595703125,-1.189918225097656,-10.386046801757812,21.16793893129771,15.854961832061068,41.25954198473283,19.824117647058824
1762114870,3403.39099 N,08407.88679 W,315.4,08,1.28,0.080,2.00,1.28,-0.8954314208984374,-0.20350714111328125,-11.980585107421874,-3.50381679389313,37.14503816793893,2.648854961832061,19.824117647058824
1762114871,3403.39099 N,08407.88679 W,315.4,08,1.28,0.080,2.00,1.28,-0.06703764648437499,-0.507570751953125,-9.627084875488281,-13.450381679389313,-2.8396946564885495,8.65648854961832,19.824117647058824
1762114872,3403.39099 N,08407.88679 W,315.4,08,1.28,0.080,2.00,1.28,-0.4285620971679687,-2.059013427734375,-8.116343627929687,-18.85496183206107,-16.87786259541985,-24.16030534351145,19.777058823529412
1762114873,3403.39099 N,08407.88679 W,315.4,08,1.28,0.031,2.00,1.28,-1.2138602416992186,-0.7278373046875,-11.219228979492186,48.213740458015266,18.81679389312977,-99.70992366412214,19.777058823529412
1762114874,3403.39099 N,08407.88679 W,315.4,08,1.28,0.031,2.00,1.28,-0.852335791015625,-0.031124621582031248,-11.477802758789062,-7.549618320610687,8.977099236641221,-25.916030534351144,19.871176470588235
1762114875,3403.39096 N,08407.88677 W,315.3,08,1.02,0.031,2.00,1.28,-0.718260498046875,-0.4213794921875,-9.303867651367186,-44.80916030534351,-0.8320610687022901,75.95419847328245,19.824117647058824
1762114876,3403.39096 N,08407.88677 W,315.3,08,1.02,0.031,1.85,1.02,0.9169792358398436,-0.06943184814453125,-9.715670336914062,-35.6793893129771,12.381679389312977,158.00763358778627,19.918235294117647
1762114877,3403.39096 N,08407.88677 W,315.3,08,1.02,0.031,1.85,1.02,-0.8044517578125,-1.438915197753906,-10.771513269042968,-25.671755725190838,13.595419847328245,29.786259541984734,20.671176470588236
1762114878,3403.39096 N,08407.88677 W,315.3,08,1.02,0.031,1.85,1.02,0.07422025146484375,-0.8954314208984374,-8.985438830566405,-10.083969465648854,4.312977099236641,-9.526717557251908,19.777058823529412
1762114879,3403.39096 N,08407.88677 W,315.3,08,1.02,0.031,1.85,1.02,-0.17956512451171874,-2.4779987182617185,-7.802703210449218,-7.3816793893129775,-17.49618320610687,-8.954198473282442,19.871176470588235
1762114880,3403.39096 N,08407.88677 W,315.3,08,1.02,0.031,1.85,1.02,-0.9265560424804687,3.4907460205078125,-5.384559533691406,8.16793893129771,-5.961832061068702,-26.137404580152673,19.824117647058824
1762114881,3403.39096 N,08407.88677 W,315.3,08,1.02,0.161,1.85,1.02,-1.0175357055664063,-2.703053674316406,-10.862492932128905,-9.526717557251908,-10.664122137404581,-12.366412213740459,19.871176470588235
1762114882,3403.39096 N,08407.88677 W,315.3,08,1.02,0.161,1.85,1.02,-0.7948749511718749,0.44053310546874996,-8.55448253173828,-10.770992366412214,7.67175572519084,-12.0,19.777058823529412
1762114883,3403.39092 N,08407.88679 W,315.2,08,1.02,0.161,1.85,1.02,-0.5051765502929687,-2.39420166015625,-7.632714892578124,6.450381679389313,-5.732824427480916,24.068702290076335,19.918235294117647
1762114884,3403.39092 N,08407.88679 W,315.2,08,1.02,0.161,1.85,1.02,-1.8746598999023436,-1.139639990234375,-10.096348400878906,24.755725190839694,-2.66412213740458,-7.702290076335878,19.918235294117647
1762114885,3403.39092 N,08407.88679 W,315.2,08,1.02,0.161,1.85,1.02,-0.24660277099609373,-0.2657563842773437,-9.878476049804688,-11.679389312977099,6.32824427480916,1.0916030534351144,19.871176470588235
1762114886,3403.39092 N,08407.88679 W,315.2,08,1.02,0.161,1.85,1.02,-0.12210428466796874,-1.0749965454101562,-7.41244833984375,-6.305343511450381,-19.801526717557252,-4.198473282442748,19.212352941176473
1762114887,3403.39092 N,08407.88679 W,315.2,08,1.02,0.161,1.85,1.02,-1.9129671264648436,-2.6886884643554687,-8.348581188964843,16.702290076335878,9.679389312977099,-27.458015267175572,19.96529411764706
1762114888,3403.39092 N,08407.88679 W,315.2,08,1.02,0.161,1.85,1.02,-1.0271125122070313,-0.5147533569335937,-11.14022032470703,1.6946564885496183,19.99236641221374,-6.824427480916031,20.01235294117647
1762114889,3403.39092 N,08407.88679 W,315.2,08,1.02,0.152,1.85,1.02,-0.4429273071289062,-0.7062894897460937,-9.356540087890625,-32.908396946564885,1.5877862595419847,56.045801526717554,19.824117647058824
1762114890,3403.39092 N,08407.88679 W,315.2,08,1.02,0.152,1.85,1.02,-1.7836802368164062,-1.2330138549804688,-9.220070593261719,-18.419847328244273,8.748091603053435,67.14503816793894,19.96529411764706
1762114891,3403.39096 N,08407.88680 W,315.2,08,1.02,0.152,1.85,1.02,0.354341845703125,-1.189918225097656,-10.522516296386717,11.419847328244275,16.396946564885496,-37.595419847328245,20.01235294117647
1762114892,3403.39096 N,08407.88680 W,315.2,08,1.02,0.152,1.85,1.02,-0.430956298828125,0.062249243164062495,-6.959944226074218,-42.2442748091603,-8.961832061068701,-32.70229007633588,19.871176470588235
1762114893,3403.39096 N,08407.88680 W,315.2,08,1.02,0.152,1.85,1.02,-0.679953271484375,-2.6623522460937497,-10.697293017578124,-11.793893129770993,-8.213740458015268,-21.954198473282442,19.96529411764706
1762114894,3403.39096 N,08407.88680 W,315.2,08,1.02,0.152,1.85,1.02,-0.7637503295898437,-2.0566192260742184,-11.858480822753906,-7.358778625954199,8.557251908396946,12.335877862595419,20.671176470588236
1762114895,3403.39096 N,08407.88680 W,315.2,08,1.02,0.152,1.85,1.02,-0.0430956298828125,-0.7565677246093749,-9.397241516113281,16.87786259541985,54.41984732824427,-16.022900763358777,20.01235294117647
1762114896,3403.39096 N,08407.88680 W,315.2,08,1.02,0.152,1.85,1.02,-0.4070142822265625,-2.1116858642578125,-8.980650427246093,18.763358778625953,13.106870229007633,18.908396946564885,19.96529411764706
1762114898,3403.39096 N,08407.88680 W,315.2,08,1.02,0.235,1.85,1.02,-1.8148048583984373,0.5506663818359374,-10.965443603515624,16.541984732824428,-16.923664122137403,9.465648854961833,20.01235294117647
1762114899,3403.39096 N,08407.88680 W,315.2,08,1.02,0.235,1.85,1.02,0.11013327636718749,-1.5801730957031248,-11.054029064941405,-31.763358778625953,15.65648854961832,30.015267175572518,19.918235294117647
1762114900,3403.39098 N,08407.88681 W,315.3,08,1.02,0.235,1.85,1.02,-0.22505495605468748,-1.848323681640625,-6.768408093261718,-13.740458015267176,2.2519083969465647,-2.3740458015267176,19.918235294117647
1762114901,3403.39098 N,08407.88681 W,315.3,08,1.02,0.235,1.85,1.02,0.8930372192382812,0.6177040283203125,-5.111620544433594,-59.396946564885496,-13.786259541984732,-38.6793893129771,20.01235294117647
1762114902,3403.39098 N,08407.88681 W,315.3,08,1.02,0.235,1.85,1.02,-1.1037269653320312,0.08379705810546874,-10.019733947753906,-5.679389312977099,6.175572519083969,-1.0610687022900764,20.671176470588236
1762114903,3403.39098 N,08407.88681 W,315.3,08,1.02,0.235,1.85,1.02,-0.8643067993164062,-2.2936451904296873,-9.368511096191405,-38.969465648854964,38.86259541984733,76.25954198473282,20.671176470588236
1762114904,3403.39098 N,08407.88681 W,315.3,08,1.02,0.235,1.85,1.02,-0.17956512451171874,-1.2401964599609374,-9.746794958496093,0.007633587786259542,3.1908396946564888,-8.15267175572519,19.96529411764706
1762114905,3403.39098 N,08407.88681 W,315.3,08,1.02,0.235,1.85,1.02,-0.6177040283203125,-3.1196447631835937,-9.052476477050782,-0.4122137404580153,-9.114503816793894,-94.18320610687023,20.01235294117647
1762114906,3403.39098 N,08407.88681 W,315.3,08,1.02,0.120,1.85,1.02,-0.8092401611328125,-1.908178723144531,-9.02135185546875,-0.08396946564885496,4.99236641221374,19.435114503816795,20.059411764705885
1762114907,3403.39098 N,08407.88681 W,315.3,08,1.02,0.120,1.85,1.02,-2.463633508300781,-2.4205378784179685,-8.169016064453125,8.488549618320612,-6.320610687022901,23.984732824427482,19.96529411764706
1762114908,3403.39100 N,08407.88682 W,315.4,08,1.02,0.120,1.85,1.02,-0.18435352783203124,-1.209071838378906,-10.35492218017578,64.32824427480917,-3.8931297709923665,-4.099236641221374,20.059411764705885
1762114909,3403.39100 N,08407.88682 W,315.4,08,1.02,0.120,1.85,1.02,-3.0837317382812497,-2.0159177978515626,-10.414777221679687,23.83969465648855,56.55725190839695,-14.86259541984733,20.106470588235297
1762114910,3403.39100 N,08407.88682 W,315.4,08,1.02,0.120,1.85,1.02,0.0526724365234375,-1.3551181396484375,-9.13627353515625,8.419847328244275,27.236641221374047,13.305343511450381,20.059411764705885
1762114911,3403.39100 N,08407.88682 W,315.4,08,1.02,0.120,1.85,1.02,-1.66636435546875,-3.4524387939453125,-7.936778503417968,-9.045801526717558,-13.801526717557252,-9.923664122137405,20.106470588235297
1762114912,3403.39100 N,08407.88682 W,315.4,08,1.02,0.120,1.85,1.02,-11.111489904785156,-2.446874096679687,-19.553444958496094,-250.13740458015266,-214.06870229007635,248.65648854961833,20.106470588235297
1762114913,3403.39100 N,08407.88682 W,315.4,08,1.02,0.120,1.85,1.02,1.7597382202148437,4.316745593261719,-6.1650692749023435,-10.0,-41.274809160305345,-15.358778625954198,20.20058823529412
1762114914,3403.39100 N,08407.88682 W,315.4,08,1.02,0.193,1.85,1.02,-2.9855694702148434,2.7581203125,-10.216058483886718,34.30534351145038,16.748091603053435,-44.778625954198475,20.059411764705885
1762114915,3403.39100 N,08407.88682 W,315.4,08,1.02,0.193,1.85,1.02,-0.5626373901367188,5.209782812499999,-8.008604553222655,13.694656488549619,-31.206106870229007,-32.19847328244275,20.20058823529412
1762114916,3403.39093 N,08407.88685 W,315.3,08,1.02,0.193,1.85,1.02,-3.6535517333984373,2.0159177978515626,-6.526593725585937,-37.900763358778626,37.29770992366412,-41.23664122137404,20.20058823529412
1762114917,3403.39093 N,08407.88685 W,315.3,08,1.02,0.193,1.85,1.02,1.1061211669921875,4.99909306640625,-9.945513696289062,47.152671755725194,-16.213740458015266,-89.93129770992367,20.15352941176471
1762114918,3403.39093 N,08407.88685 W,315.3,08,1.02,0.193,1.85,1.02,-1.199495031738281,5.166687182617188,-8.039729174804688,6.213740458015267,54.80152671755725,71.59541984732824,20.24764705882353
1762114919,3403.39093 N,08407.88685 W,315.3,08,1.02,0.193,1.85,1.02,-1.4891934326171874,5.410895751953125,-5.6407391113281244,-2.7557251908396947,0.06870229007633588,19.450381679389313,20.20058823529412
1762114920,3403.39093 N,08407.88685 W,315.3,08,1.02,0.193,1.85,1.02,-3.0358477050781247,5.178658190917968,-8.571241943359375,59.49618320610687,-6.969465648854962,-98.46564885496183,20.24764705882353
1762114921,3403.39093 N,08407.88685 W,315.3,08,1.02,0.193,1.85,1.02,-0.5219359619140624,6.069301208496094,-7.9655089233398435,-27.12213740458015,2.7480916030534353,60.37404580152672,20.15352941176471
1762114922,3403.39093 N,08407.88685 W,315.3,08,1.02,0.265,1.85,1.02,-1.3239935180664062,5.453991381835937,-6.6319385986328125,-81.79389312977099,-6.358778625954199,51.32824427480916,20.20058823529412
1762114923,3403.39093 N,08407.88685 W,315.3,08,1.02,0.265,1.85,1.02,-1.4700398193359374,2.1260510742187497,-7.881711865234375,48.87022900763359,-4.076335877862595,-196.59541984732823,20.15352941176471
1762114924,3403.39087 N,08407.88688 W,315.3,08,1.02,0.265,1.85,1.02,-0.9026140258789062,5.774814404296874,-9.0788126953125,-12.969465648854962,-25.328244274809162,-55.587786259541986,20.24764705882353
1762114925,3403.39087 N,08407.88688 W,315.3,08,1.02,0.265,1.85,1.02,-0.74699091796875,4.551377355957031,-6.605602380371093,12.877862595419847,-11.229007633587786,-13.435114503816793,20.15352941176471
1762114926,3403.39087 N,08407.88688 W,315.3,08,1.02,0.265,1.85,1.02,-2.3582886352539063,2.798821740722656,-7.788338000488281,-2.0839694656488548,106.87786259541984,-143.00763358778627,20.341764705882355
1762114927,3403.39087 N,08407.88688 W,315.3,08,1.02,0.265,1.85,1.02,-0.43574470214843747,4.5322237426757805,-9.636661682128906,-31.015267175572518,-1.9465648854961832,34.05343511450382,20.24764705882353
1762114928,3403.39087 N,08407.88688 W,315.3,08,1.02,0.265,1.85,1.02,-1.9297265380859374,2.612074011230469,-6.768408093261718,-95.50381679389314,45.51145038167939,197.49618320610688,20.388823529411766
1762114929,3403.39087 N,08407.88688 W,315.3,08,1.02,0.265,1.85,1.02,-1.675941162109375,2.6503812377929687,-7.376535314941406,9.67175572519084,-10.16030534351145,-10.725190839694656,20.48294117647059
1762114930,3403.39087 N,08407.88688 W,315.3,08,1.02,0.768,1.85,1.02,-2.214636535644531,4.987122058105468,-9.631873278808593,-12.0,5.564885496183206,10.022900763358779,20.341764705882355
1762114931,3403.39087 N,08407.88688 W,315.3,08,1.02,0.768,1.85,1.02,-3.4356793823242184,4.070142822265625,-9.76116016845703,-7.587786259541985,23.03053435114504,6.00763358778626,20.48294117647059
1762114932,3403.39106 N,08407.88682 W,315.9,08,1.02,0.768,1.85,1.02,-0.28969840087890625,3.4644098022460934,-6.198588098144531,11.801526717557252,0.32061068702290074,-19.641221374045802,20.435882352941178
1762114933,3403.39106 N,08407.88682 W,315.9,08,1.02,0.768,1.85,1.02,-2.906560815429687,2.0638018310546875,-6.366182214355469,36.152671755725194,-8.687022900763358,-48.00763358778626,20.341764705882355
1762114934,3403.39106 N,08407.88682 W,315.9,08,1.02,0.768,1.85,1.02,-8.468291271972657,1.944091748046875,-9.892841259765625,13.961832061068701,-19.061068702290076,42.52671755725191,20.53
1762114935,3403.39106 N,08407.88682 W,315.9,08,1.02,0.768,1.85,1.02,-2.834734765625,4.211400720214844,-10.417171423339843,-12.183206106870228,-4.175572519083969,-7.015267175572519,20.341764705882355
1762114936,3403.39106 N,08407.88682 W,315.9,08,1.02,0.768,1.85,1.02,-0.5626373901367188,2.3918074584960936,-6.749254479980468,-50.7557251908397,-4.984732824427481,53.900763358778626,20.435882352941178
1762114937,3403.39106 N,08407.88682 W,315.9,08,1.02,0.768,1.85,1.02,-1.5873557006835937,2.2481553588867187,-7.070077502441406,-8.335877862595419,2.885496183206107,-36.030534351145036,20.53
1762114938,3403.39106 N,08407.88682 W,315.9,08,1.02,0.074,1.85,1.02,-3.727771984863281,3.9791631591796874,-14.556746093749998,61.50381679389313,-91.8854961832061,-50.19847328244275,20.577058823529413
1762114939,3403.39106 N,08407.88682 W,315.9,08,1.02,0.074,1.85,1.02,-0.7350199096679687,4.357447021484375,-9.09796630859375,-1.4732824427480915,7.473282442748092,10.34351145038168,20.435882352941178
1762114940,3403.39106 N,08407.88688 W,315.7,08,1.02,0.074,1.85,1.02,-1.9105729248046874,3.749319799804687,-6.737283471679687,18.625954198473284,-23.862595419847327,-41.282442748091604,20.53
1762114941,3403.39106 N,08407.88688 W,315.7,08,1.02,0.074,1.85,1.02,-2.70065947265625,5.224148022460938,-10.13226142578125,49.12213740458015,-43.31297709923664,-6.938931297709924,20.577058823529413
1762114942,3403.39106 N,08407.88688 W,315.7,08,1.02,0.074,1.85,1.02,-0.9744400756835937,3.414131567382812,-7.175422375488281,-8.206106870229007,-0.2824427480916031,-5.862595419847328,20.577058823529413
1762114943,3403.39106 N,08407.88688 W,315.7,08,1.02,0.074,1.85,1.02,-0.32082302246093747,2.6240450195312497,-8.252813122558594,55.770992366412216,-15.374045801526718,-128.0381679389313,20.671176470588236
1762114944,3403.39106 N,08407.88688 W,315.7,08,1.02,0.074,1.85,1.02,-2.5761609863281247,4.891353991699218,-9.79946739501953,24.129770992366414,-7.9465648854961835,-16.641221374045802,20.624117647058824
1762114945,3403.39106 N,08407.88688 W,315.7,08,1.02,0.074,1.85,1.02,-0.8020575561523438,4.5322237426757805,-6.804321118164062,-9.366412213740459,-11.595419847328245,-2.801526717557252,19.96529411764706
1762114946,3403.39106 N,08407.88688 W,315.7,08,1.02,0.052,1.85,1.02,-4.690241052246093,4.46279189453125,-7.809885815429687,5.755725190839694,20.16793893129771,-1.1450381679389312,20.671176470588236
1762114947,3403.39106 N,08407.88688 W,315.7,08,1.02,0.052,1.85,1.02,-0.8475473876953125,5.279214660644531,-7.117961535644531,-4.0534351145038165,9.969465648854962,2.8396946564885495,21.424117647058825
1762114948,3403.39103 N,08407.88691 W,315.6,08,1.02,0.052,1.85,1.02,-1.9752163696289062,4.417302062988281,-7.50821640625,19.3206106870229,-41.41984732824427,-29.083969465648856,20.953529411764706
1762114949,3403.39103 N,08407.88691 W,315.6,08,1.02,0.052,1.85,1.02,-2.0877438476562498,6.610390783691406,-7.053318090820312,8.427480916030534,5.015267175572519,14.694656488549619,20.953529411764706
1762114950,3403.39103 N,08407.88691 W,315.6,08,1.02,0.052,1.85,1.02,0.05027823486328125,4.936843823242187,-5.949591125488281,33.29770992366412,-5.366412213740458,-45.56488549618321,20.906470588235294
1762114951,3403.39103 N,08407.88691 W,315.6,08,1.02,0.052,1.85,1.02,-3.3710359375,5.614402893066406,-8.789114294433594,7.641221374045801,0.7938931297709924,-6.66412213740458,20.953529411764706
1762114952,3403.39103 N,08407.88691 W,315.6,08,1.02,0.052,1.85,1.02,0.143652099609375,5.65031591796875,-9.327809667968749,1.183206106870229,-5.152671755725191,10.145038167938932,21.04764705882353
1762114953,3403.39103 N,08407.88691 W,315.6,08,1.02,0.052,1.85,1.02,1.3000515014648437,3.4739866088867184,-6.366182214355469,-9.702290076335878,31.908396946564885,-11.267175572519085,21.04764705882353
1762114954,3403.39103 N,08407.88691 W,315.6,08,1.02,0.068,1.85,1.02,-3.6176387084960937,2.8945898071289062,-9.576806640625,9.229007633587786,-25.099236641221374,16.84732824427481,21.188823529411764
1762114955,3403.39103 N,08407.88691 W,315.6,08,1.02,0.068,1.85,1.02,-1.3000515014648437,4.8889597900390624,-9.909600671386718,15.473282442748092,-6.6106870229007635,-6.488549618320611,21.28294117647059
1762114956,3403.39104 N,08407.88695 W,315.7,08,1.02,0.068,1.85,1.02,0.5243301635742187,4.671087438964843,-8.47786807861328,-5.8320610687022905,-3.648854961832061,2.8091603053435112,21.330000000000002
1762114957,3403.39104 N,08407.88695 W,315.7,08,1.02,0.068,1.85,1.02,-1.0582371337890624,3.1675287963867187,-6.0525417968749995,-13.778625954198473,33.12977099236641,40.717557251908396,21.235882352941175
1762114958,3403.39104 N,08407.88695 W,315.7,08,1.02,0.068,1.85,1.02,-2.9448680419921875,3.0885201416015624,-8.130708837890625,10.526717557251908,-20.702290076335878,-30.65648854961832,21.28294117647059
1762114959,3403.39104 N,08407.88695 W,315.7,08,1.02,0.068,1.85,1.02,-4.589684582519531,4.9823336547851556,-11.238382592773437,62.961832061068705,-27.221374045801525,-6.267175572519084,21.235882352941175
1762114960,3403.39104 N,08407.88695 W,315.7,08,1.02,0.068,1.85,1.02,-2.1835119140624997,4.084508032226562,-10.115502014160155,6.541984732824427,-10.595419847328245,26.236641221374047,21.28294117647059
1762114961,3403.39104 N,08407.88695 W,315.7,08,1.02,0.068,1.85,1.02,0.48123453369140623,2.6384102294921874,-6.940790612792968,-4.969465648854962,3.0,4.816793893129771,21.330000000000002
1762114962,3403.39104 N,08407.88695 W,315.7,08,1.02,0.037,1.85,1.02,0.488417138671875,2.808398547363281,-9.552864624023437,-2.8702290076335877,-21.64885496183206,-36.51145038167939,21.377058823529413
1762114963,3403.39104 N,08407.88695 W,315.7,08,1.02,0.037,1.85,1.02,-0.1771709228515625,2.3965958618164063,-9.662997900390625,-19.198473282442748,36.25190839694657,-2.984732824427481,20.718235294117648
1762114964,3403.39105 N,08407.88697 W,315.6,08,1.02,0.037,1.85,1.02,0.17956512451171874,3.6200329101562496,-7.726088757324218,20.282442748091604,5.595419847328245,-30.12213740458015,21.424117647058825
1762114965,3403.39105 N,08407.88697 W,315.6,08,1.02,0.037,1.85,1.02,-1.848323681640625,4.900930798339844,-7.979874133300781,-38.725190839694655,12.587786259541986,13.755725190839694,20.718235294117648
1762114966,3403.39105 N,08407.88697 W,315.6,08,1.02,0.037,1.85,1.02,-2.7198130859375,5.063736511230468,-10.187328063964843,-40.534351145038165,14.114503816793894,23.572519083969464,22.130000000000003
1762114967,3403.39105 N,08407.88697 W,315.6,08,1.02,0.037,1.85,1.02,-1.3000515014648437,3.5960908935546874,-6.988674645996094,-3.50381679389313,1.3969465648854962,2.435114503816794,21.377058823529413
1762114968,3403.39105 N,08407.88697 W,315.6,08,1.02,0.037,1.85,1.02,-1.1827356201171875,2.882618798828125,-7.070077502441406,-0.5954198473282443,12.877862595419847,-31.946564885496183,21.471176470588237
1762114969,3403.39105 N,08407.88697 W,315.6,08,1.02,0.037,1.85,1.02,-4.240131140136718,2.568978381347656,-10.230423693847655,51.030534351145036,-23.64885496183206,-44.69465648854962,21.471176470588237
1762114970,3403.39105 N,08407.88697 W,315.6,08,1.02,0.059,1.85,1.02,-2.1164742675781247,5.825092639160156,-9.694122521972655,-8.129770992366412,-4.3893129770992365,12.786259541984732,21.51823529411765
1762114971,3403.39105 N,08407.88697 W,315.6,08,1.02,0.059,1.85,1.02,-0.9911994873046874,3.883395092773437,-5.568913061523437,-0.8778625954198473,3.3053435114503817,-1.8549618320610688,21.471176470588237
1762114972,3403.39105 N,08407.88702 W,315.5,08,1.02,0.059,1.85,1.02,-3.6463691284179687,5.068524914550781,-8.192958081054687,15.786259541984732,-11.778625954198473,-5.717557251908397,21.659411764705883
1762114973,3403.39105 N,08407.88702 W,315.5,08,1.02,0.059,1.85,1.02,-1.5921441040039062,5.042188696289062,-9.708487731933593,-4.297709923664122,-6.641221374045801,-0.2748091603053435,21.51823529411765
1762114974,3403.39105 N,08407.88702 W,315.5,08,1.02,0.059,1.85,1.02,0.39983167724609375,3.418919970703125,-6.244077929687499,-15.335877862595419,5.152671755725191,-5.8396946564885495,21.377058823529413
1762114975,3403.39105 N,08407.88702 W,315.5,08,1.02,0.059,1.85,1.02,-1.9967641845703124,2.0302830078125,-8.228871105957031,-1.717557251908397,-2.381679389312977,-48.7557251908397,21.56529411764706
1762114976,3403.39105 N,08407.88702 W,315.5,08,1.02,0.059,1.85,1.02,-0.5817910034179687,5.5832782714843745,-10.127473022460936,23.48854961832061,-32.43511450381679,-24.38167938931298,21.471176470588237
1762114977,3403.39105 N,08407.88702 W,315.5,08,1.02,0.059,1.85,1.02,-1.350329736328125,4.44363828125,-8.085219006347655,3.4580152671755724,-7.091603053435114,25.198473282442748,21.51823529411765
1762114978,3403.39105 N,08407.88702 W,315.5,08,1.02,0.035,1.85,1.02,-2.6192566162109374,2.858676782226562,-6.282385156249999,-7.511450381679389,9.381679389312977,1.366412213740458,21.471176470588237
1762114979,3403.39105 N,08407.88702 W,315.5,08,1.02,0.035,1.85,1.02,0.2609679809570312,6.191405493164062,-8.257601525878906,-9.251908396946565,2.4656488549618323,11.396946564885496,21.471176470588237
1762114980,3403.39108 N,08407.88705 W,315.6,08,1.02,0.035,1.85,1.02,-0.42377369384765623,4.613626599121093,-9.038111267089842,-14.580152671755725,-2.0229007633587788,1.1221374045801527,21.56529411764706
1762114981,3403.39108 N,08407.88705 W,315.6,08,1.02,0.035,1.85,1.02,0.0718260498046875,3.768473413085937,-5.533000036621093,-17.66412213740458,16.244274809160306,2.687022900763359,21.51823529411765
1762114982,3403.39108 N,08407.88705 W,315.6,08,1.02,0.035,1.85,1.02,-2.6695348510742187,3.574543078613281,-8.63827958984375,11.541984732824428,0.29770992366412213,-12.335877862595419,20.718235294117648
1762114983,3403.39108 N,08407.88705 W,315.6,08,1.02,0.035,1.85,1.02,-2.549824768066406,5.123591552734375,-11.042058056640624,-5.312977099236641,4.633587786259542,7.022900763358779,21.56529411764706
1762114984,3403.39108 N,08407.88705 W,315.6,08,1.02,0.035,1.85,1.02,1.2042834350585936,5.291185668945312,-7.024587670898437,16.450381679389313,-19.580152671755727,-19.068702290076335,20.718235294117648
1762114985,3403.39108 N,08407.88705 W,315.6,08,1.02,0.035,1.85,1.02,-1.6831237670898436,4.053383410644531,-6.148309863281249,7.3893129770992365,9.931297709923664,29.625954198473284,21.56529411764706
1762114986,3403.39108 N,08407.88705 W,315.6,08,1.02,0.036,1.85,1.02,-3.229778039550781,5.693411547851563,-9.97184991455078,13.305343511450381,-38.82442748091603,12.259541984732824,21.471176470588237
1762114987,3403.39108 N,08407.88705 W,315.6,08,1.02,0.036,1.85,1.02,0.47884033203125,5.183446594238281,-8.06367119140625,11.335877862595419,-10.007633587786259,9.183206106870228,21.56529411764706
1762114988,3403.39115 N,08407.88707 W,315.7,08,1.02,0.036,1.85,1.02,0.031124621582031248,2.6527754394531247,-6.890512377929687,-1.5190839694656488,4.099236641221374,3.633587786259542,21.56529411764706
1762114989,3403.39115 N,08407.88707 W,315.7,08,1.02,0.036,1.85,1.02,-1.1085153686523437,5.49708701171875,-10.249577307128906,13.65648854961832,-13.366412213740459,-5.458015267175573,21.61235294117647
1762114990,3403.39115 N,08407.88707 W,315.7,08,1.02,0.036,1.85,1.02,-0.1580173095703125,5.130774157714844,-8.690952026367187,-17.251908396946565,-0.8244274809160306,10.488549618320612,21.51823529411765
1762114991,3403.39115 N,08407.88707 W,315.7,08,1.02,0.036,1.85,1.02,-0.8690952026367187,3.77326181640625,-6.114791040039062,-24.595419847328245,12.65648854961832,58.091603053435115,21.51823529411765
1762114992,3403.39115 N,08407.88707 W,315.7,08,1.02,0.036,1.85,1.02,-2.1116858642578125,6.114791040039062,-10.180145458984374,6.00763358778626,-20.610687022900763,6.412213740458015,21.51823529411765
1762114993,3403.39115 N,08407.88707 W,315.7,08,1.02,0.036,1.85,1.02,0.40940848388671874,7.539341027832031,-9.576806640625,-32.85496183206107,-25.755725190839694,44.0,21.471176470588237
1762114994,3403.39115 N,08407.88707 W,315.7,08,1.02,0.402,1.85,1.02,0.6177040283203125,4.390965844726562,-5.7700260009765625,18.03053435114504,9.083969465648854,-48.847328244274806,21.51823529411765
1762114996,3403.39115 N,08407.88707 W,315.7,08,1.02,0.402,1.85,1.02,-1.9632453613281249,3.7397429931640622,-8.86812294921875,-53.2442748091603,42.213740458015266,36.83206106870229,21.51823529411765
1762114997,3403.39124 N,08407.88707 W,315.8,08,1.02,0.402,1.85,1.02,-2.398990063476562,5.53539423828125,-9.706093530273437,-17.244274809160306,15.381679389312977,-0.9312977099236641,21.51823529411765
1762114998,3403.39124 N,08407.88707 W,315.8,08,1.02,0.402,1.85,1.02,0.05985504150390625,5.1140147460937495,-6.495469104003906,46.61068702290076,36.7557251908397,-31.946564885496183,21.471176470588237
1762114999,3403.39124 N,08407.88707 W,315.8,08,1.02,0.402,1.85,1.02,-1.5634136840820312,3.8235400512695312,-6.227318518066406,-28.198473282442748,3.312977099236641,67.70229007633588,21.51823529411765
1762115000,3403.39124 N,08407.88707 W,315.8,08,1.02,0.402,1.85,1.02,-2.6599580444335937,4.572925170898437,-9.421183532714844,-10.83206106870229,15.618320610687023,43.43511450381679,21.471176470588237
1762115001,3403.39124 N,08407.88707 W,315.8,08,1.02,0.402,1.85,1.02,-2.020706201171875,4.029441394042968,-9.562441430664062,8.580152671755725,20.641221374045802,19.53435114503817,21.51823529411765
1762115002,3403.39124 N,08407.88707 W,315.8,08,1.02,0.402,1.85,1.02,0.18914193115234373,3.878606689453125,-7.465120776367187,-18.732824427480917,23.106870229007633,-10.641221374045802,21.377058823529413
1762115003,3403.39124 N,08407.88707 W,315.8,08,1.02,0.054,1.85,1.02,-1.3239935180664062,2.8323405639648436,-7.56567724609375,-20.083969465648856,6.015267175572519,-17.366412213740457,22.177058823529414
1762115004,3403.39124 N,08407.88707 W,315.8,08,1.02,0.054,1.85,1.02,-2.961627453613281,3.0933085449218747,-12.84489190673828,19.580152671755727,57.595419847328245,-247.35114503816794,21.471176470588237
1762115005,3403.39135 N,08407.88708 W,315.9,08,1.02,0.054,1.85,1.02,-0.5985504150390625,5.710170959472656,-9.227253198242186,-29.770992366412212,-7.648854961832061,19.557251908396946,21.377058823529413
1762115006,3403.39135 N,08407.88708 W,315.9,08,1.02,0.054,1.85,1.02,-0.39264907226562495,4.331110803222656,-5.595249279785156,-1.4274809160305344,4.061068702290076,1.3740458015267176,21.330000000000002
1762115007,3403.39135 N,08407.88708 W,315.9,08,1.02,0.054,1.85,1.02,-3.323151904296875,4.726154077148437,-8.43956085205078,33.06870229007634,-14.236641221374045,30.85496183206107,21.56529411764706
1762115008,3403.39135 N,08407.88708 W,315.9,08,1.02,0.054,1.85,1.02,-2.971204260253906,5.161898779296875,-10.40041201171875,0.3511450381679389,8.13740458015267,-11.488549618320612,20.718235294117648
1762115009,3403.39135 N,08407.88708 W,315.9,08,1.02,0.054,1.85,1.02,-0.36631285400390623,3.746925598144531,-6.069301208496094,-14.290076335877863,-4.625954198473282,19.33587786259542,21.424117647058825
1762115010,3403.39135 N,08407.88708 W,315.9,08,1.02,0.054,1.85,1.02,-0.047884033203124995,3.7014357666015623,-7.788338000488281,55.02290076335878,14.916030534351146,-197.85496183206106,21.235882352941175
1762115011,3403.39135 N,08407.88708 W,315.9,08,1.02,0.017,1.85,1.02,-1.0582371337890624,5.173869787597656,-8.678981018066406,6.541984732824427,-2.2519083969465647,14.83206106870229,21.28294117647059
1762115012,3403.39135 N,08407.88708 W,315.9,08,1.02,0.017,1.85,1.02,-1.2234370483398436,3.5122938354492184,-4.716577270507813,-17.15267175572519,38.11450381679389,59.29007633587786,21.235882352941175
1762115013,3403.39138 N,08407.88711 W,316.0,08,1.02,0.017,1.85,1.02,-2.6408044311523438,6.186617089843749,-10.105925207519531,47.58015267175573,-58.50381679389313,-36.93893129770992,21.28294117647059
1762115014,3403.39138 N,08407.88711 W,316.0,08,1.02,0.017,1.85,1.02,-1.4772224243164063,5.250484240722656,-10.029310754394531,-23.267175572519083,-22.770992366412212,34.12977099236641,21.28294117647059
1762115015,3403.39138 N,08407.88711 W,316.0,08,1.02,0.017,1.85,1.02,-0.6200982299804687,3.6439749267578123,-6.6151791870117185,-20.30534351145038,5.519083969465649,-5.854961832061068,21.330000000000002
1762115016,3403.39138 N,08407.88711 W,316.0,08,1.02,0.017,1.85,1.02,-2.877830395507812,2.042254016113281,-10.457872851562499,-34.00763358778626,27.053435114503817,-15.511450381679388,21.330000000000002
1762115017,3403.39138 N,08407.88711 W,316.0,08,1.02,0.017,1.85,1.02,-1.5275006591796874,6.064512805175781,-9.363722692871093,-2.5114503816793894,-9.877862595419847,14.290076335877863,21.28294117647059
1762115018,3403.39138 N,08407.88711 W,316.0,08,1.02,0.017,1.85,1.02,0.8259995727539062,5.121197351074218,-6.4739212890625,29.442748091603054,3.2061068702290076,-26.671755725190838,21.235882352941175
1762115019,3403.39138 N,08407.88711 W,316.0,08,1.02,0.041,1.85,1.02,-1.7405846069335937,5.05655390625,-6.311115576171875,51.68702290076336,-11.312977099236642,-66.30534351145039,21.235882352941175
1762115020,3403.39138 N,08407.88711 W,316.0,08,1.02,0.041,1.85,1.02,-0.19871873779296872,5.240907434082031,-7.754819177246094,-31.206106870229007,4.786259541984733,92.45038167938931,21.28294117647059
1762115021,3403.39138 N,08407.88714 W,316.0,08,1.02,0.041,1.85,1.02,-0.3687070556640625,4.441244079589843,-7.46272657470703,8.358778625954198,-4.786259541984733,-13.0,21.330000000000002
1762115022,3403.39138 N,08407.88714 W,316.0,08,1.02,0.041,1.85,1.02,-2.308010400390625,3.1316157714843746,-7.015010864257812,50.44274809160305,-9.549618320610687,-86.50381679389314,21.28294117647059
1762115023,3403.39138 N,08407.88714 W,316.0,08,1.02,0.041,1.85,1.02,-0.6440402465820312,6.1267620483398435,-9.7683427734375,-26.519083969465647,26.96946564885496,14.13740458015267,21.235882352941175
1762115024,3403.39138 N,08407.88714 W,316.0,08,1.02,0.041,1.85,1.02,-0.16998831787109375,5.76523759765625,-7.850587243652344,12.198473282442748,-9.282442748091603,-7.66412213740458,21.330000000000002
1762115025,3403.39138 N,08407.88714 W,316.0,08,1.02,0.041,1.85,1.02,-1.956062756347656,3.9145197143554684,-7.091625317382812,34.89312977099237,-14.312977099236642,-65.58015267175573,21.235882352941175
1762115026,3403.39138 N,08407.88714 W,316.0,08,1.02,0.041,1.85,1.02,-0.0047884033203125,8.128314636230469,-9.536105212402344,43.31297709923664,-4.755725190839694,-111.26717557251908,21.188823529411764
1762115027,3403.39138 N,08407.88714 W,316.0,08,1.02,0.080,1.85,1.02,2.0350714111328125,5.403713146972656,-9.088389501953124,-15.366412213740459,-0.5725190839694656,-21.587786259541986,21.235882352941175
1762115028,3403.39138 N,08407.88714 W,316.0,08,1.02,0.080,1.85,1.02,-0.49320554199218747,3.019088293457031,-7.271190441894531,-46.64885496183206,15.145038167938932,13.580152671755725,21.28294117647059
1762115029,3403.39137 N,08407.88715 W,316.0,08,1.02,0.080,1.85,1.02,-0.5530605834960938,3.009511486816406,-9.227253198242186,-97.67175572519083,25.16030534351145,115.66412213740458,21.235882352941175
1762115030,3403.39137 N,08407.88715 W,316.0,08,1.02,0.080,1.85,1.02,-1.0462661254882812,4.383783239746093,-8.786720092773438,-19.801526717557252,-1.5572519083969465,0.8702290076335878,21.141764705882352
1762115031,3403.39137 N,08407.88715 W,316.0,08,1.02,0.080,1.85,1.02,-1.5514426757812498,4.908113403320312,-7.438784558105469,26.442748091603054,-27.374045801526716,15.312977099236642,21.09470588235294
1762115032,3403.39137 N,08407.88715 W,316.0,08,1.02,0.080,1.85,1.02,-0.7517793212890624,5.353434912109375,-7.283161450195312,20.587786259541986,-8.687022900763358,1.1908396946564885,21.424117647058825
1762115033,3403.39137 N,08407.88715 W,316.0,08,1.02,0.080,1.85,1.02,-3.9432501342773434,4.414907861328125,-10.168174450683592,45.725190839694655,-17.763358778625953,-54.9236641221374,21.330000000000002
1762115034,3403.39137 N,08407.88715 W,316.0,08,1.02,0.080,1.85,1.02,-0.5817910034179687,5.616797094726562,-11.611878051757811,-57.7557251908397,36.33587786259542,56.93129770992366,22.93
1762115035,3403.39137 N,08407.88715 W,316.0,08,1.02,0.130,1.85,1.02,0.1197100830078125,4.108450048828125,-7.058106494140625,-37.52671755725191,13.511450381679388,-7.022900763358779,23.824117647058827
1762115036,3403.39137 N,08407.88715 W,316.0,08,1.02,0.130,1.85,1.02,-0.00239420166015625,3.0550013183593747,-8.17141026611328,67.13740458015268,-49.80152671755725,-95.27480916030534,23.024117647058823
1762115037,3403.39138 N,08407.88716 W,316.0,08,1.02,0.130,1.85,1.02,-3.900154504394531,1.5969325073242187,-10.146626635742187,7.099236641221374,3.7099236641221376,-34.18320610687023,22.271176470588237
1762115038,3403.39138 N,08407.88716 W,316.0,08,1.02,0.130,1.85,1.02,-0.7038952880859375,4.970362646484375,-10.46984385986328,-85.43511450381679,49.49618320610687,50.55725190839695,22.36529411764706
1762115039,3403.39138 N,08407.88716 W,316.0,08,1.02,0.130,1.85,1.02,-2.5450363647460934,4.197035510253906,-8.17859287109375,-9.854961832061068,26.015267175572518,22.045801526717558,22.506470588235295
1762115040,3403.39138 N,08407.88716 W,316.0,08,1.02,0.130,1.85,1.02,-1.9656395629882812,3.6104561035156246,-5.801150622558594,-67.01526717557252,31.625954198473284,101.40458015267176,22.459411764705884
1762115041,3403.39138 N,08407.88716 W,316.0,08,1.02,0.130,1.85,1.02,-2.023100402832031,4.010287780761718,-9.402029919433593,-31.38167938931298,-14.977099236641221,13.458015267175572,22.93
1762115042,3403.39138 N,08407.88716 W,316.0,08,1.02,0.130,1.85,1.02,-1.7214309936523438,5.260061047363281,-8.985438830566405,-28.84732824427481,32.12977099236641,39.6793893129771,22.882941176470588
1762115043,3403.39138 N,08407.88716 W,316.0,08,1.02,0.080,1.85,1.02,0.7948749511718749,4.759672900390624,-8.89924757080078,13.419847328244275,-45.20610687022901,-22.358778625954198,24.24764705882353
1762115044,3403.39138 N,08407.88716 W,316.0,08,1.02,0.080,1.85,1.02,-0.28490999755859375,3.744531396484375,-7.735665563964844,-31.48854961832061,-26.251908396946565,13.83206106870229,23.635882352941177
1762115045,3403.39137 N,08407.88716 W,315.9,08,1.02,0.080,1.85,1.02,-2.6958710693359373,2.916137622070312,-9.064447485351561,-48.82442748091603,29.068702290076335,28.9618320610687,23.965294117647062
1762115046,3403.39137 N,08407.88716 W,315.9,08,1.02,0.080,1.85,1.02,0.5889736083984375,6.227318518066406,-8.418013037109375,-14.84732824427481,35.51908396946565,-14.580152671755725,22.741764705882353
1762115047,3403.39137 N,08407.88716 W,315.9,08,1.02,0.080,1.85,1.02,-2.205059729003906,4.082113830566406,-12.275071911621094,-16.885496183206108,35.10687022900763,56.29770992366412,22.412352941176472
1762115048,3403.39137 N,08407.88716 W,315.9,08,1.02,0.080,1.85,1.02,-1.6998831787109374,2.829946362304687,-7.414842541503906,10.709923664122137,-6.5038167938931295,-0.35877862595419846,22.177058823529414
1762115049,3403.39137 N,08407.88716 W,315.9,08,1.02,0.080,1.85,1.02,-2.224213342285156,4.216189123535156,-10.280701928710936,-51.63358778625954,9.786259541984732,46.587786259541986,21.988823529411768
1762115050,3403.39137 N,08407.88716 W,315.9,08,1.02,0.080,1.85,1.02,-1.0223241088867188,3.7397429931640622,-8.738836059570312,10.374045801526718,2.931297709923664,-21.885496183206108,21.894705882352945
1762115051,3403.39137 N,08407.88716 W,315.9,08,1.02,0.102,1.85,1.02,-1.5322890624999999,1.5442600708007812,-6.648698010253906,-37.45038167938932,29.38167938931298,46.465648854961835,21.706470588235295
1762115052,3403.39137 N,08407.88716 W,315.9,08,1.02,0.102,1.85,1.02,-2.4660277099609376,2.1930887207031247,-7.903259680175781,51.152671755725194,-4.312977099236641,-76.56488549618321,21.61235294117647
1762115053,3403.39135 N,08407.88717 W,315.8,08,1.02,0.102,1.85,1.02,-2.868253588867187,3.4356793823242184,-9.402029919433593,1.9236641221374047,4.312977099236641,-4.893129770992366,21.61235294117647
1762115054,3403.39135 N,08407.88717 W,315.8,08,1.02,0.102,1.85,1.02,-0.5027823486328125,3.9312791259765625,-6.751648681640624,-28.458015267175572,-3.7404580152671754,75.44274809160305,21.424117647058825
1762115055,3403.39135 N,08407.88717 W,315.8,08,1.02,0.102,1.85,1.02,-0.6464344482421874,3.4955344238281247,-5.798756420898437,-1.9389312977099236,23.03053435114504,0.13740458015267176,22.177058823529414
1762115056,3403.39135 N,08407.88717 W,315.8,08,1.02,0.102,1.85,1.02,-3.5506010620117183,4.821922143554687,-11.441889733886718,-68.74045801526718,22.61832061068702,27.671755725190838,20.718235294117648
1762115057,3403.39135 N,08407.88717 W,315.8,08,1.02,0.102,1.85,1.02,1.2904746948242187,5.078101721191406,-7.733271362304687,-29.053435114503817,49.17557251908397,0.48854961832061067,21.847647058823533
1762115058,3403.39135 N,08407.88717 W,315.8,08,1.02,0.102,1.85,1.02,-2.73896669921875,2.24097275390625,-7.857769848632812,-16.0,4.8320610687022905,2.7404580152671754,20.76529411764706
1762115059,3403.39135 N,08407.88717 W,315.8,08,1.02,0.054,1.85,1.02,-3.5194764404296874,4.115632653808594,-10.414777221679687,-63.038167938931295,15.145038167938932,104.45801526717557,21.377058823529413
1762115060,3403.39135 N,08407.88717 W,315.8,08,1.02,0.054,1.85,1.02,-0.6631938598632812,4.220977526855468,-8.137891442871092,-43.038167938931295,16.114503816793892,25.778625954198475,21.28294117647059
1762115061,3403.39133 N,08407.88716 W,315.6,08,1.02,0.054,1.85,1.02,-2.990357873535156,4.266467358398438,-8.595183959960938,33.80916030534351,-21.519083969465647,-20.870229007633586,21.235882352941175
1762115062,3403.39133 N,08407.88716 W,315.6,08,1.02,0.054,1.85,1.02,-2.9951462768554684,3.878606689453125,-10.005368737792969,0.5954198473282443,-3.236641221374046,-10.885496183206106,21.188823529411764
1762115063,3403.39133 N,08407.88716 W,315.6,08,1.02,0.054,1.85,1.02,1.1180921752929687,2.7198130859375,-7.053318090820312,9.526717557251908,-11.17557251908397,-42.152671755725194,21.188823529411764
1762115064,3403.39133 N,08407.88716 W,315.6,08,1.02,0.054,1.85,1.02,-4.814739538574218,-0.28969840087890625,-8.604760766601562,-60.778625954198475,-82.73282442748092,34.48091603053435,21.141764705882352
1762115065,3403.39133 N,08407.88716 W,315.6,08,1.02,0.054,1.85,1.02,-2.310404602050781,4.7189714721679685,-10.556035119628906,28.740458015267176,-27.557251908396946,-35.52671755725191,21.188823529411764
1762115066,3403.39133 N,08407.88716 W,315.6,08,1.02,0.054,1.85,1.02,-1.3766659545898436,3.9695863525390624,-6.871358764648437,-16.557251908396946,2.618320610687023,30.259541984732824,21.141764705882352
1762115067,3403.39133 N,08407.88716 W,315.6,08,1.02,0.150,1.85,1.02,-2.327164013671875,3.4261025756835934,-6.782773303222656,64.29007633587786,-17.14503816793893,-92.72519083969466,21.09470588235294
1762115068,3403.39133 N,08407.88716 W,315.6,08,1.02,0.150,1.85,1.02,-3.797203833007812,4.637568615722656,-10.194510668945313,-77.19083969465649,7.358778625954199,90.96946564885496,21.04764705882353
1762115069,3403.39129 N,08407.88718 W,315.4,08,1.02,0.150,1.85,1.02,-0.7302315063476562,3.986345764160156,-9.610325463867188,-26.366412213740457,7.458015267175573,13.106870229007633,21.188823529411764
1762115070,3403.39129 N,08407.88718 W,315.4,08,1.02,0.150,1.85,1.02,-0.22266075439453123,4.122815258789062,-6.955155822753905,10.465648854961833,-34.25190839694657,-15.099236641221374,21.04764705882353
1762115071,3403.39129 N,08407.88718 W,315.4,08,1.02,0.150,1.85,1.02,-3.0214824951171875,2.5953145996093747,-9.349357482910156,13.916030534351146,34.18320610687023,-41.76335877862596,21.188823529411764
1762115072,3403.39129 N,08407.88718 W,315.4,08,1.02,0.150,1.85,1.02,0.16998831787109375,6.260837341308593,-9.34696328125,0.816793893129771,-11.34351145038168,-4.076335877862595,22.03588235294118
1762115073,3403.39129 N,08407.88718 W,315.4,08,1.02,0.150,1.85,1.02,0.5458779785156249,3.7708676147460936,-6.248866333007812,12.473282442748092,-2.6030534351145036,3.732824427480916,21.61235294117647
1762115074,3403.39129 N,08407.88718 W,315.4,08,1.02,0.150,1.85,1.02,-3.5314474487304683,3.5098996337890624,-9.715670336914062,-53.55725190839695,1.1297709923664123,78.1526717557252,21.28294117647059
1762115075,3403.39129 N,08407.88718 W,315.4,08,1.02,0.150,1.85,1.02,-3.1292215698242187,3.9839515624999997,-10.251971508789062,10.290076335877863,-19.549618320610687,-1.7709923664122138,21.141764705882352
1762115076,3403.39129 N,08407.88718 W,315.4,08,1.02,0.150,1.85,1.02,-0.6967126831054687,3.3686417358398435,-7.694964135742187,-23.068702290076335,36.30534351145038,-9.16793893129771,21.04764705882353
1762115077,3403.39130 N,08407.88720 W,315.4,09,0.95,0.150,1.85,1.02,-1.9800047729492187,2.3487118286132813,-7.5537062377929685,-28.076335877862597,15.755725190839694,16.64885496183206,21.09470588235294
1762115078,3403.39130 N,08407.88720 W,315.4,09,0.95,0.150,1.78,0.95,-2.6408044311523438,3.4715924072265625,-9.871293444824218,21.045801526717558,-14.702290076335878,-40.99236641221374,21.04764705882353
1762115079,3403.39130 N,08407.88720 W,315.4,09,0.95,0.150,1.78,0.95,0.5817910034179687,4.671087438964843,-9.859322436523437,-0.5877862595419847,-6.022900763358779,14.17557251908397,20.859411764705882
1762115080,3403.39130 N,08407.88720 W,315.4,09,0.95,0.150,1.78,0.95,-1.0438719238281249,4.386177441406249,-7.077260107421875,12.122137404580153,-0.648854961832061,8.954198473282442,20.953529411764706
1762115081,3403.39130 N,08407.88720 W,315.4,09,0.95,0.150,1.78,0.95,-2.7581203125,3.337517114257812,-7.7763669921875,27.35114503816794,-23.03053435114504,-12.068702290076336,21.000588235294117
1762115082,3403.39130 N,08407.88720 W,315.4,09,0.95,0.150,1.78,0.95,-4.036623999023437,3.0909143432617188,-9.931148486328125,-14.816793893129772,14.526717557251908,20.229007633587788,21.000588235294117
1762115083,3403.39130 N,08407.88720 W,315.4,09,0.95,0.021,1.78,0.95,3.3782185424804685,1.4221557861328125,-6.758831286621094,-34.961832061068705,31.68702290076336,-3.4732824427480917,21.000588235294117
1762115084,3403.39130 N,08407.88720 W,315.4,09,0.95,0.021,1.78,0.95,-0.4165910888671875,1.8914193115234375,-6.564900952148437,-14.801526717557252,-6.122137404580153,-5.190839694656488,21.000588235294117
1762115085,3403.39127 N,08407.88720 W,315.2,09,0.95,0.021,1.78,0.95,0.5410895751953124,2.8107927490234372,-9.41639512939453,12.50381679389313,-51.847328244274806,-46.99236641221374,21.141764705882352
1762115086,3403.39127 N,08407.88720 W,315.2,09,0.95,0.021,1.78,0.95,-2.9568390502929685,4.185064501953125,-10.850521923828124,-72.06106870229007,28.290076335877863,97.1145038167939,20.906470588235294
1762115087,3403.39127 N,08407.88720 W,315.2,09,0.95,0.021,1.78,0.95,-1.66636435546875,4.594472985839843,-8.892064965820312,-11.396946564885496,10.534351145038167,27.931297709923665,20.81235294117647
1762115088,3403.39127 N,08407.88720 W,315.2,09,0.95,0.021,1.78,0.95,0.19871873779296872,3.39018955078125,-5.236119030761718,-60.54961832061068,49.603053435114504,68.83206106870229,20.906470588235294
1762115089,3403.39127 N,08407.88720 W,315.2,09,0.95,0.021,1.78,0.95,-3.447650390625,4.4819455078125,-9.911994873046874,29.954198473282442,-4.061068702290076,-40.725190839694655,20.859411764705882
1762115090,3403.39127 N,08407.88720 W,315.2,09,0.95,0.021,1.78,0.95,-0.32561142578124996,4.005499377441406,-10.16338604736328,32.23664122137404,-21.6793893129771,-44.83969465648855,20.76529411764706
1762115092,3403.39127 N,08407.88720 W,315.2,09,0.95,0.015,1.78,0.95,-0.3711012573242187,3.9600095458984375,-6.423643054199219,-34.19083969465649,0.2900763358778626,13.679389312977099,20.81235294117647
1762115093,3403.39127 N,08407.88720 W,315.2,09,0.95,0.015,1.78,0.95,-3.39018955078125,4.493916516113281,-10.08677159423828,18.717557251908396,0.35877862595419846,-19.801526717557252,20.76529411764706
1762115094,3403.39125 N,08407.88719 W,315.1,09,0.95,0.015,1.78,0.95,-1.5370774658203123,5.336675500488281,-10.228029492187499,4.0534351145038165,6.625954198473282,-5.786259541984733,20.718235294117648
1762115095,3403.39125 N,08407.88719 W,315.1,09,0.95,0.015,1.78,0.95,-0.13646949462890623,4.405331054687499,-5.729324572753906,8.961832061068701,-5.145038167938932,3.5114503816793894,20.718235294117648
1762115096,3403.39125 N,08407.88719 W,315.1,09,0.95,0.015,1.78,0.95,-2.8107927490234372,4.4005426513671875,-8.961496813964843,26.17557251908397,-18.83206106870229,1.9770992366412214,19.96529411764706
1762115097,3403.39125 N,08407.88719 W,315.1,09,0.95,0.015,1.78,0.95,-1.7669208251953124,4.556165759277343,-10.077194787597655,-0.9389312977099237,-10.01526717557252,-1.8396946564885497,19.96529411764706
1762115098,3403.39125 N,08407.88719 W,315.1,09,0.95,0.015,1.78,0.95,0.3591302490234375,4.3430818115234375,-6.7037646484375,-37.091603053435115,-16.66412213740458,13.610687022900763,20.671176470588236
1762115099,3403.39125 N,08407.88719 W,315.1,09,0.95,0.015,1.78,0.95,-1.908178723144531,3.4428619873046875,-10.249577307128906,1.5954198473282444,-19.885496183206108,-10.778625954198473,20.718235294117648
1762115100,3403.39125 N,08407.88719 W,315.1,09,0.95,0.011,1.78,0.95,-1.9704279663085937,5.652710119628906,-10.675745202636719,13.396946564885496,-19.404580152671755,-22.221374045801525,20.671176470588236
1762115101,3403.39125 N,08407.88719 W,315.1,09,0.95,0.011,1.78,0.95,0.4644751220703125,3.1172505615234374,-6.1626750732421876,10.702290076335878,-13.0,-18.87786259541985,20.671176470588236
1762115102,3403.39123 N,08407.88720 W,315.0,09,0.95,0.011,1.78,0.95,-1.5059528442382812,4.977545251464844,-7.694964135742187,-31.946564885496183,-21.442748091603054,66.87022900763358,21.377058823529413
1762115103,3403.39123 N,08407.88720 W,315.0,09,0.95,0.011,1.78,0.95,-2.4133552734375,3.902548706054687,-9.746794958496093,-33.534351145038165,22.564885496183205,17.12213740458015,20.718235294117648
1762115104,3403.39123 N,08407.88720 W,315.0,09,0.95,0.011,1.78,0.95,-0.8810662109374999,3.641580725097656,-7.678204724121093,-7.625954198473282,16.045801526717558,-2.145038167938931,20.671176470588236
1762115105,3403.39123 N,08407.88720 W,315.0,09,0.95,0.011,1.78,0.95,-2.231395947265625,3.0406361083984375,-7.802703210449218,-4.625954198473282,5.320610687022901,-25.900763358778626,20.718235294117648
1762115106,3403.39123 N,08407.88720 W,315.0,09,0.95,0.011,1.78,0.95,-3.7038299682617186,5.185840795898438,-10.417171423339843,71.50381679389314,-15.297709923664122,-83.89312977099236,20.671176470588236
1762115107,3403.39123 N,08407.88720 W,315.0,09,0.95,0.011,1.78,0.95,-2.6958710693359373,4.618415002441406,-10.73799444580078,23.099236641221374,-8.419847328244275,-13.450381679389313,20.671176470588236
1762115108,3403.39123 N,08407.88720 W,315.0,09,0.95,0.062,1.78,0.95,-0.45489831542968745,2.9927520751953125,-7.094019519042968,-4.8396946564885495,2.9236641221374047,16.435114503816795,20.577058823529413
1762115109,3403.39123 N,08407.88720 W,315.0,09,0.95,0.062,1.78,0.95,-5.030217687988281,3.687070556640625,-8.111555224609374,23.885496183206108,-7.404580152671755,-18.35114503816794,20.671176470588236
1762115110,3403.39120 N,08407.88722 W,314.9,09,0.95,0.062,1.78,0.95,-2.7653029174804686,3.5793314819335937,-10.151415039062499,15.358778625954198,3.053435114503817,-14.450381679389313,20.671176470588236
1762115111,3403.39120 N,08407.88722 W,314.9,09,0.95,0.062,1.78,0.95,-1.1540052001953125,2.518700146484375,-6.1818286865234375,31.99236641221374,-7.244274809160306,-42.25190839694657,20.53
1762115112,3403.39120 N,08407.88722 W,314.9,09,0.95,0.062,1.78,0.95,-1.5538368774414062,2.868253588867187,-9.193734375,5.221374045801527,-17.51145038167939,-30.053435114503817,20.577058823529413
1762115113,3403.39120 N,08407.88722 W,314.9,09,0.95,0.062,1.78,0.95,-2.6623522460937497,3.6846763549804686,-10.520122094726561,18.68702290076336,-48.48091603053435,-20.641221374045802,20.48294117647059
1762115114,3403.39120 N,08407.88722 W,314.9,09,0.95,0.062,1.78,0.95,-0.9911994873046874,3.6152445068359373,-6.421248852539062,6.0534351145038165,-16.938931297709924,18.9618320610687,20.53
1762115115,3403.39120 N,08407.88722 W,314.9,09,0.95,0.062,1.78,0.95,-2.262520568847656,4.522646936035156,-8.195352282714843,-20.81679389312977,-15.419847328244275,13.709923664122137,20.48294117647059
1762115116,3403.39120 N,08407.88722 W,314.9,09,0.95,0.026,1.78,0.95,-1.4772224243164063,4.572925170898437,-9.4618849609375,-0.1297709923664122,6.809160305343512,-10.793893129770993,20.53
1762115117,3403.39120 N,08407.88722 W,314.9,09,0.95,0.026,1.78,0.95,-0.7781155395507812,2.741360900878906,-7.0269818725585935,-39.229007633587784,7.824427480916031,8.297709923664122,20.53
1762115118,3403.39118 N,08407.88724 W,314.8,09,0.95,0.026,1.78,0.95,-2.4109610717773435,2.5426421630859375,-9.229647399902344,70.95419847328245,13.755725190839694,-42.786259541984734,20.53
1762115119,3403.39118 N,08407.88724 W,314.8,09,0.95,0.026,1.78,0.95,-1.4341267944335936,4.57771357421875,-9.07163009033203,-8.251908396946565,2.427480916030534,16.068702290076335,20.435882352941178
1762115120,3403.39118 N,08407.88724 W,314.8,09,0.95,0.026,1.78,0.95,0.2059013427734375,3.833116857910156,-6.8569935546875,-13.435114503816793,6.221374045801527,26.85496183206107,20.48294117647059
1762115121,3403.39118 N,08407.88724 W,314.8,09,0.95,0.026,1.78,0.95,-3.9624037475585934,4.508281726074219,-8.67658681640625,13.022900763358779,1.2442748091603053,8.305343511450381,20.48294117647059
1762115122,3403.39118 N,08407.88724 W,314.8,09,0.95,0.026,1.78,0.95,-2.9759926635742184,3.584119885253906,-10.216058483886718,21.9618320610687,4.801526717557252,-35.70992366412214,20.435882352941178
1762115123,3403.39118 N,08407.88724 W,314.8,09,0.95,0.026,1.78,0.95,0.4070142822265625,3.8091748413085935,-6.900089184570312,17.740458015267176,-7.687022900763359,-73.05343511450381,20.48294117647059
1762115124,3403.39118 N,08407.88724 W,314.8,09,0.95,0.058,1.78,0.95,-0.9337386474609375,2.499546533203125,-8.47786807861328,-9.15267175572519,0.9847328244274809,24.03053435114504,20.53
1762115125,3403.39118 N,08407.88724 W,314.8,09,0.95,0.058,1.78,0.95,-1.7334020019531249,4.228160131835938,-9.437942944335937,-9.595419847328245,13.801526717557252,5.435114503816794,20.435882352941178
1762115126,3403.39118 N,08407.88726 W,314.8,09,0.95,0.058,1.78,0.95,0.3711012573242187,4.254496350097656,-7.323862878417969,36.45038167938932,-27.53435114503817,-23.610687022900763,20.435882352941178
1762115127,3403.39118 N,08407.88726 W,314.8,09,0.95,0.058,1.78,0.95,-1.924938134765625,2.2577321655273437,-7.283161450195312,-34.38167938931298,31.49618320610687,45.267175572519086,20.435882352941178
1762115128,3403.39118 N,08407.88726 W,314.8,09,0.95,0.058,1.78,0.95,-1.5538368774414062,5.240907434082031,-9.562441430664062,-31.458015267175572,16.69465648854962,35.83206106870229,20.435882352941178
1762115129,3403.39118 N,08407.88726 W,314.8,09,0.95,0.058,1.78,0.95,-1.1947066284179686,3.6272155151367187,-8.372523205566406,-11.145038167938932,-23.297709923664122,-22.82442748091603,20.341764705882355
1762115130,3403.39118 N,08407.88726 W,314.8,09,0.95,0.058,1.78,0.95,0.03591302490234375,3.277662072753906,-5.537788439941406,-11.404580152671755,8.786259541984732,-14.65648854961832,20.435882352941178
1762115131,3403.39118 N,08407.88726 W,314.8,09,0.95,0.058,1.78,0.95,-5.7508723876953125,1.3263877197265623,-8.884882360839843,-43.465648854961835,40.42748091603053,0.25190839694656486,20.341764705882355
1762115132,3403.39118 N,08407.88726 W,314.8,09,0.95,0.022,1.78,0.95,-3.124433166503906,3.5003228271484375,-10.754753857421875,-13.473282442748092,6.175572519083969,15.419847328244275,20.388823529411766
1762115133,3403.39118 N,08407.88726 W,314.8,09,0.95,0.022,1.78,0.95,-0.6751648681640625,4.115632653808594,-5.928043310546875,-45.87786259541985,17.557251908396946,58.18320610687023,20.388823529411766
1762115134,3403.39118 N,08407.88727 W,314.7,09,0.95,0.022,1.78,0.95,-4.752490295410156,3.6463691284179687,-8.137891442871092,-26.48854961832061,-14.86259541984733,30.793893129770993,20.341764705882355
1762115135,3403.39118 N,08407.88727 W,314.7,09,0.95,0.022,1.78,0.95,-4.414907861328125,3.299209887695312,-10.103531005859374,-17.580152671755727,-1.3053435114503817,22.81679389312977,20.341764705882355
1762115136,3403.39118 N,08407.88727 W,314.7,09,0.95,0.022,1.78,0.95,-2.6623522460937497,3.706224169921875,-9.222464794921875,-20.603053435114504,5.931297709923665,7.526717557251908,20.341764705882355
1762115137,3403.39118 N,08407.88727 W,314.7,09,0.95,0.022,1.78,0.95,-1.1563994018554686,1.924938134765625,-6.955155822753905,-29.65648854961832,8.374045801526718,21.85496183206107,20.294705882352943
1762115138,3403.39118 N,08407.88727 W,314.7,09,0.95,0.022,1.78,0.95,-0.37828386230468747,4.6639048339843745,-9.464279162597656,9.419847328244275,62.465648854961835,6.480916030534351,20.341764705882355
1762115139,3403.39118 N,08407.88727 W,314.7,09,0.95,0.022,1.78,0.95,-1.5682020874023437,3.622427111816406,-9.112331518554686,11.297709923664122,0.6870229007633588,-6.251908396946565,20.294705882352943
1762115140,3403.39118 N,08407.88727 W,314.7,09,0.95,0.003,1.78,0.95,-2.375048046875,2.3511060302734372,-5.303156677246093,14.870229007633588,18.885496183206108,-12.50381679389313,20.294705882352943
1762115141,3403.39118 N,08407.88727 W,314.7,09,0.95,0.003,1.78,0.95,-2.8467057739257813,3.9408559326171875,-7.0652890991210935,41.656488549618324,-32.93129770992366,-43.30534351145038,20.294705882352943
1762115142,3403.39118 N,08407.88727 W,314.7,09,0.95,0.003,1.78,0.95,-2.461239306640625,4.666299035644531,-9.830592016601562,-63.43511450381679,3.9083969465648853,54.343511450381676,20.24764705882353
1762115143,3403.39118 N,08407.88727 W,314.7,09,0.95,0.003,1.78,0.95,-0.6464344482421874,3.6296097167968746,-8.664615808105468,-18.81679389312977,10.687022900763358,20.893129770992367,20.294705882352943
1762115144,3403.39118 N,08407.88727 W,314.7,09,0.95,0.003,1.78,0.95,-1.13006318359375,2.2002713256835937,-8.858546142578124,32.412213740458014,-0.7862595419847328,-27.755725190839694,20.341764705882355
1762115145,3403.39118 N,08407.88727 W,314.7,09,0.95,0.003,1.78,0.95,-3.0071172851562498,2.5737667846679684,-11.520898388671874,20.015267175572518,-13.938931297709924,-26.206106870229007,20.24764705882353
1762115146,3403.39118 N,08407.88727 W,314.7,09,0.95,0.003,1.78,0.95,-1.0821791503906248,4.146757275390625,-4.5322237426757805,-13.068702290076336,-10.801526717557252,39.2442748091603,20.294705882352943
1762115147,3403.39118 N,08407.88727 W,314.7,09,0.95,0.003,1.78,0.95,-2.4396914916992185,3.5793314819335937,-9.03332286376953,-32.62595419847328,14.564885496183207,50.79389312977099,20.24764705882353
1762115148,3403.39118 N,08407.88727 W,314.7,09,0.95,0.017,1.78,0.95,-3.1579519897460937,4.3239281982421875,-10.254365710449218,15.86259541984733,-22.870229007633586,-13.648854961832061,20.294705882352943
1762115149,3403.39118 N,08407.88727 W,314.7,09,0.95,0.017,1.78,0.95,-0.6919242797851562,3.6535517333984373,-7.671022119140624,-12.954198473282442,2.3206106870229006,4.580152671755725,20.106470588235297
1762115150,3403.39117 N,08407.88725 W,314.7,09,0.95,0.017,1.78,0.95,-1.879448303222656,2.9927520751953125,-9.222464794921875,49.38931297709924,-4.33587786259542,-37.48091603053435,20.20058823529412
1762115151,3403.39117 N,08407.88725 W,314.7,09,0.95,0.017,1.78,0.95,-3.2561142578125,6.303932971191406,-9.244012609863281,-40.93129770992366,-14.206106870229007,24.099236641221374,20.20058823529412
1762115152,3403.39117 N,08407.88725 W,314.7,09,0.95,0.017,1.78,0.95,0.7613561279296874,5.011064074707031,-7.331045483398437,8.045801526717558,-27.15267175572519,-8.786259541984732,20.15352941176471
1762115153,3403.39117 N,08407.88725 W,314.7,09,0.95,0.017,1.78,0.95,-2.262520568847656,2.817975354003906,-6.737283471679687,-105.68702290076335,16.52671755725191,93.0381679389313,20.294705882352943
1762115154,3403.39117 N,08407.88725 W,314.7,09,0.95,0.017,1.78,0.95,-2.3822306518554686,4.170699291992188,-10.596736547851561,-1.366412213740458,24.282442748091604,-0.6030534351145038,20.341764705882355
1762115155,3403.39117 N,08407.88725 W,314.7,09,0.95,0.017,1.78,0.95,-0.0526724365234375,3.517082238769531,-7.711723547363281,10.595419847328245,-12.061068702290076,-22.236641221374047,20.341764705882355
1762115156,3403.39117 N,08407.88725 W,314.7,09,0.95,0.011,1.78,0.95,-2.0781670410156248,2.2290017456054687,-8.884882360839843,23.251908396946565,16.84732824427481,-69.12213740458016,20.15352941176471
1762115157,3403.39117 N,08407.88725 W,314.7,09,0.95,0.011,1.78,0.95,-1.5059528442382812,3.801992236328125,-10.94868419189453,3.7480916030534353,-23.81679389312977,-45.282442748091604,20.20058823529412
1762115158,3403.39116 N,08407.88721 W,314.8,09,0.95,0.011,1.78,0.95,-1.189918225097656,3.9983167724609374,-8.099584216308592,23.984732824427482,-46.7557251908397,70.46564885496183,20.15352941176471
1762115159,3403.39116 N,08407.88721 W,314.8,09,0.95,0.011,1.78,0.95,-3.660734338378906,1.8052280517578123,-10.122684619140625,-12.358778625954198,13.900763358778626,56.969465648854964,20.24764705882353
1762115160,3403.39116 N,08407.88721 W,314.8,09,0.95,0.011,1.78,0.95,-2.5761609863281247,1.3431471313476562,-10.230423693847655,40.68702290076336,30.52671755725191,-49.3587786259542,20.24764705882353
1762115161,3403.39116 N,08407.88721 W,314.8,09,0.95,0.011,1.78,0.95,-2.2194249389648437,2.920926025390625,-7.560888842773437,-59.97709923664122,18.076335877862597,1.7251908396946565,20.24764705882353
1762115162,3403.39116 N,08407.88721 W,314.8,09,0.95,0.011,1.78,0.95,-3.265691064453125,-2.9927520751953125,-12.7563064453125,-41.083969465648856,76.94656488549619,-215.93893129770993,20.106470588235297
1762115163,3403.39116 N,08407.88721 W,314.8,09,0.95,0.011,1.78,0.95,-0.36152445068359373,3.6296097167968746,-6.253654736328125,18.931297709923665,7.656488549618321,-4.770992366412214,20.106470588235297
1762115164,3403.39116 N,08407.88721 W,314.8,09,0.95,0.115,1.78,0.95,-2.664746447753906,2.310404602050781,-7.606378674316406,27.984732824427482,-22.328244274809162,128.5801526717557,20.20058823529412
1762115165,3403.39116 N,08407.88721 W,314.8,09,0.95,0.115,1.78,0.95,-6.268019946289062,0.32561142578124996,-9.8449572265625,23.748091603053435,-5.603053435114504,25.27480916030534,20.15352941176471
1762115166,3403.39117 N,08407.88718 W,314.8,09,0.95,0.115,1.78,0.95,0.086191259765625,3.189076611328125,-7.503428002929687,-106.93893129770993,90.9618320610687,29.450381679389313,20.20058823529412
1762115167,3403.39117 N,08407.88718 W,314.8,09,0.95,0.115,1.78,0.95,-0.9840168823242187,2.9376854370117185,-8.611943371582031,-17.610687022900763,18.31297709923664,-88.56488549618321,20.20058823529412
1762115168,3403.39117 N,08407.88718 W,314.8,09,0.95,0.115,1.78,0.95,-2.6623522460937497,0.6679822631835937,-13.40034669189453,-63.63358778625954,40.74045801526717,-200.51908396946564,20.106470588235297
1762115169,3403.39117 N,08407.88718 W,314.8,09,0.95,0.115,1.78,0.95,-2.1356278808593747,2.6408044311523438,-10.579977136230468,-56.44274809160305,38.61832061068702,-109.66412213740458,20.106470588235297
1762115170,3403.39117 N,08407.88718 W,314.8,09,0.95,0.115,1.78,0.95,-3.2704794677734372,2.2290017456054687,-6.327874987792969,21.358778625954198,-10.038167938931299,82.80152671755725,20.106470588235297
1762115171,3403.39117 N,08407.88718 W,314.8,09,0.95,0.115,1.78,0.95,-6.057330200195312,3.6056677001953124,-9.028534460449219,-3.3587786259541983,-15.381679389312977,49.83206106870229,20.106470588235297
1762115172,3403.39117 N,08407.88718 W,314.8,09,0.95,0.095,1.78,0.95,-0.8978256225585937,3.2225954345703123,-8.501810095214843,-7.786259541984733,0.37404580152671757,-45.0763358778626,20.15352941176471
1762115173,3403.39117 N,08407.88718 W,314.8,09,0.95,0.095,1.78,0.95,-3.859453076171875,-0.4860229370117187,-8.358157995605469,70.93129770992367,-66.38167938931298,-25.862595419847327,20.059411764705885
1762115174,3403.39129 N,08407.88719 W,315.0,09,0.95,0.095,1.78,0.95,-2.9281086303710935,3.5482068603515624,-10.129867224121092,63.51145038167939,-34.343511450381676,-49.76335877862596,20.059411764705885
1762115175,3403.39129 N,08407.88719 W,315.0,09,0.95,0.095,1.78,0.95,-2.231395947265625,1.838746875,-6.406883642578125,-96.14503816793894,57.44274809160305,64.38167938931298,20.15352941176471
1762115176,3403.39129 N,08407.88719 W,315.0,09,0.95,0.095,1.78,0.95,-2.422932080078125,2.9831752685546875,-9.306261853027344,-18.206106870229007,-9.450381679389313,9.221374045801527,20.15352941176471
1762115177,3403.39129 N,08407.88719 W,315.0,09,0.95,0.095,1.78,0.95,-0.6679822631835937,2.722207287597656,-7.134720947265625,-5.580152671755725,-5.816793893129771,-42.31297709923664,20.15352941176471
1762115178,3403.39129 N,08407.88719 W,315.0,09,0.95,0.095,1.78,0.95,-3.1579519897460937,-0.5865794067382812,-13.634978454589843,0.48091603053435117,-14.511450381679388,-54.63358778625954,20.059411764705885
1762115179,3403.39129 N,08407.88719 W,315.0,09,0.95,0.095,1.78,0.95,-4.357447021484375,-0.36631285400390623,-11.832144604492187,-48.79389312977099,27.366412213740457,-52.778625954198475,20.20058823529412
1762115180,3403.39129 N,08407.88719 W,315.0,09,0.95,1.992,1.78,0.95,-2.6815058593749996,1.7812860351562498,-11.602301245117188,31.9618320610687,-9.061068702290076,-26.977099236641223,20.059411764705885
1762115181,3403.39129 N,08407.88719 W,315.0,09,0.95,1.992,1.78,0.95,0.25139117431640623,1.024718310546875,-9.0788126953125,20.82442748091603,8.419847328244275,24.244274809160306,20.01235294117647
1762115182,3403.39144 N,08407.88752 W,314.9,09,0.95,1.992,1.78,0.95,-3.0119056884765625,2.9759926635742184,-6.957550024414062,43.33587786259542,52.58015267175573,-29.083969465648856,20.059411764705885
1762115183,3403.39144 N,08407.88752 W,314.9,09,0.95,1.992,1.78,0.95,-4.426878869628906,4.2329485351562495,-9.720458740234374,-23.984732824427482,-18.603053435114504,40.091603053435115,20.106470588235297
1762115184,3403.39144 N,08407.88752 W,314.9,09,0.95,1.992,1.78,0.95,-1.838746875,3.5577836669921874,-7.824251025390624,-52.31297709923664,6.625954198473282,-55.12977099236641,20.059411764705885
1762115185,3403.39144 N,08407.88752 W,314.9,09,0.95,1.992,1.78,0.95,-2.138022082519531,0.6536170532226562,-7.841010437011718,-11.572519083969466,-50.656488549618324,59.229007633587784,20.106470588235297
1762115186,3403.39144 N,08407.88752 W,314.9,09,0.95,1.992,1.78,0.95,-3.6583401367187496,3.5194764404296874,-9.888052856445311,34.954198473282446,16.732824427480917,-2.5419847328244276,19.96529411764706
1762115187,3403.39144 N,08407.88752 W,314.9,09,0.95,1.992,1.78,0.95,-0.9361328491210937,1.8291700683593748,-8.710105639648438,-5.519083969465649,-23.923664122137403,-17.557251908396946,20.106470588235297
1762115188,3403.39144 N,08407.88752 W,314.9,09,0.95,4.857,1.78,0.95,0.105344873046875,0.9241618408203125,-9.708487731933593,31.595419847328245,-2.1603053435114505,-28.022900763358777,20.15352941176471
1762115190,3403.39144 N,08407.88752 W,314.9,09,0.95,4.857,1.78,0.95,-2.6599580444335937,3.265691064453125,-9.516951599121093,13.053435114503817,5.709923664122138,-1.748091603053435,20.059411764705885
1762115191,3403.39190 N,08407.88856 W,314.9,09,0.95,4.857,1.78,0.95,-0.25139117431640623,2.6240450195312497,-7.192181787109375,-14.435114503816793,4.190839694656488,19.213740458015266,20.106470588235297
1762115192,3403.39190 N,08407.88856 W,314.9,09,0.95,4.857,1.78,0.95,-0.5985504150390625,1.2521674682617188,-8.475473876953124,-12.076335877862595,19.519083969465647,-9.099236641221374,20.671176470588236
1762115193,3403.39190 N,08407.88856 W,314.9,09,0.95,4.857,1.78,0.95,-0.1149216796875,1.618480322265625,-9.253589416503905,-25.740458015267176,-20.99236641221374,2.8702290076335877,20.059411764705885
1762115194,3403.39190 N,08407.88856 W,314.9,09,0.95,4.857,1.78,0.95,-0.8499415893554687,3.3351229125976563,-7.350199096679687,2.7099236641221376,9.526717557251908,16.549618320610687,20.059411764705885
1762115195,3403.39190 N,08407.88856 W,314.9,09,0.95,4.857,1.78,0.95,-2.3295582153320313,2.9927520751953125,-8.252813122558594,55.32824427480916,2.1297709923664123,-3.1297709923664123,20.059411764705885
1762115196,3403.39190 N,08407.88856 W,314.9,09,0.95,4.857,1.78,0.95,-2.549824768066406,0.011971008300781249,-10.77630167236328,-25.49618320610687,-7.221374045801527,-9.877862595419847,20.059411764705885
1762115197,3403.39190 N,08407.88856 W,314.9,09,0.95,7.905,1.78,0.95,-0.02154781494140625,5.449202978515625,-7.247248425292969,-7.603053435114504,-6.061068702290076,-8.366412213740459,20.059411764705885
1762115198,3403.39190 N,08407.88856 W,314.9,09,0.95,7.905,1.78,0.95,-3.9719805541992184,0.679953271484375,-9.555258825683593,-41.51145038167939,17.80916030534351,63.70992366412214,20.059411764705885
1762115199,3403.39285 N,08407.89048 W,314.9,09,0.95,7.905,1.78,0.95,-0.8882488159179687,4.527435339355469,-10.09395419921875,10.549618320610687,16.137404580152673,28.236641221374047,20.106470588235297
1762115200,3403.39285 N,08407.89048 W,314.9,09,0.95,7.905,1.78,0.95,-0.3136404174804687,4.774038110351563,-6.636727001953124,18.099236641221374,7.6106870229007635,-41.32824427480916,20.15352941176471
1762115201,3403.39285 N,08407.89048 W,314.9,09,0.95,7.905,1.78,0.95,-2.8802245971679685,2.212242333984375,-7.5345526245117185,30.66412213740458,-3.5572519083969465,21.61832061068702,20.01235294117647
1762115202,3403.39285 N,08407.89048 W,314.9,09,0.95,7.905,1.78,0.95,-1.4532804077148436,3.1459809814453124,-9.325415466308593,-17.16030534351145,5.816793893129771,64.92366412213741,19.96529411764706
1762115203,3403.39285 N,08407.89048 W,314.9,09,0.95,7.905,1.78,0.95,-1.4939818359375,3.6463691284179687,-10.424354028320312,-3.66412213740458,-11.076335877862595,-22.114503816793892,20.20058823529412
1762115204,3403.39285 N,08407.89048 W,314.9,09,0.95,7.905,1.78,0.95,-1.1923124267578125,0.0430956298828125,-7.417236743164062,10.061068702290076,-10.0,-41.404580152671755,20.106470588235297
1762115205,3403.39285 N,08407.89048 W,314.9,09,0.95,9.958,1.78,0.95,1.1947066284179686,2.729389892578125,-11.59990704345703,55.083969465648856,-15.885496183206106,-86.45038167938931,20.15352941176471
1762115206,3403.39285 N,08407.89048 W,314.9,09,0.95,9.958,1.78,0.95,-2.403778466796875,5.729324572753906,-7.967903124999999,57.48854961832061,-14.916030534351146,-95.51908396946565,20.059411764705885
1762115207,3403.39396 N,08407.89317 W,315.0,09,0.95,9.958,1.78,0.95,-1.7884686401367187,3.746925598144531,-6.5505357421875,12.076335877862595,17.65648854961832,9.32824427480916,20.01235294117647
1762115208,3403.39396 N,08407.89317 W,315.0,09,0.95,9.958,1.78,0.95,-3.6846763549804686,3.2225954345703123,-11.1474029296875,137.32824427480915,-8.274809160305344,-35.81679389312977,20.059411764705885
1762115209,3403.39396 N,08407.89317 W,315.0,09,0.95,9.958,1.78,0.95,-1.915361328125,4.110844250488281,-11.046846459960937,36.44274809160305,49.23664122137404,-37.221374045801525,20.059411764705885
1762115210,3403.39396 N,08407.89317 W,315.0,09,0.95,9.958,1.78,0.95,-4.8123453369140625,-1.8052280517578123,-8.942343200683593,-27.213740458015266,-18.00763358778626,2.6030534351145036,20.059411764705885
1762115211,3403.39396 N,08407.89317 W,315.0,09,0.95,9.958,1.78,0.95,-2.987963671875,3.7421371948242186,-10.302249743652343,154.4885496183206,-38.19083969465649,-72.92366412213741,20.106470588235297
1762115212,3403.39396 N,08407.89317 W,315.0,09,0.95,9.958,1.78,0.95,0.19393033447265623,4.50109912109375,-8.195352282714843,-13.145038167938932,-0.48854961832061067,3.1297709923664123,20.059411764705885
1762115213,3403.39396 N,08407.89317 W,315.0,09,0.95,11.250,1.78,0.95,-1.4820108276367188,3.5984850952148437,-5.884947680664062,-32.6412213740458,12.786259541984732,61.847328244274806,20.01235294117647
1762115214,3403.39396 N,08407.89317 W,315.0,09,0.95,11.250,1.78,0.95,-5.145139367675781,4.259284753417968,-10.479420666503906,72.51908396946565,5.480916030534351,-60.81679389312977,20.059411764705885
1762115215,3403.39495 N,08407.89654 W,315.0,09,0.95,11.250,1.78,0.95,-0.23702596435546874,3.6439749267578123,-8.43956085205078,3.732824427480916,-16.053435114503817,0.3435114503816794,20.106470588235297
1762115216,3403.39495 N,08407.89654 W,315.0,09,0.95,11.250,1.78,0.95,-1.4604630126953124,2.9975404785156248,-8.695740429687499,-35.18320610687023,22.84732824427481,18.793893129770993,20.059411764705885
1762115217,3403.39495 N,08407.89654 W,315.0,09,0.95,11.250,1.78,0.95,0.47165772705078124,5.76523759765625,-9.026140258789061,-7.221374045801527,1.0610687022900764,17.83969465648855,20.059411764705885
1762115218,3403.39495 N,08407.89654 W,315.0,09,0.95,11.250,1.78,0.95,-0.6703764648437499,2.5234885498046875,-4.347870214843749,-24.14503816793893,25.66412213740458,22.870229007633586,20.106470588235297
1762115219,3403.39495 N,08407.89654 W,315.0,09,0.95,11.250,1.78,0.95,-3.105279553222656,5.805939025878906,-10.117896215820313,68.66412213740458,-57.412213740458014,-42.786259541984734,19.96529411764706
1762115220,3403.39495 N,08407.89654 W,315.0,09,0.95,11.250,1.78,0.95,-0.2920926025390625,5.655104321289063,-9.536105212402344,-28.16030534351145,3.053435114503817,29.916030534351144,20.01235294117647
1762115221,3403.39495 N,08407.89654 W,315.0,09,0.95,11.651,1.78,0.95,-0.6775590698242188,3.265691064453125,-6.342240197753906,-19.30534351145038,-10.17557251908397,3.7786259541984735,19.96529411764706
1762115222,3403.39495 N,08407.89654 W,315.0,09,0.95,11.651,1.78,0.95,-2.978386865234375,3.6008792968749996,-11.288660827636718,33.18320610687023,4.717557251908397,-31.404580152671755,20.01235294117647
1762115223,3403.39521 N,08407.90030 W,315.2,09,0.95,11.651,1.78,0.95,-2.8323405639648436,5.473144995117187,-12.84489190673828,41.49618320610687,0.5725190839694656,-38.2442748091603,20.01235294117647
1762115224,3403.39521 N,08407.90030 W,315.2,09,0.95,11.651,1.78,0.95,-1.6472107421875,5.779602807617187,-9.399635717773437,-1.366412213740458,-24.954198473282442,42.458015267175576,20.671176470588236
1762115225,3403.39521 N,08407.90030 W,315.2,09,0.95,11.651,1.78,0.95,-2.990357873535156,2.2936451904296873,-8.40843623046875,-130.00763358778627,17.15267175572519,34.82442748091603,20.059411764705885
1762115226,3403.39521 N,08407.90030 W,315.2,09,0.95,11.651,1.78,0.95,-2.7461493041992187,3.584119885253906,-11.420341918945311,-64.69465648854961,78.44274809160305,-65.29770992366412,20.059411764705885
1762115227,3403.39521 N,08407.90030 W,315.2,09,0.95,11.651,1.78,0.95,0.15083470458984374,1.7956512451171873,-8.085219006347655,32.6412213740458,93.68702290076335,-65.29770992366412,20.671176470588236
1762115228,3403.39521 N,08407.90030 W,315.2,09,0.95,11.651,1.78,0.95,-4.101267443847656,4.046200805664062,-7.37414111328125,-57.93893129770992,-71.67175572519083,104.3969465648855,20.01235294117647
1762115229,3403.39521 N,08407.90030 W,315.2,09,0.95,12.649,1.78,0.95,-3.995922570800781,5.616797094726562,-9.275137231445312,-9.17557251908397,12.381679389312977,21.022900763358777,20.671176470588236
1762115230,3403.39521 N,08407.90030 W,315.2,09,0.95,12.649,1.78,0.95,-2.961627453613281,5.358223315429687,-7.8721350585937495,-9.374045801526718,45.343511450381676,27.603053435114504,19.96529411764706
1762115231,3403.39466 N,08407.90427 W,315.1,09,0.95,12.649,1.78,0.95,-5.1523219726562495,3.6535517333984373,-8.724470849609375,33.412213740458014,11.83206106870229,-4.66412213740458,19.212352941176473
1762115232,3403.39466 N,08407.90427 W,315.1,09,0.95,12.649,1.78,0.95,-2.4947581298828125,3.81156904296875,-9.217676391601563,22.106870229007633,-6.396946564885496,-33.76335877862596,20.059411764705885
1762115233,3403.39466 N,08407.90427 W,315.1,09,0.95,12.649,1.78,0.95,0.03591302490234375,3.2417490478515623,-5.5545478515625,-15.320610687022901,7.4961832061068705,-12.969465648854962,19.96529411764706
1762115234,3403.39466 N,08407.90427 W,315.1,09,0.95,12.649,1.78,0.95,-2.9568390502929685,1.5011644409179687,-10.867281335449219,23.564885496183205,-46.06106870229008,-61.11450381679389,19.918235294117647
1762115235,3403.39466 N,08407.90427 W,315.1,09,0.95,12.649,1.78,0.95,-1.5969325073242187,4.192247106933594,-10.493785876464843,6.778625954198473,5.450381679389313,-3.786259541984733,20.01235294117647
1762115236,3403.39466 N,08407.90427 W,315.1,09,0.95,12.649,1.78,0.95,-1.5131354492187499,3.555389465332031,-7.8553756469726554,36.70229007633588,-14.48091603053435,-11.641221374045802,19.96529411764706
1762115237,3403.39466 N,08407.90427 W,315.1,09,0.95,14.393,1.78,0.95,-1.6927005737304686,3.9791631591796874,-8.250418920898436,-30.709923664122137,-28.297709923664122,14.19083969465649,20.106470588235297
1762115238,3403.39466 N,08407.90427 W,315.1,09,0.95,14.393,1.78,0.95,-1.9105729248046874,3.6679169433593746,-9.651026892089844,8.366412213740459,-5.091603053435114,-13.412213740458014,19.212352941176473
1762115239,3403.39283 N,08407.90829 W,314.9,10,0.95,14.393,1.78,0.95,0.9409212524414062,2.592920397949219,-7.690175732421874,4.106870229007634,-0.6564885496183206,-12.0,19.918235294117647
1762115240,3403.39283 N,08407.90829 W,314.9,10,0.95,14.393,1.78,0.95,-0.38307226562499996,2.664746447753906,-9.813832604980469,-92.3587786259542,15.564885496183207,16.328244274809162,19.918235294117647
1762115241,3403.39283 N,08407.90829 W,314.9,10,0.95,14.393,1.78,0.95,-1.6903063720703124,3.3207577026367185,-10.62307276611328,26.519083969465647,-6.923664122137405,-2.2061068702290076,19.96529411764706
1762115242,3403.39283 N,08407.90829 W,314.9,10,0.95,14.393,1.78,0.95,-0.7038952880859375,3.5122938354492184,-6.8210805297851556,-24.480916030534353,-10.32824427480916,34.541984732824424,19.918235294117647
1762115243,3403.39283 N,08407.90829 W,314.9,10,0.95,14.393,1.78,0.95,-2.3870190551757813,2.636016027832031,-8.975862023925782,-15.206106870229007,-15.427480916030534,55.19847328244275,20.671176470588236
1762115244,3403.39283 N,08407.90829 W,314.9,10,0.95,14.393,1.78,0.95,-2.786850732421875,3.708618371582031,-9.79946739501953,-29.045801526717558,22.977099236641223,25.068702290076335,19.212352941176473
1762115245,3403.39283 N,08407.90829 W,314.9,10,0.95,16.072,1.78,0.95,0.13646949462890623,2.9927520751953125,-7.364564306640625,6.572519083969466,-2.6946564885496183,-34.11450381679389,20.01235294117647
1762115246,3403.39283 N,08407.90829 W,314.9,10,0.95,16.072,1.78,0.95,-3.201047619628906,-3.1555577880859373,-9.797073193359374,-4.969465648854962,7.106870229007634,-13.648854961832061,19.96529411764706
1762115247,3403.38986 N,08407.91195 W,314.7,10,0.95,16.072,1.78,0.95,-2.5378537597656248,2.3487118286132813,-10.9941740234375,8.312977099236642,5.633587786259542,-64.80152671755725,19.96529411764706
1762115248,3403.38986 N,08407.91195 W,314.7,10,0.95,16.072,1.78,0.95,-0.38307226562499996,4.084508032226562,-7.958326318359375,45.64885496183206,-5.419847328244275,-28.290076335877863,20.01235294117647
1762115249,3403.38986 N,08407.91195 W,314.7,10,0.95,16.072,1.78,0.95,-3.057395520019531,3.5793314819335937,-8.901641772460938,101.06106870229007,-34.76335877862596,-67.35114503816794,19.259411764705884
1762115250,3403.38986 N,08407.91195 W,314.7,10,0.95,16.072,1.78,0.95,-4.015076184082031,3.768473413085937,-10.230423693847655,-14.030534351145038,26.984732824427482,24.47328244274809,19.96529411764706
1762115251,3403.38986 N,08407.91195 W,314.7,10,0.95,16.072,1.78,0.95,2.4756045166015626,5.614402893066406,-9.76116016845703,20.46564885496183,-23.541984732824428,-42.282442748091604,20.059411764705885
1762115252,3403.38986 N,08407.91195 W,314.7,10,0.95,16.072,1.78,0.95,-0.22026655273437498,4.182670300292968,-4.7572786987304685,-22.83969465648855,17.984732824427482,44.19083969465649,19.96529411764706
1762115253,3403.38986 N,08407.91195 W,314.7,10,0.95,18.024,1.78,0.95,-0.26815058593749996,3.124433166503906,-8.947131604003905,-32.70229007633588,-12.229007633587786,8.511450381679388,20.624117647058824
1762115254,3403.38986 N,08407.91195 W,314.7,10,0.95,18.024,1.78,0.95,-1.7549498168945312,4.874594580078124,-9.358934289550781,13.709923664122137,-35.61068702290076,-40.48854961832061,19.212352941176473
1762115255,3403.38575 N,08407.91514 W,315.0,10,0.95,18.024,1.78,0.95,-1.209071838378906,3.699041564941406,-7.036558679199218,21.198473282442748,-4.969465648854962,-35.49618320610687,20.01235294117647
1762115256,3403.38575 N,08407.91514 W,315.0,10,0.95,18.024,1.78,0.95,-2.4253262817382812,3.564966271972656,-10.500968481445312,43.74809160305343,-20.442748091603054,-19.419847328244273,20.01235294117647
1762115257,3403.38575 N,08407.91514 W,315.0,10,0.95,18.024,1.78,0.95,-0.040701428222656245,4.893748193359374,-10.096348400878906,-65.97709923664122,-15.923664122137405,14.091603053435115,20.671176470588236
1762115258,3403.38575 N,08407.91514 W,315.0,10,0.95,18.024,1.78,0.95,-0.2753331909179687,3.5290532470703124,-6.382941625976562,9.763358778625955,-7.206106870229007,-30.480916030534353,20.624117647058824
1762115259,3403.38575 N,08407.91514 W,315.0,10,0.95,18.024,1.78,0.95,-3.7038299682617186,0.7709329345703124,-9.117119921875,-60.16030534351145,6.320610687022901,100.6793893129771,20.577058823529413
1762115260,3403.38575 N,08407.91514 W,315.0,10,0.95,18.024,1.78,0.95,-0.201112939453125,3.418919970703125,-11.3006318359375,19.03053435114504,-16.66412213740458,-21.33587786259542,20.01235294117647
1762115261,3403.38575 N,08407.91514 W,315.0,10,0.95,19.907,1.78,0.95,-0.8379705810546875,3.6391865234374996,-6.847416748046874,-30.282442748091604,0.6870229007633588,31.786259541984734,19.212352941176473
1762115262,3403.38575 N,08407.91514 W,315.0,10,0.95,19.907,1.78,0.95,-2.480392919921875,3.1842882080078123,-7.455543969726562,28.458015267175572,-12.030534351145038,10.770992366412214,20.671176470588236
1762115263,3403.38101 N,08407.91828 W,315.1,10,0.95,19.907,1.78,0.95,-3.134009973144531,2.89219560546875,-10.192116467285155,-33.2442748091603,-3.16793893129771,12.740458015267176,19.871176470588235
1762115264,3403.38101 N,08407.91828 W,315.1,10,0.95,19.907,1.78,0.95,-0.39743747558593745,2.767697119140625,-6.959944226074218,-9.916030534351146,2.66412213740458,-9.229007633587786,19.212352941176473
1762115265,3403.38101 N,08407.91828 W,315.1,10,0.95,19.907,1.78,0.95,-2.9089550170898435,1.1180921752929687,-8.051700183105469,-8.51908396946565,3.885496183206107,-9.297709923664122,19.306470588235296
1762115266,3403.38101 N,08407.91828 W,315.1,10,0.95,19.907,1.78,0.95,-3.1124621582031247,3.5817256835937497,-9.715670336914062,-48.61832061068702,-3.66412213740458,13.946564885496183,19.96529411764706
1762115267,3403.38101 N,08407.91828 W,315.1,10,0.95,19.907,1.78,0.95,0.8451531860351562,4.2329485351562495,-6.41646044921875,4.633587786259542,-20.015267175572518,11.664122137404581,19.96529411764706
1762115268,3403.38101 N,08407.91828 W,315.1,10,0.95,19.907,1.78,0.95,-3.289633081054687,3.1555577880859373,-8.176198669433592,-3.877862595419847,-28.221374045801525,39.76335877862596,20.01235294117647
1762115269,3403.38101 N,08407.91828 W,315.1,10,0.95,21.885,1.78,0.95,-2.0829554443359375,2.300827795410156,-9.536105212402344,8.82442748091603,-7.534351145038168,22.870229007633586,20.059411764705885
1762115270,3403.38101 N,08407.91828 W,315.1,10,0.95,21.885,1.78,0.95,-1.9871873779296874,2.0350714111328125,-7.45075556640625,-12.625954198473282,3.816793893129771,50.12977099236641,20.01235294117647
1762115271,3403.37564 N,08407.92140 W,315.2,10,0.95,21.885,1.78,0.95,-2.9496564453125,-0.23223756103515625,-11.281478222656249,-9.969465648854962,6.404580152671755,-8.488549618320612,20.059411764705885
1762115272,3403.37564 N,08407.92140 W,315.2,10,0.95,21.885,1.78,0.95,-2.863465185546875,1.7549498168945312,-8.243236315917969,-52.465648854961835,18.572519083969464,55.19847328244275,20.059411764705885
1762115273,3403.37564 N,08407.92140 W,315.2,10,0.95,21.885,1.78,0.95,-1.7190367919921874,2.3965958618164063,-9.787496386718749,16.16030534351145,-4.305343511450381,30.870229007633586,20.15352941176471
1762115274,3403.37564 N,08407.92140 W,315.2,10,0.95,21.885,1.78,0.95,-2.3965958618164063,1.656787548828125,-8.736441857910156,-5.366412213740458,-8.473282442748092,25.770992366412212,20.059411764705885
1762115275,3403.37564 N,08407.92140 W,315.2,10,0.95,21.885,1.78,0.95,-2.04943662109375,0.7757213378906249,-8.032546569824218,-8.068702290076336,28.458015267175572,-23.053435114503817,20.01235294117647
1762115276,3403.37564 N,08407.92140 W,315.2,10,0.95,21.885,1.78,0.95,-1.6160861206054686,0.9576806640625,-9.629479077148437,8.625954198473282,-7.900763358778626,2.068702290076336,20.15352941176471
1762115277,3403.37564 N,08407.92140 W,315.2,10,0.95,23.470,1.78,0.95,-2.655169641113281,2.612074011230469,-10.568006127929687,-9.458015267175572,1.7557251908396947,-22.786259541984734,20.106470588235297
1762115278,3403.37564 N,08407.92140 W,315.2,10,0.95,23.470,1.78,0.95,-3.488351818847656,-0.25139117431640623,-7.874529260253905,37.458015267175576,-8.732824427480915,-13.297709923664122,20.24764705882353
1762115279,3403.36977 N,08407.92461 W,315.1,10,0.95,23.470,1.78,0.95,-3.239354846191406,2.91134921875,-10.54645831298828,10.038167938931299,-2.8473282442748094,-22.580152671755727,20.20058823529412
1762115280,3403.36977 N,08407.92461 W,315.1,10,0.95,23.470,1.78,0.95,-2.104503259277344,3.5194764404296874,-9.291896643066405,-10.923664122137405,9.49618320610687,12.65648854961832,20.059411764705885
1762115281,3403.36977 N,08407.92461 W,315.1,10,0.95,23.470,1.78,0.95,-1.7094599853515624,1.4221557861328125,-6.356605407714843,-20.267175572519083,-2.595419847328244,1.0534351145038168,20.15352941176471
1762115282,3403.36977 N,08407.92461 W,315.1,10,0.95,23.470,1.78,0.95,-2.1691467041015624,0.7589619262695312,-11.058817468261719,1.1908396946564885,16.51145038167939,-16.83206106870229,20.20058823529412
1762115283,3403.36977 N,08407.92461 W,315.1,10,0.95,23.470,1.78,0.95,-1.6160861206054686,2.7844565307617186,-10.790666882324219,-14.15267175572519,1.900763358778626,-3.5419847328244276,20.24764705882353
1762115284,3403.36977 N,08407.92461 W,315.1,10,0.95,23.470,1.78,0.95,-1.5562310791015623,2.607285607910156,-9.358934289550781,21.045801526717558,-10.076335877862595,27.72519083969466,20.20058823529412
1762115286,3403.36977 N,08407.92461 W,315.1,10,0.95,25.135,1.78,0.95,-0.7637503295898437,2.8227637573242186,-8.030152368164062,7.755725190839694,-16.549618320610687,31.9618320610687,20.20058823529412
1762115287,3403.36977 N,08407.92461 W,315.1,10,0.95,25.135,1.78,0.95,-1.7405846069335937,4.067748620605468,-9.842563024902343,-16.908396946564885,-8.641221374045802,11.877862595419847,20.20058823529412
1762115288,3403.36353 N,08407.92820 W,315.0,10,0.95,25.135,1.78,0.95,-1.3383587280273437,4.6255976074218745,-10.615890161132812,-11.053435114503817,-15.587786259541986,8.641221374045802,20.24764705882353
1762115289,3403.36353 N,08407.92820 W,315.0,10,0.95,25.135,1.78,0.95,-2.0566192260742184,2.7437551025390623,-7.8170684204101555,-11.465648854961833,3.198473282442748,-7.687022900763359,20.15352941176471
1762115290,3403.36353 N,08407.92820 W,315.0,10,0.95,25.135,1.78,0.95,-1.3575123413085937,2.8036101440429686,-9.713276135253906,4.519083969465649,-20.916030534351144,-23.717557251908396,20.294705882352943
1762115291,3403.36353 N,08407.92820 W,315.0,10,0.95,25.135,1.78,0.95,-0.833182177734375,4.510675927734375,-9.617508068847656,-44.274809160305345,25.931297709923665,32.97709923664122,20.24764705882353
1762115292,3403.36353 N,08407.92820 W,315.0,10,0.95,25.135,1.78,0.95,1.2497732666015624,4.853046765136718,-6.763619689941406,-3.0839694656488548,-4.488549618320611,22.14503816793893,20.24764705882353
1762115293,3403.36353 N,08407.92820 W,315.0,10,0.95,25.135,1.78,0.95,-0.5530605834960938,4.661510632324219,-8.774749084472656,21.34351145038168,-13.603053435114504,14.969465648854962,20.294705882352943
1762115294,3403.36353 N,08407.92820 W,315.0,10,0.95,26.325,1.78,0.95,0.6512228515624999,6.1076084350585935,-8.537723120117187,-15.511450381679388,-24.229007633587788,14.106870229007633,20.294705882352943
1762115295,3403.36353 N,08407.92820 W,315.0,10,0.95,26.325,1.78,0.95,0.5889736083984375,5.3007624755859375,-7.912836486816405,-19.717557251908396,6.099236641221374,11.458015267175572,20.341764705882355
1762115296,3403.35685 N,08407.93224 W,315.6,10,0.95,26.325,1.78,0.95,-0.46686932373046874,5.137956762695312,-6.265625744628906,-12.076335877862595,14.282442748091603,-3.351145038167939,20.294705882352943
1762115297,3403.35685 N,08407.93224 W,315.6,10,0.95,26.325,1.78,0.95,1.8339584716796873,4.333505004882812,-10.345345373535155,3.030534351145038,8.49618320610687,-23.198473282442748,20.388823529411766
1762115298,3403.35685 N,08407.93224 W,315.6,10,0.95,26.325,1.78,0.95,1.3670891479492187,6.562506750488281,-8.877699755859375,2.49618320610687,1.2748091603053435,5.312977099236641,20.24764705882353
1762115299,3403.35685 N,08407.93224 W,315.6,10,0.95,26.325,1.78,0.95,1.6328455322265625,3.938461730957031,-6.059724401855468,0.22900763358778625,-0.916030534351145,6.312977099236641,20.341764705882355
1762115300,3403.35685 N,08407.93224 W,315.6,10,0.95,26.325,1.78,0.95,0.842758984375,5.145139367675781,-7.666233715820312,3.9770992366412212,-23.603053435114504,4.251908396946565,20.341764705882355
1762115301,3403.35685 N,08407.93224 W,315.6,10,0.95,26.325,1.78,0.95,0.7445967163085937,6.6343328002929685,-8.947131604003905,11.572519083969466,-12.106870229007633,3.3206106870229006,20.24764705882353
1762115302,3403.35685 N,08407.93224 W,315.6,10,0.95,27.866,1.78,0.95,0.7302315063476562,4.829104748535156,-6.49307490234375,-5.595419847328245,10.908396946564885,-25.229007633587788,20.341764705882355
1762115303,3403.35685 N,08407.93224 W,315.6,10,0.95,27.866,1.78,0.95,1.4891934326171874,4.151545678710937,-7.685387329101562,0.1450381679389313,6.854961832061068,-35.51145038167939,20.341764705882355
1762115304,3403.34979 N,08407.93639 W,316.1,10,0.95,27.866,1.78,0.95,2.0829554443359375,6.823474731445312,-9.423577734375,-7.465648854961832,14.893129770992367,6.358778625954199,20.388823529411766
1762115305,3403.34979 N,08407.93639 W,316.1,10,0.95,27.866,1.78,0.95,1.5873557006835937,6.193799694824218,-7.783549597167968,-12.717557251908397,12.221374045801527,11.923664122137405,20.388823529411766
1762115306,3403.34979 N,08407.93639 W,316.1,10,0.95,27.866,1.78,0.95,1.5322890624999999,4.144363073730468,-4.632780212402343,-1.984732824427481,-8.793893129770993,18.755725190839694,20.341764705882355
1762115307,3403.34979 N,08407.93639 W,316.1,10,0.95,27.866,1.78,0.95,0.2657563842773437,6.035782385253906,-8.01818135986328,-5.351145038167939,-16.564885496183205,46.404580152671755,20.341764705882355
1762115308,3403.34979 N,08407.93639 W,316.1,10,0.95,27.866,1.78,0.95,0.7062894897460937,7.3094976684570305,-8.166621862792969,-0.9770992366412213,3.5343511450381677,-0.2366412213740458,20.388823529411766
1762115309,3403.34979 N,08407.93639 W,316.1,10,0.95,27.866,1.78,0.95,1.3215993164062498,5.5641246582031245,-5.904101293945312,0.022900763358778626,16.770992366412212,-17.763358778625953,20.341764705882355
1762115310,3403.34979 N,08407.93639 W,316.1,10,0.95,28.884,1.78,0.95,0.8595183959960937,3.5098996337890624,-7.003039855957031,-8.763358778625955,15.221374045801527,-17.84732824427481,20.388823529411766
1762115311,3403.34979 N,08407.93639 W,316.1,10,0.95,28.884,1.78,0.95,0.8738836059570312,5.913678100585937,-10.328585961914062,4.572519083969466,-5.801526717557252,-26.480916030534353,20.48294117647059
1762115312,3403.34233 N,08407.94053 W,316.7,10,0.95,28.884,1.78,0.95,2.0757728393554684,6.691793640136718,-9.730035546875,-0.8015267175572519,-19.106870229007633,4.862595419847328,20.435882352941178
1762115313,3403.34233 N,08407.94053 W,316.7,10,0.95,28.884,1.78,0.95,1.3623007446289062,4.584896179199219,-5.257666845703125,-2.2519083969465647,-7.7251908396946565,24.709923664122137,20.341764705882355
1762115314,3403.34233 N,08407.94053 W,316.7,10,0.95,28.884,1.78,0.95,0.2920926025390625,4.908113403320312,-8.312668164062499,-20.61832061068702,23.580152671755727,52.57251908396947,20.388823529411766
1762115315,3403.34233 N,08407.94053 W,316.7,10,0.95,28.884,1.78,0.95,1.0031704956054688,5.9783215454101555,-8.319850769042969,-45.76335877862596,-6.3816793893129775,69.46564885496183,20.48294117647059
1762115316,3403.34233 N,08407.94053 W,316.7,10,0.95,28.884,1.78,0.95,0.7398083129882812,3.6152445068359373,-5.398924743652343,-22.290076335877863,18.328244274809162,-5.122137404580153,20.435882352941178
1762115317,3403.34233 N,08407.94053 W,316.7,10,0.95,28.884,1.78,0.95,2.080561242675781,3.327940307617187,-6.6151791870117185,19.19083969465649,31.51145038167939,-17.85496183206107,20.435882352941178
1762115318,3403.34233 N,08407.94053 W,316.7,10,0.95,28.056,1.78,0.95,2.47081611328125,6.332663391113281,-9.215282189941405,-20.19083969465649,8.13740458015267,2.83206106870229,20.48294117647059
1762115319,3403.34233 N,08407.94053 W,316.7,10,0.95,28.056,1.78,0.95,0.9528922607421875,5.377376928710937,-7.71890615234375,-13.931297709923664,9.473282442748092,6.519083969465649,20.48294117647059
1762115320,3403.33521 N,08407.94451 W,315.5,10,0.99,28.056,1.78,0.95,0.373495458984375,4.6830584472656245,-6.121973645019531,4.33587786259542,-20.053435114503817,21.47328244274809,20.53
1762115321,3403.33521 N,08407.94451 W,315.5,10,0.99,28.056,1.82,0.99,0.13407529296874998,6.1842228881835934,-7.9463553100585935,-3.717557251908397,-1.8931297709923665,18.66412213740458,20.577058823529413
1762115322,3403.33521 N,08407.94451 W,315.5,10,0.99,28.056,1.82,0.99,1.1659762084960936,6.0884548217773435,-9.112331518554686,2.6259541984732824,-1.1526717557251909,7.885496183206107,20.388823529411766
1762115323,3403.33521 N,08407.94451 W,315.5,10,0.99,28.056,1.82,0.99,0.5315127685546874,4.448426684570312,-7.3286512817382805,5.259541984732825,29.908396946564885,-26.732824427480917,20.53
1762115324,3403.33521 N,08407.94451 W,315.5,10,0.99,28.056,1.82,0.99,1.24498486328125,3.375824340820312,-6.325480786132812,-6.1603053435114505,25.435114503816795,-48.091603053435115,20.577058823529413
1762115325,3403.33521 N,08407.94451 W,315.5,10,0.99,28.056,1.82,0.99,1.8195932617187498,5.702988354492187,-10.70686982421875,-1.6030534351145038,-25.435114503816795,-16.17557251908397,20.577058823529413
1762115326,3403.33521 N,08407.94451 W,315.5,10,0.99,32.327,1.82,0.99,1.4604630126953124,6.641515405273437,-9.483432775878907,-3.1297709923664123,19.870229007633586,-9.32824427480916,20.577058823529413
1762115327,3403.33521 N,08407.94451 W,315.5,10,0.99,32.327,1.82,0.99,1.3838485595703125,4.563348364257812,-6.555324145507812,3.0,-11.86259541984733,2.931297709923664,20.577058823529413
1762115328,3403.32692 N,08407.94928 W,315.8,10,0.95,32.327,1.82,0.99,1.2617442749023438,5.3199160888671875,-7.596801867675781,-17.633587786259543,-5.900763358778626,26.84732824427481,20.577058823529413
1762115329,3403.32692 N,08407.94928 W,315.8,10,0.95,32.327,1.78,0.95,1.4006079711914061,6.335057592773437,-8.949525805664061,-5.633587786259542,-12.816793893129772,-5.076335877862595,20.577058823529413
1762115330,3403.32692 N,08407.94928 W,315.8,10,0.95,32.327,1.78,0.95,1.5514426757812498,4.8889597900390624,-7.75721337890625,3.8473282442748094,14.786259541984732,-12.396946564885496,20.53
1762115331,3403.32692 N,08407.94928 W,315.8,10,0.95,32.327,1.78,0.95,1.3383587280273437,3.086125939941406,-6.7037646484375,4.022900763358779,30.244274809160306,-43.58015267175573,20.53
1762115332,3403.32692 N,08407.94928 W,315.8,10,0.95,32.327,1.78,0.95,1.4532804077148436,5.592855078125,-9.751583361816406,1.8091603053435115,-12.969465648854962,-27.404580152671755,20.53
1762115333,3403.32692 N,08407.94928 W,315.8,10,0.95,32.327,1.78,0.95,1.89620771484375,5.341463903808593,-10.66137999267578,-19.076335877862597,8.877862595419847,-11.725190839694656,20.53
1762115334,3403.32692 N,08407.94928 W,315.8,10,0.95,32.327,1.78,0.95,1.8914193115234375,4.46279189453125,-6.500257507324219,-0.3282442748091603,-0.3053435114503817,13.145038167938932,20.624117647058824
1762115335,3403.32692 N,08407.94928 W,315.8,10,0.95,35.415,1.78,0.95,0.06464344482421874,5.463568188476562,-7.999027746582031,10.664122137404581,-30.458015267175572,12.969465648854962,20.577058823529413
1762115336,3403.32692 N,08407.94928 W,315.8,10,0.95,35.415,1.78,0.95,2.231395947265625,7.654262707519531,-8.8489693359375,-3.595419847328244,-26.221374045801525,-18.297709923664122,20.53
1762115337,3403.31892 N,08407.95598 W,317.4,08,1.36,35.415,1.78,0.95,2.013523596191406,5.1690813842773435,-8.283937744140625,-10.65648854961832,18.908396946564885,-5.625954198473282,20.577058823529413
1762115338,3403.31892 N,08407.95598 W,317.4,08,1.36,35.415,2.46,1.36,1.7764976318359373,3.066972326660156,-5.882553479003906,-2.045801526717557,30.48854961832061,-44.67175572519084,20.624117647058824
1762115339,3403.31892 N,08407.95598 W,317.4,08,1.36,35.415,2.46,1.36,2.099714855957031,3.5793314819335937,-8.875305554199219,12.702290076335878,-11.465648854961833,-28.717557251908396,20.624117647058824
1762115340,3403.31892 N,08407.95598 W,317.4,08,1.36,35.415,2.46,1.36,1.6519991455078125,5.386953735351562,-9.86411083984375,-1.0,22.480916030534353,10.183206106870228,20.624117647058824
1762115341,3403.31892 N,08407.95598 W,317.4,08,1.36,35.415,2.46,1.36,1.8411410766601561,4.316745593261719,-7.156268762207031,-14.274809160305344,-6.099236641221374,24.99236641221374,21.377058823529413
1762115342,3403.31892 N,08407.95598 W,317.4,08,1.36,35.415,2.46,1.36,0.507570751953125,4.438849877929687,-6.852205151367187,7.809160305343512,-19.404580152671755,32.66412213740458,20.671176470588236
1762115343,3403.31892 N,08407.95598 W,317.4,08,1.36,34.326,2.46,1.36,0.9696516723632812,6.481103894042969,-9.277531433105468,3.267175572519084,-19.404580152671755,11.793893129770993,20.624117647058824
1762115344,3403.31892 N,08407.95598 W,317.4,08,1.36,34.326,2.46,1.36,2.0254946044921875,6.291961962890625,-8.89924757080078,-6.732824427480916,17.748091603053435,-21.47328244274809,21.377058823529413
1762115345,3403.31085 N,08407.96269 W,319.4,09,1.12,34.326,2.46,1.36,2.0470424194335934,3.5434184570312497,-5.3199160888671875,-0.4732824427480916,2.732824427480916,-18.366412213740457,20.624117647058824
1762115346,3403.31085 N,08407.96269 W,319.4,09,1.12,34.326,2.62,1.12,2.9831752685546875,4.048595007324218,-10.433930834960936,-7.824427480916031,41.56488549618321,-29.69465648854962,20.624117647058824
1762115347,3403.31085 N,08407.96269 W,319.4,09,1.12,34.326,2.62,1.12,2.0183119995117185,5.398924743652343,-9.725247143554688,-21.80916030534351,-1.4122137404580153,27.48854961832061,20.76529411764706
1762115348,3403.31085 N,08407.96269 W,319.4,09,1.12,34.326,2.62,1.12,1.8339584716796873,4.833893151855468,-6.495469104003906,4.351145038167939,-27.72519083969466,22.66412213740458,20.624117647058824
1762115349,3403.31085 N,08407.96269 W,319.4,09,1.12,34.326,2.62,1.12,0.6871358764648438,5.0206408813476555,-7.201758593749999,8.229007633587786,-29.419847328244273,31.99236641221374,20.81235294117647
1762115350,3403.31085 N,08407.96269 W,319.4,09,1.12,34.326,2.62,1.12,1.438915197753906,6.804321118164062,-8.678981018066406,-44.83206106870229,1.4198473282442747,1.7633587786259541,20.01235294117647
1762115351,3403.31085 N,08407.96269 W,319.4,09,1.12,36.587,2.62,1.12,1.927332336425781,5.434837768554687,-6.679822631835937,-3.900763358778626,34.88549618320611,-22.396946564885496,19.96529411764706
1762115352,3403.31085 N,08407.96269 W,319.4,09,1.12,36.587,2.62,1.12,1.2114660400390624,3.0358477050781247,-7.618349682617187,-0.13740458015267176,14.732824427480915,-29.870229007633586,20.718235294117648
1762115353,3403.30254 N,08407.96944 W,320.3,09,1.09,36.587,2.62,1.12,1.7190367919921874,6.505045910644531,-10.826579907226561,-1.5954198473282444,-22.610687022900763,-12.221374045801527,20.81235294117647
1762115354,3403.30254 N,08407.96944 W,320.3,09,1.09,36.587,2.26,1.09,2.5761609863281247,5.647921716308593,-7.577648254394531,-12.244274809160306,-2.198473282442748,25.82442748091603,20.671176470588236
1762115355,3403.30254 N,08407.96944 W,320.3,09,1.09,36.587,2.26,1.09,1.70467158203125,4.082113830566406,-5.046977099609375,-17.15267175572519,-24.229007633587788,5.633587786259542,20.718235294117648
1762115356,3403.30254 N,08407.96944 W,320.3,09,1.09,36.587,2.26,1.09,0.45968671875,5.336675500488281,-7.570465649414062,-33.961832061068705,-20.603053435114504,71.57251908396947,21.424117647058825
1762115357,3403.30254 N,08407.96944 W,320.3,09,1.09,36.587,2.26,1.09,1.867477294921875,4.92247861328125,-9.375693701171874,16.34351145038168,-8.923664122137405,-1.6259541984732824,19.96529411764706
1762115358,3403.30254 N,08407.96944 W,320.3,09,1.09,36.587,2.26,1.09,1.649604943847656,4.120421057128906,-6.5577183471679685,-6.900763358778626,36.70992366412214,9.419847328244275,20.81235294117647
1762115359,3403.30254 N,08407.96944 W,320.3,09,1.09,35.532,2.26,1.09,1.1252747802734375,3.612850305175781,-7.644685900878906,14.67175572519084,-7.190839694656488,-25.954198473282442,20.81235294117647
1762115360,3403.30254 N,08407.96944 W,320.3,09,1.09,35.532,2.26,1.09,1.9393033447265624,3.995922570800781,-10.881646545410156,-2.1908396946564888,26.80916030534351,0.24427480916030533,20.01235294117647
1762115361,3403.29399 N,08407.97561 W,321.8,07,1.36,35.532,2.26,1.09,1.6160861206054686,5.652710119628906,-10.213664282226562,-5.458015267175573,1.8549618320610688,16.61832061068702,20.718235294117648
1762115362,3403.29399 N,08407.97561 W,321.8,07,1.36,35.532,2.46,1.36,2.6192566162109374,4.599261389160156,-7.1203557373046875,-14.748091603053435,-16.85496183206107,29.114503816793892,20.76529411764706
1762115363,3403.29399 N,08407.97561 W,321.8,07,1.36,35.532,2.46,1.36,0.34715924072265625,4.527435339355469,-7.304709265136719,0.5419847328244275,-17.83206106870229,39.48854961832061,20.76529411764706
1762115364,3403.29399 N,08407.97561 W,321.8,07,1.36,35.532,2.46,1.36,1.714248388671875,6.148309863281249,-10.268730920410155,22.572519083969464,-18.85496183206107,-6.625954198473282,20.81235294117647
1762115365,3403.29399 N,08407.97561 W,321.8,07,1.36,35.532,2.46,1.36,2.2361843505859373,5.216965417480468,-7.908048083496094,11.84732824427481,18.442748091603054,-6.221374045801527,20.76529411764706
1762115366,3403.29399 N,08407.97561 W,321.8,07,1.36,35.532,2.46,1.36,2.2649147705078123,2.863465185546875,-5.415684155273437,-11.473282442748092,10.778625954198473,-17.14503816793893,20.81235294117647
1762115367,3403.29399 N,08407.97561 W,321.8,07,1.36,34.389,2.46,1.36,1.7597382202148437,5.240907434082031,-9.926360083007811,-8.366412213740459,5.648854961832061,-13.01526717557252,20.76529411764706
1762115368,3403.29399 N,08407.97561 W,321.8,07,1.36,34.389,2.46,1.36,2.7940333374023436,6.105214233398437,-9.466673364257812,-3.9618320610687023,4.9541984732824424,14.992366412213741,20.718235294117648
1762115369,3403.28586 N,08407.98202 W,323.5,07,1.32,34.389,2.46,1.36,1.5705962890624998,4.163516687011718,-4.934449621582031,-2.549618320610687,-1.0687022900763359,9.450381679389313,20.81235294117647
1762115370,3403.28586 N,08407.98202 W,323.5,07,1.32,34.389,2.19,1.32,1.1659762084960936,5.623979699707031,-8.437166650390624,-12.083969465648854,-24.931297709923665,25.786259541984734,20.81235294117647
1762115371,3403.28586 N,08407.98202 W,323.5,07,1.32,34.389,2.19,1.32,1.668758557128906,6.121973645019531,-9.287108239746093,-5.244274809160306,3.068702290076336,1.4045801526717556,20.81235294117647
1762115372,3403.28586 N,08407.98202 W,323.5,07,1.32,34.389,2.19,1.32,1.7764976318359373,5.3390697021484375,-6.849810949707031,-3.3893129770992365,13.229007633587786,-21.48854961832061,20.76529411764706
1762115373,3403.28586 N,08407.98202 W,323.5,07,1.32,34.389,2.19,1.32,2.4396914916992185,2.829946362304687,-8.06367119140625,9.068702290076336,12.442748091603054,-36.52671755725191,20.859411764705882
1762115374,3403.28586 N,08407.98202 W,323.5,07,1.32,34.389,2.19,1.32,3.526659045410156,5.2456958374023435,-8.671798413085938,-0.22900763358778625,17.14503816793893,20.480916030534353,20.01235294117647
1762115375,3403.28586 N,08407.98202 W,323.5,07,1.32,34.314,2.19,1.32,2.1260510742187497,5.540182641601562,-8.111555224609374,-14.381679389312977,5.198473282442748,7.068702290076335,20.76529411764706
1762115376,3403.28586 N,08407.98202 W,323.5,07,1.32,34.314,2.19,1.32,1.3670891479492187,4.096479040527344,-6.612784985351562,2.2748091603053435,-8.801526717557252,33.67175572519084,20.81235294117647
1762115377,3403.27790 N,08407.98822 W,323.3,09,2.94,34.314,2.19,1.32,1.2114660400390624,6.026205578613281,-9.437942944335937,-16.572519083969464,-4.183206106870229,36.42748091603053,20.81235294117647
1762115379,3403.27790 N,08407.98822 W,323.3,09,2.94,34.314,6.34,2.94,2.7078420776367187,5.221753820800781,-8.74601866455078,4.450381679389313,-0.7862595419847328,10.48091603053435,20.906470588235294
1762115380,3403.27790 N,08407.98822 W,323.3,09,2.94,34.314,6.34,2.94,1.62805712890625,3.5434184570312497,-5.66946953125,-8.67175572519084,-0.40458015267175573,-19.557251908396946,20.859411764705882
1762115381,3403.27790 N,08407.98822 W,323.3,09,2.94,34.314,6.34,2.94,1.4700398193359374,4.774038110351563,-10.089165795898436,-14.526717557251908,20.396946564885496,5.1679389312977095,20.859411764705882
1762115382,3403.27790 N,08407.98822 W,323.3,09,2.94,34.314,6.34,2.94,2.925714428710937,5.307945080566406,-8.295908752441406,9.786259541984732,22.27480916030534,-17.931297709923665,20.81235294117647
1762115383,3403.27790 N,08407.98822 W,323.3,09,2.94,34.314,6.34,2.94,1.20667763671875,3.9719805541992184,-5.272032055664062,-10.778625954198473,-0.8778625954198473,40.83206106870229,20.859411764705882
1762115384,3403.27790 N,08407.98822 W,323.3,09,2.94,33.675,6.34,2.94,3.39018955078125,6.203376501464843,-7.745242370605468,-16.374045801526716,-51.412213740458014,0.3816793893129771,20.81235294117647
1762115385,3403.27790 N,08407.98822 W,323.3,09,2.94,33.675,6.34,2.94,2.6240450195312497,5.698199951171874,-8.659827404785156,-7.549618320610687,-1.3893129770992367,-2.3893129770992365,20.81235294117647
1762115386,3403.26981 N,08407.99338 W,323.3,10,1.59,33.675,6.34,2.94,1.7453730102539062,4.584896179199219,-5.9017070922851556,1.450381679389313,33.343511450381676,-12.022900763358779,20.81235294117647
1762115387,3403.26981 N,08407.99338 W,323.3,10,1.59,33.675,3.31,1.59,2.5163059448242184,4.319139794921875,-8.271966735839843,17.64885496183206,36.48091603053435,-19.229007633587788,20.859411764705882
1762115388,3403.26981 N,08407.99338 W,323.3,10,1.59,33.675,3.31,1.59,2.403778466796875,6.461950280761719,-9.145850341796875,-18.03053435114504,-0.2824427480916031,9.793893129770993,20.76529411764706
1762115389,3403.26981 N,08407.99338 W,323.3,10,1.59,33.675,3.31,1.59,1.3024457031249999,4.256890551757812,-6.086060620117187,-0.6183206106870229,3.183206106870229,35.31297709923664,20.859411764705882
1762115390,3403.26981 N,08407.99338 W,323.3,10,1.59,33.675,3.31,1.59,1.218648645019531,5.516240625,-6.660669018554687,-20.549618320610687,-19.221374045801525,27.244274809160306,20.859411764705882
1762115391,3403.26981 N,08407.99338 W,323.3,10,1.59,33.675,3.31,1.59,2.224213342285156,6.057330200195312,-9.418789331054686,1.7251908396946565,-4.526717557251908,2.1908396946564888,20.906470588235294
1762115392,3403.26981 N,08407.99338 W,323.3,10,1.59,32.821,3.31,1.59,2.157175695800781,6.131550451660156,-6.679822631835937,-20.64885496183206,-2.068702290076336,-26.946564885496183,20.859411764705882
1762115393,3403.26981 N,08407.99338 W,323.3,10,1.59,32.821,3.31,1.59,1.618480322265625,3.3686417358398435,-7.5345526245117185,-7.557251908396947,16.015267175572518,-25.625954198473284,20.859411764705882
1762115394,3403.26131 N,08407.99687 W,324.2,10,0.95,32.821,3.31,1.59,3.651157531738281,6.449979272460937,-9.265560424804686,-0.03816793893129771,11.931297709923664,11.648854961832061,20.906470588235294
1762115395,3403.26131 N,08407.99687 W,324.2,10,0.95,32.821,1.78,0.95,1.6256629272460936,5.2433016357421875,-7.587225061035156,-4.709923664122138,-25.114503816793892,7.061068702290076,20.906470588235294
1762115396,3403.26131 N,08407.99687 W,324.2,10,0.95,32.821,1.78,0.95,0.55545478515625,4.953603234863281,-6.8593877563476555,-13.549618320610687,-31.96946564885496,17.641221374045802,20.906470588235294
1762115397,3403.26131 N,08407.99687 W,324.2,10,0.95,32.821,1.78,0.95,1.9201497314453124,7.438784558105469,-9.694122521972655,8.290076335877863,-30.480916030534353,-0.7480916030534351,20.81235294117647
1762115398,3403.26131 N,08407.99687 W,324.2,10,0.95,32.821,1.78,0.95,1.8100164550781248,5.365405920410156,-7.472303381347656,-0.7557251908396947,18.748091603053435,-22.022900763358777,20.953529411764706
1762115399,3403.26131 N,08407.99687 W,324.2,10,0.95,32.821,1.78,0.95,1.9847931762695312,3.5721488769531247,-6.591237170410156,-15.610687022900763,23.19083969465649,-21.106870229007633,20.81235294117647
1762115400,3403.26131 N,08407.99687 W,324.2,10,0.95,33.588,1.78,0.95,1.3479355346679687,5.087678527832031,-9.919177478027343,12.465648854961833,8.717557251908397,-4.0534351145038165,20.81235294117647
1762115401,3403.26131 N,08407.99687 W,324.2,10,0.95,33.588,1.78,0.95,2.4947581298828125,6.198588098144531,-8.741230261230468,-12.129770992366412,3.1755725190839694,10.633587786259541,20.953529411764706
1762115402,3403.25297 N,08408.00132 W,322.3,09,1.53,33.588,1.78,0.95,1.369483349609375,4.005499377441406,-5.099649536132812,1.8625954198473282,-10.030534351145038,26.549618320610687,20.953529411764706
1762115403,3403.25297 N,08408.00132 W,322.3,09,1.53,33.588,2.61,1.53,0.040701428222656245,6.6319385986328125,-9.011775048828124,-41.58015267175573,-20.236641221374047,37.343511450381676,20.953529411764706
1762115404,3403.25297 N,08408.00132 W,322.3,09,1.53,33.588,2.61,1.53,1.8339584716796873,6.885723974609375,-7.967903124999999,-11.34351145038168,8.366412213740459,7.015267175572519,20.953529411764706
1762115405,3403.25297 N,08408.00132 W,322.3,09,1.53,33.588,2.61,1.53,1.3479355346679687,4.73094248046875,-5.533000036621093,2.7404580152671754,10.381679389312977,-12.977099236641221,20.906470588235294
1762115406,3403.25297 N,08408.00132 W,322.3,09,1.53,33.588,2.61,1.53,-0.11252747802734374,4.905719201660156,-11.899182250976562,8.396946564885496,25.053435114503817,19.885496183206108,20.906470588235294
1762115407,3403.25297 N,08408.00132 W,322.3,09,1.53,33.588,2.61,1.53,2.4349030883789062,6.186617089843749,-10.01733974609375,-7.4961832061068705,-3.1526717557251906,-6.137404580152672,20.906470588235294
1762115408,3403.25297 N,08408.00132 W,322.3,09,1.53,31.731,2.61,1.53,2.061407629394531,4.376600634765625,-5.288791467285156,-9.419847328244275,-1.3511450381679388,13.633587786259541,20.953529411764706
1762115409,3403.25297 N,08408.00132 W,322.3,09,1.53,31.731,2.61,1.53,0.8954314208984374,6.3709706176757805,-7.850587243652344,-15.099236641221374,-13.893129770992367,49.74809160305343,20.906470588235294
1762115410,3403.24467 N,08408.00512 W,321.4,09,1.02,31.731,2.61,1.53,1.4053963745117186,7.764395983886718,-7.934384301757812,-3.618320610687023,-13.221374045801527,-13.870229007633588,20.81235294117647
1762115411,3403.24467 N,08408.00512 W,321.4,09,1.02,31.731,1.85,1.02,2.1260510742187497,4.503493322753906,-5.91846650390625,-13.709923664122137,13.320610687022901,-14.442748091603054,20.906470588235294
1762115412,3403.24467 N,08408.00512 W,321.4,09,1.02,31.731,1.85,1.02,1.5538368774414062,3.066972326660156,-8.59997236328125,26.69465648854962,21.83969465648855,-54.81679389312977,20.81235294117647
1762115413,3403.24467 N,08408.00512 W,321.4,09,1.02,31.731,1.85,1.02,1.9800047729492187,5.600037683105469,-10.292672937011718,26.213740458015266,-43.51908396946565,-63.12213740458015,20.953529411764706
1762115414,3403.24467 N,08408.00512 W,321.4,09,1.02,31.731,1.85,1.02,1.7932570434570312,6.624755993652343,-9.131485131835937,-14.83969465648855,6.458015267175573,8.938931297709924,20.953529411764706
1762115415,3403.24467 N,08408.00512 W,321.4,09,1.02,31.731,1.85,1.02,2.1116858642578125,3.775656018066406,-5.487510205078125,1.9465648854961832,-17.786259541984734,16.793893129770993,20.953529411764706
1762115416,3403.24467 N,08408.00512 W,321.4,09,1.02,31.424,1.85,1.02,1.5562310791015623,6.344634399414062,-7.841010437011718,-10.65648854961832,-24.396946564885496,16.85496183206107,20.953529411764706
1762115417,3403.24467 N,08408.00512 W,321.4,09,1.02,31.424,1.85,1.02,1.0342951171875,7.295132458496093,-8.623914379882812,-6.129770992366412,-7.343511450381679,-1.9389312977099236,21.04764705882353
1762115418,3403.23646 N,08408.00845 W,320.1,10,0.95,31.424,1.85,1.02,1.668758557128906,5.135562561035156,-6.445190869140625,3.2213740458015265,27.480916030534353,-25.480916030534353,20.906470588235294
1762115419,3403.23646 N,08408.00845 W,320.1,10,0.95,31.424,1.78,0.95,1.3958195678710936,3.9456443359374997,-8.013392956542969,-7.236641221374046,11.603053435114504,-26.51145038167939,20.906470588235294
1762115420,3403.23646 N,08408.00845 W,320.1,10,0.95,31.424,1.78,0.95,3.5027170288085934,6.4356140625,-10.122684619140625,-17.52671755725191,-7.801526717557252,-8.435114503816793,21.000588235294117
1762115421,3403.23646 N,08408.00845 W,320.1,10,0.95,31.424,1.78,0.95,1.6160861206054686,5.4899044067382805,-8.192958081054687,-11.427480916030534,-14.885496183206106,22.18320610687023,20.906470588235294
1762115422,3403.23646 N,08408.00845 W,320.1,10,0.95,31.424,1.78,0.95,0.9433154541015625,4.11802685546875,-5.6383449096679685,-9.48091603053435,-5.572519083969466,60.274809160305345,20.953529411764706
1762115423,3403.23646 N,08408.00845 W,320.1,10,0.95,31.424,1.78,0.95,0.36391865234375,6.866570361328125,-9.567229833984374,-2.0229007633587788,-11.755725190839694,-0.7022900763358778,21.000588235294117
1762115424,3403.23646 N,08408.00845 W,320.1,10,0.95,31.405,1.78,0.95,2.9640216552734375,6.337451794433593,-8.02536396484375,-8.549618320610687,-0.1450381679389313,-6.916030534351145,20.81235294117647
1762115425,3403.23646 N,08408.00845 W,320.1,10,0.95,31.405,1.78,0.95,1.4820108276367188,4.07971962890625,-5.195417602539062,17.82442748091603,23.83969465648855,-28.778625954198475,20.859411764705882
1762115426,3403.22791 N,08408.01067 W,321.2,10,0.95,31.405,1.78,0.95,2.1715409057617188,6.076483813476562,-9.184157568359375,-14.511450381679388,4.740458015267175,7.6106870229007635,20.953529411764706
1762115427,3403.22791 N,08408.01067 W,321.2,10,0.95,31.405,1.78,0.95,1.3072341064453123,5.523423229980469,-7.4028715332031245,-6.908396946564886,-15.755725190839694,16.18320610687023,20.859411764705882
1762115428,3403.22791 N,08408.01067 W,321.2,10,0.95,31.405,1.78,0.95,0.3758896606445312,4.647145422363281,-6.797138513183594,-7.938931297709924,-20.580152671755727,50.49618320610687,20.76529411764706
1762115429,3403.22791 N,08408.01067 W,321.2,10,0.95,31.405,1.78,0.95,2.482787121582031,7.134720947265625,-8.810662109374999,-7.824427480916031,-36.6412213740458,11.885496183206106,20.859411764705882
1762115430,3403.22791 N,08408.01067 W,321.2,10,0.95,31.405,1.78,0.95,3.076549133300781,5.068524914550781,-7.917624890136718,-0.37404580152671757,40.69465648854962,-24.82442748091603,20.81235294117647
1762115431,3403.22791 N,08408.01067 W,321.2,10,0.95,31.405,1.78,0.95,1.458068811035156,3.3255461059570313,-5.1690813842773435,-5.641221374045801,19.946564885496183,-18.00763358778626,20.906470588235294
1762115432,3403.22791 N,08408.01067 W,321.2,10,0.95,31.539,1.78,0.95,1.687912170410156,4.412513659667969,-10.084377392578125,-11.129770992366412,15.091603053435115,10.221374045801527,20.953529411764706
1762115433,3403.22791 N,08408.01067 W,321.2,10,0.95,31.539,1.78,0.95,2.233790148925781,6.0716954101562495,-8.628702783203124,-28.717557251908396,-5.022900763358779,17.748091603053435,21.000588235294117
1762115434,3403.21938 N,08408.01322 W,321.2,10,0.95,31.539,1.78,0.95,1.5442600708007812,4.168305090332031,-5.645527514648437,-4.732824427480916,-6.5038167938931295,16.38167938931298,20.859411764705882
1762115435,3403.21938 N,08408.01322 W,321.2,10,0.95,31.539,1.78,0.95,1.8818425048828125,5.418078356933593,-9.414000927734374,26.625954198473284,-22.580152671755727,-22.137404580152673,21.000588235294117
1762115436,3403.21938 N,08408.01322 W,321.2,10,0.95,31.539,1.78,0.95,1.7429788085937499,5.990292553710937,-7.560888842773437,-3.4656488549618323,15.198473282442748,-8.48091603053435,20.906470588235294
1762115437,3403.21938 N,08408.01322 W,321.2,10,0.95,31.539,1.78,0.95,2.540247961425781,4.745307690429687,-4.264073156738281,-22.85496183206107,4.343511450381679,-2.183206106870229,20.859411764705882
1762115438,3403.21938 N,08408.01322 W,321.2,10,0.95,31.539,1.78,0.95,1.0486603271484374,3.0741549316406247,-6.189011291503906,-20.6793893129771,10.068702290076336,-10.603053435114504,20.859411764705882
1762115439,3403.21938 N,08408.01322 W,321.2,10,0.95,31.539,1.78,0.95,4.170699291992188,5.825092639160156,-9.313444458007812,3.4122137404580153,-15.419847328244275,1.0763358778625953,20.906470588235294
1762115440,3403.21938 N,08408.01322 W,321.2,10,0.95,31.787,1.78,0.95,2.1547814941406247,5.260061047363281,-8.602366564941406,-3.954198473282443,-19.84732824427481,22.251908396946565,20.81235294117647
1762115441,3403.21938 N,08408.01322 W,321.2,10,0.95,31.787,1.78,0.95,1.1755530151367186,4.206612316894531,-6.593631372070312,-8.15267175572519,-1.213740458015267,35.23664122137404,20.906470588235294
1762115442,3403.21071 N,08408.01528 W,321.7,09,0.95,31.787,1.78,0.95,1.16837041015625,6.157886669921875,-9.643844287109374,-2.450381679389313,-5.465648854961832,19.748091603053435,20.906470588235294
1762115443,3403.21071 N,08408.01528 W,321.7,09,0.95,31.787,1.78,0.95,2.2744915771484373,5.9400143188476555,-9.581595043945311,-0.12213740458015267,-17.053435114503817,-7.458015267175573,20.81235294117647
1762115444,3403.21071 N,08408.01528 W,321.7,09,0.95,31.787,1.78,0.95,2.2936451904296873,4.908113403320312,-6.619967590332031,11.511450381679388,20.66412213740458,-36.38931297709924,20.859411764705882
1762115445,3403.21071 N,08408.01528 W,321.7,09,0.95,31.787,1.78,0.95,2.3295582153320313,3.0597897216796874,-7.702146740722656,8.419847328244275,23.641221374045802,-29.0381679389313,20.906470588235294
1762115446,3403.21071 N,08408.01528 W,321.7,09,0.95,31.787,1.78,0.95,3.845087866210937,6.0142345703124995,-10.77630167236328,4.244274809160306,-5.343511450381679,-15.145038167938932,21.000588235294117
1762115447,3403.21071 N,08408.01528 W,321.7,09,0.95,31.787,1.78,0.95,2.24097275390625,5.2624552490234375,-8.712499841308594,-9.83206106870229,-13.396946564885496,17.748091603053435,20.953529411764706
1762115448,3403.21071 N,08408.01528 W,321.7,09,0.95,31.901,1.78,0.95,2.0087351928710935,3.8570588745117185,-6.591237170410156,1.015267175572519,-2.9160305343511452,17.435114503816795,20.906470588235294
1762115449,3403.21071 N,08408.01528 W,321.7,09,0.95,31.901,1.78,0.95,1.4628572143554686,6.37815322265625,-8.463502868652343,20.259541984732824,-18.68702290076336,20.748091603053435,20.906470588235294
1762115450,3403.20197 N,08408.01713 W,321.6,09,0.95,31.901,1.78,0.95,1.7357962036132812,5.963956335449218,-8.202534887695313,-3.7709923664122136,4.206106870229007,-1.1450381679389312,20.859411764705882
1762115451,3403.20197 N,08408.01713 W,321.6,09,0.95,31.901,1.78,0.95,1.9752163696289062,4.082113830566406,-6.167463476562499,-3.8396946564885495,12.17557251908397,-33.396946564885496,20.906470588235294
1762115452,3403.20197 N,08408.01713 W,321.6,09,0.95,31.901,1.78,0.95,2.4947581298828125,3.8283284545898435,-9.82580361328125,34.11450381679389,25.045801526717558,-36.20610687022901,20.906470588235294
1762115453,3403.20197 N,08408.01713 W,321.6,09,0.95,31.901,1.78,0.95,3.294421484375,7.096413720703125,-9.337386474609374,-24.53435114503817,11.65648854961832,14.251908396946565,20.906470588235294
1762115454,3403.20197 N,08408.01713 W,321.6,09,0.95,31.901,1.78,0.95,1.5466542724609373,5.200206005859375,-7.8338278320312495,15.297709923664122,-5.5038167938931295,-8.0,20.953529411764706
1762115455,3403.20197 N,08408.01713 W,321.6,09,0.95,31.901,1.78,0.95,1.1707646118164061,3.418919970703125,-6.198588098144531,9.580152671755725,-31.3206106870229,44.038167938931295,20.906470588235294
1762115456,3403.20197 N,08408.01713 W,321.6,09,0.95,31.317,1.78,0.95,0.8834604125976562,6.380547424316406,-9.65342109375,-1.6946564885496183,-38.35114503816794,28.389312977099237,20.906470588235294
1762115457,3403.20197 N,08408.01713 W,321.6,09,0.95,31.317,1.78,0.95,2.5857377929687497,6.402095239257812,-8.564059338378906,-6.656488549618321,-7.984732824427481,-6.519083969465649,20.953529411764706
1762115458,3403.19331 N,08408.01888 W,321.5,09,0.95,31.317,1.78,0.95,1.838746875,5.185840795898438,-6.4643444824218745,-4.702290076335878,6.3816793893129775,-22.49618320610687,20.953529411764706
1762115459,3403.19331 N,08408.01888 W,321.5,09,0.95,31.317,1.78,0.95,2.1930887207031247,2.3319524169921872,-6.610390783691406,3.6793893129770994,5.374045801526718,-33.847328244274806,20.906470588235294
1762115460,3403.19331 N,08408.01888 W,321.5,09,0.95,31.317,1.78,0.95,2.013523596191406,3.8187516479492185,-11.923124267578125,34.534351145038165,31.916030534351144,-33.412213740458014,20.953529411764706
1762115461,3403.19331 N,08408.01888 W,321.5,09,0.95,31.317,1.78,0.95,1.5682020874023437,5.853823059082031,-9.859322436523437,8.877862595419847,-0.6793893129770993,-4.473282442748092,20.718235294117648
1762115462,3403.19331 N,08408.01888 W,321.5,09,0.95,31.317,1.78,0.95,1.9656395629882812,4.189852905273438,-7.034164477539062,1.7328244274809161,16.076335877862597,24.458015267175572,20.906470588235294
1762115463,3403.19331 N,08408.01888 W,321.5,09,0.95,31.317,1.78,0.95,0.0143652099609375,4.448426684570312,-8.116343627929687,19.954198473282442,-4.526717557251908,15.419847328244275,20.859411764705882
1762115464,3403.19331 N,08408.01888 W,321.5,09,0.95,32.800,1.78,0.95,0.49320554199218747,6.035782385253906,-10.031704956054687,13.893129770992367,-26.893129770992367,3.969465648854962,20.859411764705882
1762115465,3403.19331 N,08408.01888 W,321.5,09,0.95,32.800,1.78,0.95,2.4061726684570313,5.853823059082031,-8.422801440429687,-1.549618320610687,6.137404580152672,-1.5954198473282444,20.859411764705882
1762115466,3403.18446 N,08408.02013 W,320.7,09,0.95,32.800,1.78,0.95,1.8052280517578123,4.855440966796874,-6.224924316406249,-0.21374045801526717,2.877862595419847,-7.190839694656488,20.906470588235294
1762115467,3403.18446 N,08408.02013 W,320.7,09,0.95,32.800,1.78,0.95,2.375048046875,2.6336218261718747,-8.877699755859375,32.18320610687023,-0.33587786259541985,-58.31297709923664,20.906470588235294
1762115468,3403.18446 N,08408.02013 W,320.7,09,0.95,32.800,1.78,0.95,4.3430818115234375,4.790797521972656,-11.214440576171874,26.541984732824428,-24.82442748091603,-35.41984732824427,20.76529411764706
1762115469,3403.18446 N,08408.02013 W,320.7,09,0.95,32.800,1.78,0.95,2.114080065917969,5.856217260742187,-8.710105639648438,-1.7938931297709924,5.106870229007634,9.022900763358779,20.718235294117648
1762115470,3403.18446 N,08408.02013 W,320.7,09,0.95,32.800,1.78,0.95,2.4253262817382812,3.3159692993164063,-5.494692810058593,-1.2213740458015268,-3.687022900763359,27.83969465648855,20.906470588235294
1762115471,3403.18446 N,08408.02013 W,320.7,09,0.95,32.800,1.78,0.95,1.2808978881835937,4.939238024902344,-8.109161022949218,-30.50381679389313,-18.290076335877863,36.74045801526717,20.953529411764706
1762115473,3403.18446 N,08408.02013 W,320.7,09,0.95,32.935,1.78,0.95,2.020706201171875,5.719747766113281,-9.641450085449218,2.4198473282442747,-10.587786259541986,-5.396946564885496,20.81235294117647
1762115474,3403.18446 N,08408.02013 W,320.7,09,0.95,32.935,1.78,0.95,1.8339584716796873,3.555389465332031,-6.1267620483398435,-19.954198473282442,5.129770992366412,-27.18320610687023,20.859411764705882
1762115475,3403.17534 N,08408.02110 W,319.7,09,0.95,32.935,1.78,0.95,1.9488801513671874,2.887407202148437,-8.214505895996094,-8.038167938931299,6.145038167938932,-30.954198473282442,20.859411764705882
1762115476,3403.17534 N,08408.02110 W,319.7,09,0.95,32.935,1.78,0.95,1.68551796875,5.5641246582031245,-10.848127722167968,3.0610687022900764,10.49618320610687,14.755725190839694,20.906470588235294
1762115477,3403.17534 N,08408.02110 W,319.7,09,0.95,32.935,1.78,0.95,1.4915876342773438,4.678270043945313,-7.455543969726562,1.2366412213740459,-12.511450381679388,20.366412213740457,20.859411764705882
1762115478,3403.17534 N,08408.02110 W,319.7,09,0.95,32.935,1.78,0.95,1.637633935546875,3.73495458984375,-6.347028601074219,-21.061068702290076,-16.16030534351145,20.076335877862597,20.81235294117647
1762115479,3403.17534 N,08408.02110 W,319.7,09,0.95,32.935,1.78,0.95,0.9457096557617187,5.9376201171875,-8.662221606445312,-2.236641221374046,-13.076335877862595,42.48854961832061,20.859411764705882
1762115480,3403.17534 N,08408.02110 W,319.7,09,0.95,32.935,1.78,0.95,2.2481553588867187,5.930437512207031,-8.74601866455078,6.00763358778626,-13.916030534351146,-0.5877862595419847,20.906470588235294
1762115481,3403.17534 N,08408.02110 W,319.7,09,0.95,33.616,1.78,0.95,1.7788918334960937,4.967968444824218,-7.316680273437499,-14.0,23.51145038167939,-18.47328244274809,20.859411764705882
1762115482,3403.17534 N,08408.02110 W,319.7,09,0.95,33.616,1.78,0.95,1.4891934326171874,2.4133552734375,-7.824251025390624,3.3206106870229006,17.709923664122137,-38.7557251908397,20.859411764705882
1762115483,3403.16604 N,08408.02188 W,319.4,08,1.40,33.616,1.78,0.95,3.545812658691406,6.189011291503906,-10.388441003417968,-5.366412213740458,-1.5801526717557253,8.50381679389313,20.859411764705882
1762115484,3403.16604 N,08408.02188 W,319.4,08,1.40,33.616,2.36,1.40,2.3391350219726563,5.382165332031249,-9.78031378173828,3.7099236641221376,-18.16030534351145,41.35114503816794,20.859411764705882
1762115485,3403.16604 N,08408.02188 W,319.4,08,1.40,33.616,2.36,1.40,2.3511060302734372,3.5051112304687497,-6.282385156249999,-4.076335877862595,-22.068702290076335,43.274809160305345,20.859411764705882
1762115486,3403.16604 N,08408.02188 W,319.4,08,1.40,33.616,2.36,1.40,0.49799394531249996,5.485116003417969,-9.081206896972656,-9.038167938931299,-42.3206106870229,42.343511450381676,20.859411764705882
1762115487,3403.16604 N,08408.02188 W,319.4,08,1.40,33.616,2.36,1.40,1.9680337646484374,5.533000036621093,-10.110713610839843,-0.8625954198473282,3.183206106870229,-0.07633587786259542,20.859411764705882
1762115488,3403.16604 N,08408.02188 W,319.4,08,1.40,33.616,2.36,1.40,1.5131354492187499,4.7117888671875,-7.572859851074218,10.061068702290076,29.549618320610687,-35.587786259541986,20.906470588235294
1762115489,3403.16604 N,08408.02188 W,319.4,08,1.40,34.379,2.36,1.40,2.0087351928710935,3.6679169433593746,-5.307945080566406,0.46564885496183206,10.32824427480916,-16.099236641221374,20.859411764705882
1762115490,3403.16604 N,08408.02188 W,319.4,08,1.40,34.379,2.36,1.40,0.30885201416015623,3.8570588745117185,-12.243947290039062,-29.870229007633586,1.0229007633587786,23.30534351145038,20.906470588235294
1762115491,3403.15655 N,08408.02281 W,319.1,08,1.40,34.379,2.36,1.40,1.216254443359375,5.324704492187499,-9.481038574218749,-19.114503816793892,21.236641221374047,16.083969465648856,20.859411764705882
1762115492,3403.15655 N,08408.02281 W,319.1,08,1.40,34.379,2.36,1.40,1.8555062866210936,4.975151049804687,-8.312668164062499,-7.740458015267175,-1.381679389312977,18.022900763358777,20.906470588235294
1762115493,3403.15655 N,08408.02281 W,319.1,08,1.40,34.379,2.36,1.40,1.3455413330078123,3.593696691894531,-7.453149768066406,5.648854961832061,-8.687022900763358,23.38167938931298,20.76529411764706
1762115494,3403.15655 N,08408.02281 W,319.1,08,1.40,34.379,2.36,1.40,0.6943184814453125,6.038176586914062,-11.180921752929686,24.954198473282442,-49.916030534351144,13.801526717557252,20.859411764705882
1762115495,3403.15655 N,08408.02281 W,319.1,08,1.40,34.379,2.36,1.40,1.1947066284179686,5.233724829101562,-9.038111267089842,-6.8320610687022905,10.335877862595419,1.5801526717557253,20.81235294117647
1762115496,3403.15655 N,08408.02281 W,319.1,08,1.40,34.379,2.36,1.40,1.4413093994140624,4.053383410644531,-5.774814404296874,-17.641221374045802,14.664122137404581,-30.595419847328245,20.906470588235294
1762115497,3403.15655 N,08408.02281 W,319.1,08,1.40,34.636,2.36,1.40,2.0542250244140625,3.4763808105468748,-10.673351000976561,40.083969465648856,28.83206106870229,-44.67175572519084,20.859411764705882
1762115498,3403.15655 N,08408.02281 W,319.1,08,1.40,34.636,2.36,1.40,2.281674182128906,4.764461303710937,-10.065223779296874,-29.908396946564885,20.14503816793893,37.80152671755725,20.81235294117647
1762115499,3403.14694 N,08408.02393 W,318.8,07,1.53,34.636,2.36,1.40,2.408566870117187,3.4955344238281247,-7.285555651855469,9.923664122137405,7.1603053435114505,0.05343511450381679,20.81235294117647
1762115500,3403.14694 N,08408.02393 W,318.8,07,1.53,34.636,2.61,1.53,0.5578489868164063,3.268085266113281,-7.467514978027343,-8.16030534351145,-23.267175572519083,56.19847328244275,20.906470588235294
1762115501,3403.14694 N,08408.02393 W,318.8,07,1.53,34.636,2.61,1.53,1.1635820068359375,5.291185668945312,-10.637437976074217,3.717557251908397,-42.83969465648855,20.946564885496183,20.906470588235294
1762115502,3403.14694 N,08408.02393 W,318.8,07,1.53,34.636,2.61,1.53,2.003946789550781,4.180276098632812,-8.556876733398436,4.984732824427481,22.435114503816795,-3.9236641221374047,20.76529411764706
1762115503,3403.14694 N,08408.02393 W,318.8,07,1.53,34.636,2.61,1.53,1.8818425048828125,2.2649147705078123,-5.793968017578124,-19.80916030534351,28.748091603053435,-39.7557251908397,20.906470588235294
1762115504,3403.14694 N,08408.02393 W,318.8,07,1.53,34.636,2.61,1.53,0.9409212524414062,2.540247961425781,-10.527304699707031,-8.702290076335878,12.534351145038167,-12.679389312977099,20.906470588235294
1762115505,3403.14694 N,08408.02393 W,318.8,07,1.53,34.815,2.61,1.53,3.3207577026367185,5.643133312988281,-9.787496386718749,-17.641221374045802,19.297709923664122,6.702290076335878,20.906470588235294
1762115506,3403.14694 N,08408.02393 W,318.8,07,1.53,34.815,2.61,1.53,1.5610194824218748,4.958391638183594,-8.252813122558594,-23.53435114503817,-14.15267175572519,35.35114503816794,20.859411764705882
1762115507,3403.13726 N,08408.02487 W,318.4,07,1.53,34.815,2.61,1.53,1.2761094848632812,2.8802245971679685,-6.246472131347656,-0.5572519083969466,-14.038167938931299,17.885496183206108,20.953529411764706
1762115508,3403.13726 N,08408.02487 W,318.4,07,1.53,34.815,2.61,1.53,0.373495458984375,5.161898779296875,-9.323021264648437,7.267175572519084,-21.763358778625953,39.30534351145038,20.906470588235294
1762115509,3403.13726 N,08408.02487 W,318.4,07,1.53,34.815,2.61,1.53,2.2026655273437497,5.561730456542969,-9.667786303710937,-10.366412213740459,4.221374045801527,13.816793893129772,20.81235294117647
1762115510,3403.13726 N,08408.02487 W,318.4,07,1.53,34.815,2.61,1.53,1.7477672119140624,4.280832568359375,-7.740453967285156,3.030534351145038,33.70992366412214,-12.396946564885496,21.000588235294117
1762115511,3403.13726 N,08408.02487 W,318.4,07,1.53,34.815,2.61,1.53,2.0302830078125,2.408566870117187,-5.985504150390625,-15.038167938931299,3.0,-28.99236641221374,20.859411764705882
1762115512,3403.13726 N,08408.02487 W,318.4,07,1.53,34.815,2.61,1.53,2.2457611572265623,2.9975404785156248,-10.819397302246093,-2.5801526717557253,23.0381679389313,-28.595419847328245,20.906470588235294
1762115513,3403.13726 N,08408.02487 W,318.4,07,1.53,34.716,2.61,1.53,1.7238251953125,4.685452648925781,-10.433930834960936,-41.213740458015266,26.587786259541986,43.05343511450382,20.953529411764706
1762115514,3403.13726 N,08408.02487 W,318.4,07,1.53,34.716,2.61,1.53,1.8339584716796873,4.6830584472656245,-8.927977990722656,-19.770992366412212,5.427480916030534,49.70229007633588,21.000588235294117
1762115515,3403.12762 N,08408.02612 W,317.6,08,1.53,34.716,2.61,1.53,1.3479355346679687,3.0142998901367184,-6.909665991210937,-14.82442748091603,-23.053435114503817,41.916030534351144,20.906470588235294
1762115516,3403.12762 N,08408.02612 W,317.6,08,1.53,34.716,2.61,1.53,0.296881005859375,5.377376928710937,-9.083601098632812,-36.58015267175573,-3.2061068702290076,81.22137404580153,21.000588235294117
1762115517,3403.12762 N,08408.02612 W,317.6,08,1.53,34.716,2.61,1.53,1.5634136840820312,5.461173986816406,-9.983820922851562,6.595419847328245,-23.80916030534351,-3.6030534351145036,20.906470588235294
1762115518,3403.12762 N,08408.02612 W,317.6,08,1.53,34.716,2.61,1.53,1.9704279663085937,4.364629626464843,-6.579266162109374,-13.312977099236642,5.442748091603053,-0.9770992366412213,20.906470588235294
1762115519,3403.12762 N,08408.02612 W,317.6,08,1.53,34.716,2.61,1.53,1.838746875,2.310404602050781,-6.256048937988281,-25.916030534351144,17.259541984732824,-33.33587786259542,20.953529411764706
1762115520,3403.12762 N,08408.02612 W,317.6,08,1.53,34.716,2.61,1.53,2.3319524169921872,4.335899206542969,-11.305420239257812,-0.6412213740458015,15.748091603053435,-35.66412213740458,21.000588235294117
1762115521,3403.12762 N,08408.02612 W,317.6,08,1.53,34.543,2.61,1.53,2.7844565307617186,6.210559106445312,-10.273519323730468,-5.015267175572519,-14.908396946564885,-18.099236641221374,21.000588235294117
1762115522,3403.12762 N,08408.02612 W,317.6,08,1.53,34.543,2.61,1.53,1.9919757812499999,3.9360675292968748,-6.639121203613281,-15.465648854961833,-4.702290076335878,40.29007633587786,21.000588235294117
1762115523,3403.11800 N,08408.02738 W,317.0,07,1.53,34.543,2.61,1.53,0.08858546142578125,4.209006518554688,-7.156268762207031,27.35114503816794,-25.763358778625953,28.793893129770993,20.953529411764706
1762115524,3403.11800 N,08408.02738 W,317.0,07,1.53,34.543,2.61,1.53,2.636016027832031,5.932831713867187,-9.991003527832031,-11.83206106870229,-27.18320610687023,3.16793893129771,21.04764705882353
1762115525,3403.11800 N,08408.02738 W,317.0,07,1.53,34.543,2.61,1.53,1.2521674682617188,3.84987626953125,-9.09796630859375,-4.648854961832061,-0.40458015267175573,-4.541984732824427,20.953529411764706
1762115526,3403.11800 N,08408.02738 W,317.0,07,1.53,34.543,2.61,1.53,-0.6153098266601562,5.645527514648437,-5.389347937011719,-20.671755725190838,23.549618320610687,43.6793893129771,21.000588235294117
1762115527,3403.11800 N,08408.02738 W,317.0,07,1.53,34.543,2.61,1.53,1.1133037719726562,2.5354595581054684,-11.616666455078125,-21.053435114503817,19.412213740458014,26.251908396946565,20.906470588235294
1762115528,3403.11800 N,08408.02738 W,317.0,07,1.53,34.543,2.61,1.53,2.418143676757812,3.9624037475585934,-11.865663427734374,6.129770992366412,13.358778625954198,-4.511450381679389,21.09470588235294
1762115529,3403.11800 N,08408.02738 W,317.0,07,1.53,33.279,2.61,1.53,3.1675287963867187,2.7150246826171873,-7.058106494140625,-12.458015267175572,-11.526717557251908,43.63358778625954,21.09470588235294
1762115530,3403.11800 N,08408.02738 W,317.0,07,1.53,33.279,2.61,1.53,0.6655880615234374,2.9544448486328125,-8.710105639648438,-1.8549618320610688,-42.81679389312977,47.732824427480914,21.000588235294117
1762115531,3403.10862 N,08408.02868 W,316.1,08,1.40,33.279,2.61,1.53,2.7150246826171873,4.163516687011718,-11.298237634277344,-1.786259541984733,-19.38167938931298,-8.366412213740459,21.09470588235294
1762115532,3403.10862 N,08408.02868 W,316.1,08,1.40,33.279,2.36,1.40,2.4157494750976563,4.398148449707031,-10.096348400878906,-6.374045801526718,3.83206106870229,-9.86259541984733,21.141764705882352
1762115533,3403.10862 N,08408.02868 W,316.1,08,1.40,33.279,2.36,1.40,2.2960393920898436,1.9584569580078124,-5.5545478515625,-25.68702290076336,7.5038167938931295,-34.29007633587786,21.04764705882353
1762115534,3403.10862 N,08408.02868 W,316.1,08,1.40,33.279,2.36,1.40,2.3678654418945313,1.2761094848632812,-10.64222637939453,23.748091603053435,15.86259541984733,-38.18320610687023,21.04764705882353
1762115535,3403.10862 N,08408.02868 W,316.1,08,1.40,33.279,2.36,1.40,3.1962592163085937,3.5913024902343746,-11.382034692382812,-1.0381679389312977,3.1526717557251906,7.0458015267175576,21.141764705882352
1762115536,3403.10862 N,08408.02868 W,316.1,08,1.40,33.279,2.36,1.40,3.086125939941406,2.549824768066406,-7.388506323242187,-14.961832061068701,-6.847328244274809,42.0763358778626,21.141764705882352
1762115537,3403.10862 N,08408.02868 W,316.1,08,1.40,31.567,2.36,1.40,0.8906430175781249,3.3638533325195312,-8.655039001464843,-21.061068702290076,-7.572519083969466,68.74809160305344,21.09470588235294
1762115538,3403.10862 N,08408.02868 W,316.1,08,1.40,31.567,2.36,1.40,2.085349645996094,4.067748620605468,-10.651803186035156,2.564885496183206,-34.12977099236641,-15.183206106870228,21.28294117647059
1762115539,3403.09963 N,08408.02979 W,315.5,09,1.40,31.567,2.36,1.40,2.0350714111328125,3.6248213134765623,-9.888052856445311,6.1603053435114505,23.267175572519083,-5.580152671755725,21.188823529411764
1762115540,3403.09963 N,08408.02979 W,315.5,09,1.40,31.567,2.36,1.40,1.7094599853515624,1.7453730102539062,-6.1459156616210935,-5.809160305343512,-9.580152671755725,-58.61832061068702,21.188823529411764
1762115541,3403.09963 N,08408.02979 W,315.5,09,1.40,31.567,2.36,1.40,1.889025109863281,1.6400281372070311,-10.460267053222656,8.648854961832061,15.351145038167939,3.5114503816793894,21.188823529411764
1762115542,3403.09963 N,08408.02979 W,315.5,09,1.40,31.567,2.36,1.40,2.499546533203125,3.7995980346679685,-11.59990704345703,3.2748091603053435,-2.3282442748091605,1.297709923664122,21.09470588235294
1762115543,3403.09963 N,08408.02979 W,315.5,09,1.40,31.567,2.36,1.40,2.741360900878906,2.1691467041015624,-6.835445739746094,0.4198473282442748,-8.557251908396946,21.541984732824428,21.188823529411764
1762115544,3403.09963 N,08408.02979 W,315.5,09,1.40,31.567,2.36,1.40,0.7685387329101562,2.6288334228515624,-8.303091357421874,-5.549618320610687,-13.648854961832061,53.58015267175573,21.188823529411764
1762115545,3403.09963 N,08408.02979 W,315.5,09,1.40,30.306,2.36,1.40,1.4341267944335936,4.613626599121093,-10.374075793457031,10.183206106870228,-39.61832061068702,3.122137404580153,21.141764705882352
1762115546,3403.09963 N,08408.02979 W,315.5,09,1.40,30.306,2.36,1.40,2.300827795410156,3.88818349609375,-10.12507882080078,-5.8396946564885495,-0.45038167938931295,-2.732824427480916,21.141764705882352
1762115547,3403.09103 N,08408.03074 W,315.3,09,0.95,30.306,2.36,1.40,2.0374656127929685,1.9321207397460936,-5.987898352050781,-12.969465648854962,2.1908396946564888,-48.14503816793893,21.235882352941175
1762115548,3403.09103 N,08408.03074 W,315.3,09,0.95,30.306,1.78,0.95,1.9847931762695312,2.1356278808593747,-9.943119494628906,2.7022900763358777,16.954198473282442,-15.854961832061068,21.188823529411764
1762115549,3403.09103 N,08408.03074 W,315.3,09,0.95,30.306,1.78,0.95,2.2290017456054687,3.5482068603515624,-10.91037696533203,-6.129770992366412,3.2595419847328246,-0.6030534351145038,21.188823529411764
1762115550,3403.09103 N,08408.03074 W,315.3,09,0.95,30.306,1.78,0.95,2.1021090576171875,3.1962592163085937,-8.678981018066406,7.1603053435114505,-7.450381679389313,9.877862595419847,21.141764705882352
1762115551,3403.09103 N,08408.03074 W,315.3,09,0.95,30.306,1.78,0.95,1.4700398193359374,3.2225954345703123,-7.60398447265625,-28.30534351145038,-16.31297709923664,80.51908396946565,21.235882352941175
1762115552,3403.09103 N,08408.03074 W,315.3,09,0.95,30.306,1.78,0.95,0.8499415893554687,3.1507693847656246,-11.168950744628905,1.1984732824427482,3.068702290076336,37.595419847328245,21.235882352941175
1762115553,3403.09103 N,08408.03074 W,315.3,09,0.95,30.047,1.78,0.95,1.7764976318359373,3.864241479492187,-10.218452685546874,-1.3587786259541985,4.587786259541985,8.625954198473282,21.28294117647059
1762115554,3403.09103 N,08408.03074 W,315.3,09,0.95,30.047,1.78,0.95,2.0638018310546875,2.9544448486328125,-6.797138513183594,-15.923664122137405,3.4580152671755724,-35.50381679389313,21.188823529411764
1762115555,3403.08270 N,08408.03198 W,314.5,09,0.95,30.047,1.78,0.95,1.8650830932617186,0.86191259765625,-9.138667736816405,14.145038167938932,1.633587786259542,-38.030534351145036,21.235882352941175
1762115556,3403.08270 N,08408.03198 W,314.5,09,0.95,30.047,1.78,0.95,3.3111808959960936,3.6559459350585937,-11.877634436035155,16.236641221374047,-18.12213740458015,-59.343511450381676,21.28294117647059
1762115557,3403.08270 N,08408.03198 W,314.5,09,0.95,30.047,1.78,0.95,2.6862942626953124,4.355052819824219,-9.674968908691406,-15.045801526717558,3.7022900763358777,27.977099236641223,21.235882352941175
1762115558,3403.08270 N,08408.03198 W,314.5,09,0.95,30.047,1.78,0.95,2.3056161987304686,2.427720483398437,-6.48589229736328,-9.305343511450381,-14.786259541984732,15.076335877862595,21.188823529411764
1762115559,3403.08270 N,08408.03198 W,314.5,09,0.95,30.047,1.78,0.95,1.0079588989257813,3.871424084472656,-9.919177478027343,1.702290076335878,-23.358778625954198,37.961832061068705,21.28294117647059
1762115560,3403.08270 N,08408.03198 W,314.5,09,0.95,30.047,1.78,0.95,2.138022082519531,5.159504577636718,-10.053252770996092,0.15267175572519084,-20.099236641221374,10.595419847328245,21.28294117647059
1762115561,3403.08270 N,08408.03198 W,314.5,09,0.95,30.350,1.78,0.95,1.5394716674804687,3.8570588745117185,-9.277531433105468,-7.465648854961832,35.091603053435115,0.4580152671755725,21.235882352941175
1762115562,3403.08270 N,08408.03198 W,314.5,09,0.95,30.350,1.78,0.95,1.2713210815429687,2.4013842651367185,-6.251260534667968,-3.114503816793893,-6.786259541984733,-46.343511450381676,21.28294117647059
1762115563,3403.07435 N,08408.03320 W,313.8,09,0.95,30.350,1.78,0.95,1.8626888916015625,1.2832920898437499,-10.16338604736328,14.183206106870228,23.702290076335878,-34.274809160305345,21.330000000000002
1762115564,3403.07435 N,08408.03320 W,313.8,09,0.95,30.350,1.78,0.95,1.7166425903320313,3.9719805541992184,-10.409988818359375,4.763358778625954,-0.44274809160305345,-1.1603053435114503,21.141764705882352
1762115565,3403.07435 N,08408.03320 W,313.8,09,0.95,30.350,1.78,0.95,2.1619640991210938,2.940079638671875,-7.936778503417968,-14.145038167938932,-23.938931297709924,26.69465648854962,21.235882352941175
1762115566,3403.07435 N,08408.03320 W,313.8,09,0.95,30.350,1.78,0.95,0.4572925170898437,2.7964275390625,-7.0461354858398435,-5.374045801526718,-12.770992366412214,34.786259541984734,21.235882352941175
1762115567,3403.07435 N,08408.03320 W,313.8,09,0.95,30.350,1.78,0.95,1.2928688964843749,4.742913488769531,-10.747571252441405,6.534351145038168,-41.82442748091603,-0.9465648854961832,21.330000000000002
1762115568,3403.07435 N,08408.03320 W,313.8,09,0.95,30.350,1.78,0.95,2.176329309082031,3.4644098022460934,-10.041281762695311,1.7633587786259541,15.610687022900763,-31.236641221374047,21.28294117647059
1762115569,3403.07435 N,08408.03320 W,313.8,09,0.95,30.624,1.78,0.95,1.9656395629882812,3.1100679565429687,-6.861781958007812,-6.2748091603053435,-6.0534351145038165,-21.885496183206108,21.330000000000002
1762115571,3403.07435 N,08408.03320 W,313.8,09,0.95,30.624,1.78,0.95,1.6711527587890624,1.2497732666015624,-9.471461767578125,17.778625954198475,20.045801526717558,-44.89312977099237,21.28294117647059
1762115572,3403.06602 N,08408.03468 W,312.9,08,1.01,30.624,1.78,0.95,2.2577321655273437,3.1866824096679687,-11.092336291503905,-17.763358778625953,11.259541984732824,19.603053435114504,21.235882352941175
1762115573,3403.06602 N,08408.03468 W,312.9,08,1.01,30.624,2.21,1.01,2.4947581298828125,3.744531396484375,-7.201758593749999,-18.85496183206107,-21.450381679389313,20.015267175572518,21.28294117647059
1762115574,3403.06602 N,08408.03468 W,312.9,08,1.01,30.624,2.21,1.01,1.0534487304687499,3.5793314819335937,-7.893682873535155,12.274809160305344,-23.48854961832061,22.954198473282442,21.28294117647059
1762115575,3403.06602 N,08408.03468 W,312.9,08,1.01,30.624,2.21,1.01,2.7629087158203123,4.639962817382812,-10.735600244140624,23.106870229007633,-18.740458015267176,-42.35114503816794,21.330000000000002
1762115576,3403.06602 N,08408.03468 W,312.9,08,1.01,30.624,2.21,1.01,2.4588451049804685,3.1100679565429687,-10.103531005859374,-6.083969465648855,26.801526717557252,-20.03053435114504,21.28294117647059
1762115577,3403.06602 N,08408.03468 W,312.9,08,1.01,30.624,2.21,1.01,2.0925322509765625,2.5258827514648434,-6.308721374511719,-23.33587786259542,-2.4885496183206106,-12.648854961832061,21.28294117647059
1762115578,3403.06602 N,08408.03468 W,312.9,08,1.01,33.968,2.21,1.01,3.5601778686523438,1.4987702392578124,-10.342951171874999,-16.0381679389313,19.022900763358777,-30.83969465648855,21.235882352941175
1762115579,3403.06602 N,08408.03468 W,312.9,08,1.01,33.968,2.21,1.01,2.262520568847656,4.778826513671874,-10.283096130371094,0.4580152671755725,-0.7404580152671756,2.618320610687023,21.235882352941175
1762115580,3403.05725 N,08408.03737 W,311.8,08,1.01,33.968,2.21,1.01,2.2744915771484373,3.1579519897460937,-5.475539196777343,15.885496183206106,7.221374045801527,-2.7251908396946565,21.235882352941175
1762115581,3403.05725 N,08408.03737 W,311.8,08,1.01,33.968,2.21,1.01,0.6679822631835937,3.1411925781249996,-9.418789331054686,-16.015267175572518,-33.091603053435115,57.64885496183206,21.330000000000002
1762115582,3403.05725 N,08408.03737 W,311.8,08,1.01,33.968,2.21,1.01,3.356670727539062,5.521029028320312,-9.935936889648437,-43.969465648854964,-19.625954198473284,21.16030534351145,21.377058823529413
1762115583,3403.05725 N,08408.03737 W,311.8,08,1.01,33.968,2.21,1.01,2.4396914916992185,3.6296097167968746,-9.655815295410155,7.824427480916031,13.076335877862595,-27.83206106870229,21.235882352941175
1762115584,3403.05725 N,08408.03737 W,311.8,08,1.01,33.968,2.21,1.01,2.2840683837890623,1.7429788085937499,-6.351817004394531,-10.0,14.091603053435115,-40.19083969465649,21.28294117647059
1762115585,3403.05725 N,08408.03737 W,311.8,08,1.01,33.968,2.21,1.01,1.7405846069335937,3.210624426269531,-10.69968721923828,20.946564885496183,-13.114503816793894,-34.221374045801525,21.330000000000002
1762115586,3403.05725 N,08408.03737 W,311.8,08,1.01,31.637,2.21,1.01,2.6192566162109374,4.479551306152343,-9.540893615722656,2.2519083969465647,-1.213740458015267,-0.20610687022900764,21.330000000000002
1762115587,3403.05725 N,08408.03737 W,311.8,08,1.01,31.637,2.21,1.01,2.5617957763671875,3.3710359375,-7.175422375488281,-5.564885496183206,-19.778625954198475,29.786259541984734,21.235882352941175
1762115588,3403.04866 N,08408.04038 W,311.0,08,1.08,31.637,2.21,1.01,0.296881005859375,2.8467057739257813,-8.051700183105469,-9.664122137404581,-13.16030534351145,51.099236641221374,21.28294117647059
1762115589,3403.04866 N,08408.04038 W,311.0,08,1.08,31.637,2.27,1.08,1.6735469604492186,4.833893151855468,-11.973402502441406,27.72519083969466,-39.091603053435115,-11.931297709923664,21.28294117647059
1762115590,3403.04866 N,08408.04038 W,311.0,08,1.08,31.637,2.27,1.08,1.9009961181640624,3.8379052612304685,-9.469067565917967,-14.770992366412214,12.282442748091603,4.236641221374046,21.28294117647059
1762115591,3403.04866 N,08408.04038 W,311.0,08,1.08,31.637,2.27,1.08,1.139639990234375,1.8028338500976562,-6.600813977050781,-8.610687022900763,-2.1755725190839694,-28.84732824427481,21.188823529411764
1762115592,3403.04866 N,08408.04038 W,311.0,08,1.08,31.637,2.27,1.08,0.6560112548828124,1.6448165405273436,-11.06360587158203,-9.236641221374045,30.427480916030536,27.450381679389313,21.330000000000002
1762115593,3403.04866 N,08408.04038 W,311.0,08,1.08,31.637,2.27,1.08,1.6328455322265625,4.165910888671875,-10.129867224121092,-2.9083969465648853,3.6717557251908395,4.1679389312977095,21.28294117647059
1762115594,3403.04866 N,08408.04038 W,311.0,08,1.08,32.769,2.27,1.08,2.001552587890625,2.5258827514648434,-6.72291826171875,-6.526717557251908,-11.67175572519084,20.908396946564885,21.235882352941175
1762115595,3403.04866 N,08408.04038 W,311.0,08,1.08,32.769,2.27,1.08,0.6655880615234374,2.9927520751953125,-8.66940421142578,12.725190839694656,-7.587786259541985,27.610687022900763,21.330000000000002
1762115596,3403.04009 N,08408.04387 W,310.3,08,1.59,32.769,2.27,1.08,2.023100402832031,4.6998178588867185,-9.832986218261718,-18.519083969465647,-34.43511450381679,15.122137404580153,21.28294117647059
1762115597,3403.04009 N,08408.04387 W,310.3,08,1.59,32.769,3.30,1.59,2.2601263671875,4.256890551757812,-9.658209497070311,12.98473282442748,9.061068702290076,-15.687022900763358,21.235882352941175
1762115598,3403.04009 N,08408.04387 W,310.3,08,1.59,32.769,3.30,1.59,1.5035586425781249,2.2481553588867187,-6.8593877563476555,-5.816793893129771,4.083969465648855,-67.29770992366412,21.28294117647059
1762115599,3403.04009 N,08408.04387 W,310.3,08,1.59,32.769,3.30,1.59,2.1595698974609374,0.9600748657226562,-9.734823950195311,25.47328244274809,21.290076335877863,-37.86259541984733,21.330000000000002
1762115600,3403.04009 N,08408.04387 W,310.3,08,1.59,32.769,3.30,1.59,2.829946362304687,3.7110125732421873,-10.01015714111328,-15.679389312977099,22.870229007633586,25.49618320610687,21.377058823529413
1762115601,3403.04009 N,08408.04387 W,310.3,08,1.59,32.769,3.30,1.59,2.4349030883789062,3.854664672851562,-8.657433203124999,-6.442748091603053,-9.396946564885496,19.297709923664122,21.330000000000002
1762115602,3403.04009 N,08408.04387 W,310.3,08,1.59,34.345,3.30,1.59,1.1659762084960936,2.518700146484375,-7.194575988769531,-14.419847328244275,0.5038167938931297,41.62595419847328,21.424117647058825
1762115603,3403.04009 N,08408.04387 W,310.3,08,1.59,34.345,3.30,1.59,2.961627453613281,4.886565588378906,-9.713276135253906,-47.11450381679389,-29.61832061068702,36.954198473282446,21.28294117647059
1762115604,3403.03117 N,08408.04742 W,309.4,09,1.59,34.345,3.30,1.59,2.059013427734375,4.1563340820312495,-8.463502868652343,-5.8320610687022905,46.81679389312977,-15.129770992366412,21.377058823529413
1762115605,3403.03117 N,08408.04742 W,309.4,09,1.59,34.345,3.29,1.59,1.9105729248046874,2.195482922363281,-6.277596752929687,-21.106870229007633,6.801526717557252,-27.893129770992367,20.718235294117648
1762115606,3403.03117 N,08408.04742 W,309.4,09,1.59,34.345,3.29,1.59,3.6918589599609373,3.35188232421875,-11.923124267578125,23.366412213740457,-4.824427480916031,-48.908396946564885,21.330000000000002
1762115607,3403.03117 N,08408.04742 W,309.4,09,1.59,34.345,3.29,1.59,3.189076611328125,3.6583401367187496,-8.341398583984375,-0.366412213740458,-19.328244274809162,8.65648854961832,21.377058823529413
1762115608,3403.03117 N,08408.04742 W,309.4,09,1.59,34.345,3.29,1.59,1.180341418457031,2.8730419921875,-7.558494641113281,7.0534351145038165,-6.465648854961832,34.98473282442748,21.377058823529413
1762115609,3403.03117 N,08408.04742 W,309.4,09,1.59,34.345,3.29,1.59,2.0829554443359375,4.781220715332031,-11.2240173828125,11.114503816793894,-47.25954198473283,-31.47328244274809,21.424117647058825
1762115610,3403.03117 N,08408.04742 W,309.4,09,1.59,33.818,3.29,1.59,2.849099975585937,4.070142822265625,-9.0788126953125,19.458015267175572,41.85496183206107,-12.290076335877863,20.718235294117648
1762115611,3403.03117 N,08408.04742 W,309.4,09,1.59,33.818,3.29,1.59,2.123656872558594,3.1675287963867187,-6.129156249999999,2.9618320610687023,-12.580152671755725,-52.06870229007634,21.424117647058825
1762115612,3403.02234 N,08408.05106 W,309.3,09,1.01,33.818,3.29,1.59,2.6144682128906247,1.0103531005859374,-9.414000927734374,12.694656488549619,-1.0305343511450382,-35.045801526717554,20.718235294117648
1762115613,3403.02234 N,08408.05106 W,309.3,09,1.01,33.818,2.21,1.01,3.4524387939453125,4.477157104492187,-11.006145031738281,-2.114503816793893,-10.786259541984732,-14.099236641221374,21.471176470588237
1762115614,3403.02234 N,08408.05106 W,309.3,09,1.01,33.818,2.21,1.01,2.243366955566406,4.048595007324218,-9.330203869628905,-2.312977099236641,-25.916030534351144,17.328244274809162,21.377058823529413
1762115615,3403.02234 N,08408.05106 W,309.3,09,1.01,33.818,2.21,1.01,1.369483349609375,2.1260510742187497,-6.497863305664062,-19.519083969465647,-17.106870229007633,41.66412213740458,21.377058823529413
1762115616,3403.02234 N,08408.05106 W,309.3,09,1.01,33.818,2.21,1.01,1.0893617553710937,4.824316345214844,-9.497797985839844,-0.9618320610687023,12.374045801526718,36.23664122137404,21.471176470588237
1762115617,3403.02234 N,08408.05106 W,309.3,09,1.01,33.818,2.21,1.01,2.4660277099609376,4.000710974121094,-9.89523546142578,-7.229007633587786,12.98473282442748,6.3893129770992365,21.471176470588237
1762115618,3403.02234 N,08408.05106 W,309.3,09,1.01,32.949,2.21,1.01,1.8842367065429686,3.2920272827148436,-6.277596752929687,-13.435114503816793,-9.419847328244275,-52.12213740458015,22.177058823529414
1762115619,3403.02234 N,08408.05106 W,309.3,09,1.01,32.949,2.21,1.01,2.0183119995117185,0.4525041137695312,-9.478644372558593,18.076335877862597,-2.946564885496183,-58.98473282442748,21.56529411764706
1762115620,3403.01398 N,08408.05515 W,308.8,09,0.95,32.949,2.21,1.01,3.6080619018554687,3.3207577026367185,-10.134655627441406,-13.938931297709924,11.877862595419847,17.83206106870229,20.76529411764706
1762115621,3403.01398 N,08408.05515 W,308.8,09,0.95,32.949,1.78,0.95,1.8411410766601561,4.046200805664062,-9.294290844726563,-17.38167938931298,-14.969465648854962,35.3206106870229,21.56529411764706
1762115622,3403.01398 N,08408.05515 W,308.8,09,0.95,32.949,1.78,0.95,2.0877438476562498,1.8219874633789062,-6.5218053222656245,-22.419847328244273,-7.099236641221374,10.488549618320612,21.471176470588237
1762115623,3403.01398 N,08408.05515 W,308.8,09,0.95,32.949,1.78,0.95,0.8116343627929687,3.81156904296875,-9.572018237304688,-48.595419847328245,-14.34351145038168,50.778625954198475,21.471176470588237
1762115624,3403.01398 N,08408.05515 W,308.8,09,0.95,32.949,1.78,0.95,2.085349645996094,3.9456443359374997,-10.295067138671874,5.6106870229007635,-21.580152671755727,1.7557251908396947,21.471176470588237
1762115625,3403.01398 N,08408.05515 W,308.8,09,0.95,32.949,1.78,0.95,2.0063409912109376,2.9448680419921875,-7.484274389648437,23.00763358778626,20.9618320610687,-54.93893129770992,21.56529411764706
1762115626,3403.01398 N,08408.05515 W,308.8,09,0.95,35.252,1.78,0.95,1.5969325073242187,1.1923124267578125,-6.737283471679687,-8.412213740458014,13.50381679389313,-41.595419847328245,21.51823529411765
1762115627,3403.01398 N,08408.05515 W,308.8,09,0.95,35.252,1.78,0.95,1.7956512451171873,1.675941162109375,-11.508927380371093,15.541984732824428,-26.709923664122137,-35.12213740458015,21.51823529411765
1762115628,3403.00541 N,08408.06028 W,307.7,09,0.95,35.252,1.78,0.95,1.3766659545898436,3.7995980346679685,-10.283096130371094,-15.389312977099237,-13.717557251908397,18.50381679389313,21.61235294117647
1762115629,3403.00541 N,08408.06028 W,307.7,09,0.95,35.252,1.78,0.95,2.6886884643554687,3.27526787109375,-9.004592443847656,-2.183206106870229,-28.64885496183206,-4.67175572519084,21.471176470588237
1762115630,3403.00541 N,08408.06028 W,307.7,09,0.95,35.252,1.78,0.95,0.22744915771484372,3.2225954345703123,-7.967903124999999,-11.908396946564885,-16.541984732824428,43.70992366412214,21.56529411764706
1762115631,3403.00541 N,08408.06028 W,307.7,09,0.95,35.252,1.78,0.95,3.1220389648437497,4.086902233886718,-10.445901843261717,-14.65648854961832,-27.87786259541985,11.17557251908397,21.659411764705883
1762115632,3403.00541 N,08408.06028 W,307.7,09,0.95,35.252,1.78,0.95,2.454056701660156,3.347093920898437,-9.107543115234375,0.366412213740458,-1.2061068702290076,-37.16793893129771,21.56529411764706
1762115633,3403.00541 N,08408.06028 W,307.7,09,0.95,35.252,1.78,0.95,1.944091748046875,2.3247698120117186,-9.524134204101562,18.641221374045802,-0.19083969465648856,-37.38931297709924,21.51823529411765
1762115634,3403.00541 N,08408.06028 W,307.7,09,0.95,34.024,1.78,0.95,2.4205378784179685,4.211400720214844,-10.060435375976562,-32.94656488549618,32.038167938931295,22.17557251908397,21.56529411764706
1762115635,3403.00541 N,08408.06028 W,307.7,09,0.95,34.024,1.78,0.95,2.3726538452148436,3.3207577026367185,-8.858546142578124,-17.82442748091603,-0.4198473282442748,11.129770992366412,21.56529411764706
1762115636,3402.99760 N,08408.06680 W,305.0,09,0.95,34.024,1.78,0.95,0.08379705810546874,3.0933085449218747,-7.64229169921875,-4.908396946564886,-14.19083969465649,46.69465648854962,21.659411764705883
1762115637,3402.99760 N,08408.06680 W,305.0,09,0.95,34.024,1.78,0.95,2.703053674316406,4.299986181640625,-10.594342346191405,2.5572519083969465,-23.244274809160306,2.2213740458015265,21.56529411764706
1762115638,3402.99760 N,08408.06680 W,305.0,09,0.95,34.024,1.78,0.95,1.7741034301757812,2.8227637573242186,-9.76116016845703,-14.84732824427481,-60.091603053435115,43.57251908396947,21.51823529411765
1762115639,3402.99760 N,08408.06680 W,305.0,09,0.95,34.024,1.78,0.95,3.086125939941406,3.907337109375,-10.273519323730468,-2.9236641221374047,52.87022900763359,-62.82442748091603,21.51823529411765
1762115640,3402.99760 N,08408.06680 W,305.0,09,0.95,34.024,1.78,0.95,1.4867992309570313,3.356670727539062,-7.036558679199218,-9.13740458015267,-1.7938931297709924,35.32824427480916,21.51823529411765
1762115641,3402.99760 N,08408.06680 W,305.0,09,0.95,34.024,1.78,0.95,0.4836287353515625,3.555389465332031,-10.254365710449218,-8.267175572519085,0.3969465648854962,53.587786259541986,21.51823529411765
1762115642,3402.99760 N,08408.06680 W,305.0,09,0.95,35.345,1.78,0.95,1.924938134765625,3.8857892944335934,-10.77630167236328,1.4427480916030535,-2.595419847328244,8.702290076335878,21.51823529411765
1762115643,3402.99760 N,08408.06680 W,305.0,09,0.95,35.345,1.78,0.95,2.578555187988281,2.389413256835937,-6.581660363769531,11.244274809160306,-0.5877862595419847,-37.80152671755725,21.51823529411765
1762115644,3402.98971 N,08408.07407 W,303.8,09,0.95,35.345,1.78,0.95,1.8028338500976562,1.2785036865234374,-8.05648858642578,-3.282442748091603,7.480916030534351,-27.091603053435115,21.56529411764706
1762115645,3402.98971 N,08408.07407 W,303.8,09,0.95,35.345,1.78,0.95,1.8411410766601561,2.7365724975585937,-10.58476553955078,12.412213740458014,10.526717557251908,-27.3206106870229,21.61235294117647
1762115646,3402.98971 N,08408.07407 W,303.8,09,0.95,35.345,1.78,0.95,1.6519991455078125,3.8690298828125,-10.290278735351562,-3.213740458015267,2.1755725190839694,-8.51908396946565,21.61235294117647
1762115647,3402.98971 N,08408.07407 W,303.8,09,0.95,35.345,1.78,0.95,1.9871873779296874,2.7820623291015623,-9.102754711914063,1.8702290076335877,-19.16793893129771,23.984732824427482,21.51823529411765
1762115648,3402.98971 N,08408.07407 W,303.8,09,0.95,35.345,1.78,0.95,1.2904746948242187,1.7262193969726563,-5.916072302246094,-2.4122137404580153,1.2290076335877862,27.137404580152673,21.659411764705883
1762115649,3402.98971 N,08408.07407 W,303.8,09,0.95,35.345,1.78,0.95,0.8810662109374999,4.469974499511719,-9.272743029785156,-32.37404580152672,-9.236641221374045,38.038167938931295,21.61235294117647
1762115650,3402.98971 N,08408.07407 W,303.8,09,0.95,35.695,1.78,0.95,1.924938134765625,3.873818286132812,-10.036493359375,4.076335877862595,-2.6564885496183206,11.564885496183207,21.51823529411765
1762115651,3402.98971 N,08408.07407 W,303.8,09,0.95,35.695,1.78,0.95,1.898601916503906,4.11802685546875,-7.311891870117187,-7.343511450381679,13.961832061068701,-27.374045801526716,21.61235294117647
1762115652,3402.98170 N,08408.08146 W,303.5,09,0.95,35.695,1.78,0.95,1.599326708984375,1.180341418457031,-7.42441934814453,15.053435114503817,-16.022900763358777,-41.82442748091603,21.56529411764706
1762115653,3402.98170 N,08408.08146 W,303.5,09,0.95,35.695,1.78,0.95,2.3223756103515623,2.4564509033203126,-11.645396875,20.900763358778626,-7.564885496183206,-43.14503816793893,21.706470588235295
1762115654,3402.98170 N,08408.08146 W,303.5,09,0.95,35.695,1.78,0.95,2.916137622070312,3.383006945800781,-10.330980163574218,1.0458015267175573,17.229007633587788,-6.145038167938932,21.51823529411765
1762115655,3402.98170 N,08408.08146 W,303.5,09,0.95,35.695,1.78,0.95,1.668758557128906,2.281674182128906,-6.007051965332031,14.893129770992367,-37.43511450381679,-6.0534351145038165,21.659411764705883
1762115656,3402.98170 N,08408.08146 W,303.5,09,0.95,35.695,1.78,0.95,1.388636962890625,4.548983154296875,-8.281543542480469,-7.893129770992366,-5.938931297709924,30.610687022900763,21.471176470588237
1762115657,3402.98170 N,08408.08146 W,303.5,09,0.95,35.695,1.78,0.95,2.032677209472656,3.6367923217773437,-9.957484704589843,-6.320610687022901,-6.694656488549619,2.8931297709923665,21.61235294117647
1762115658,3402.98170 N,08408.08146 W,303.5,09,0.95,36.517,1.78,0.95,2.023100402832031,3.028665100097656,-7.991845141601562,1.0381679389312977,3.595419847328244,-45.12213740458015,21.56529411764706
1762115659,3402.98170 N,08408.08146 W,303.5,09,0.95,36.517,1.78,0.95,1.5586252807617187,0.9864110839843749,-9.112331518554686,25.396946564885496,19.404580152671755,-38.01526717557252,21.56529411764706
1762115660,3402.97362 N,08408.08913 W,302.9,09,0.95,36.517,1.78,0.95,2.8227637573242186,3.2130186279296873,-10.960655200195312,-26.213740458015266,-4.022900763358779,21.0381679389313,21.61235294117647
1762115661,3402.97362 N,08408.08913 W,302.9,09,0.95,36.517,1.78,0.95,2.492363928222656,3.323151904296875,-9.212887988281249,-7.106870229007634,2.5267175572519083,10.641221374045802,21.61235294117647
1762115662,3402.97362 N,08408.08913 W,302.9,09,0.95,36.517,1.78,0.95,0.699106884765625,2.5546131713867184,-7.41244833984375,-1.4885496183206106,-14.15267175572519,62.458015267175576,21.659411764705883
1762115663,3402.97362 N,08408.08913 W,302.9,09,0.95,36.517,1.78,0.95,2.6503812377929687,3.5913024902343746,-10.769119067382812,-2.0381679389312977,-2.984732824427481,-18.00763358778626,21.51823529411765
1762115664,3402.97362 N,08408.08913 W,302.9,09,0.95,36.517,1.78,0.95,-0.00718260498046875,3.842693664550781,-8.544905725097657,2.572519083969466,-23.015267175572518,2.6412213740458017,21.51823529411765
1762115665,3402.97362 N,08408.08913 W,302.9,09,0.95,36.517,1.78,0.95,1.7788918334960937,4.486733911132812,-8.580818749999999,-0.8854961832061069,3.0381679389312977,3.4580152671755724,21.51823529411765
1762115666,3402.97362 N,08408.08913 W,302.9,09,0.95,36.766,1.78,0.95,1.5921441040039062,3.77326181640625,-9.267954626464844,4.0458015267175576,0.08396946564885496,4.343511450381679,21.61235294117647
1762115667,3402.97362 N,08408.08913 W,302.9,09,0.95,36.766,1.78,0.95,1.3670891479492187,3.8857892944335934,-8.602366564941406,4.358778625954199,-1.4809160305343512,-15.114503816793894,21.61235294117647
1762115669,3402.96566 N,08408.09685 W,302.3,09,0.95,36.766,1.78,0.95,1.5298948608398437,3.785232824707031,-8.901641772460938,-3.984732824427481,-0.5801526717557252,-1.3893129770992367,21.61235294117647
1762115670,3402.96566 N,08408.09685 W,302.3,09,0.95,36.766,1.78,0.95,1.2737152832031249,3.883395092773437,-8.836998327636719,3.053435114503817,-3.49618320610687,-4.0,21.51823529411765
1762115671,3402.96566 N,08408.09685 W,302.3,09,0.95,36.766,1.78,0.95,0.5123591552734374,2.9281086303710935,-8.927977990722656,-1.2213740458015268,-2.83206106870229,-5.190839694656488,21.56529411764706
1762115672,3402.96566 N,08408.09685 W,302.3,09,0.95,36.766,1.78,0.95,0.22026655273437498,2.882618798828125,-9.303867651367186,-3.312977099236641,-2.687022900763359,2.5114503816793894,21.659411764705883
1762115673,3402.96566 N,08408.09685 W,302.3,09,0.95,36.766,1.78,0.95,0.09816226806640624,2.6288334228515624,-9.351751684570312,-0.3893129770992366,-0.32061068702290074,-0.5877862595419847,21.659411764705883
1762115674,3402.96566 N,08408.09685 W,302.3,09,0.95,36.766,1.78,0.95,0.6703764648437499,2.0973206542968748,-9.53131680908203,-2.6030534351145036,2.83206106870229,-8.633587786259541,21.471176470588237
1762115675,3402.96566 N,08408.09685 W,302.3,09,0.95,36.340,1.78,0.95,0.2657563842773437,3.7205893798828122,-9.988609326171874,14.358778625954198,19.061068702290076,-1.3969465648854962,21.56529411764706
1762115676,3402.96566 N,08408.09685 W,302.3,09,0.95,36.340,1.78,0.95,1.0678139404296874,2.442085693359375,-7.522581616210937,-12.98473282442748,-17.587786259541986,19.076335877862597,21.56529411764706
1762115677,3402.95779 N,08408.10457 W,300.5,09,0.95,36.340,1.78,0.95,0.8978256225585937,3.821145849609375,-7.326257080078125,22.938931297709924,-25.549618320610687,-4.0458015267175576,21.56529411764706
1762115678,3402.95779 N,08408.10457 W,300.5,09,0.95,36.340,1.78,0.95,1.3718775512695311,4.534617944335937,-10.103531005859374,-11.17557251908397,-44.725190839694655,20.091603053435115,21.61235294117647
1762115679,3402.95779 N,08408.10457 W,300.5,09,0.95,36.340,1.78,0.95,1.924938134765625,3.3016040893554686,-8.927977990722656,3.2442748091603053,14.51908396946565,-15.290076335877863,21.61235294117647
1762115680,3402.95779 N,08408.10457 W,300.5,09,0.95,36.340,1.78,0.95,1.5729904907226562,1.659181750488281,-7.165845568847656,-9.702290076335878,9.793893129770993,-35.6412213740458,21.51823529411765
1762115681,3402.95779 N,08408.10457 W,300.5,09,0.95,36.340,1.78,0.95,0.316034619140625,2.128445275878906,-11.633425866699218,69.54198473282443,-15.396946564885496,-78.02290076335878,21.659411764705883
1762115682,3402.95779 N,08408.10457 W,300.5,09,0.95,36.340,1.78,0.95,1.4149731811523436,4.094084838867187,-10.194510668945313,-11.091603053435115,-2.351145038167939,17.114503816793892,21.61235294117647
1762115683,3402.95779 N,08408.10457 W,300.5,09,0.95,35.793,1.78,0.95,1.7812860351562498,2.4444798950195312,-6.68461103515625,-10.17557251908397,-13.244274809160306,7.511450381679389,21.56529411764706
1762115684,3402.95779 N,08408.10457 W,300.5,09,0.95,35.793,1.78,0.95,-0.3687070556640625,3.3638533325195312,-11.087547888183593,-58.3587786259542,-0.7404580152671756,79.05343511450381,21.56529411764706
1762115685,3402.95026 N,08408.11264 W,298.8,09,0.95,35.793,1.78,0.95,1.254561669921875,2.2673089721679687,-9.986215124511718,-11.977099236641221,-0.7709923664122137,14.900763358778626,21.61235294117647
1762115686,3402.95026 N,08408.11264 W,298.8,09,0.95,35.793,1.78,0.95,1.3623007446289062,2.463633508300781,-9.083601098632812,12.34351145038168,1.1984732824427482,-29.38167938931298,21.56529411764706
1762115687,3402.95026 N,08408.11264 W,298.8,09,0.95,35.793,1.78,0.95,2.1811177124023438,2.6815058593749996,-9.665392102050781,2.931297709923664,-9.763358778625955,10.290076335877863,21.51823529411765
1762115688,3402.95026 N,08408.11264 W,298.8,09,0.95,35.793,1.78,0.95,1.7788918334960937,0.6560112548828124,-9.581595043945311,12.404580152671755,-9.381679389312977,-23.076335877862597,21.51823529411765
1762115689,3402.95026 N,08408.11264 W,298.8,09,0.95,35.793,1.78,0.95,0.7852981445312499,2.398990063476562,-11.841721411132811,19.328244274809162,7.0,-33.25190839694657,21.56529411764706
1762115690,3402.95026 N,08408.11264 W,298.8,09,0.95,35.793,1.78,0.95,2.0159177978515626,2.8754361938476563,-7.170633972167968,-14.992366412213741,-0.1297709923664122,27.83969465648855,21.706470588235295
1762115691,3402.95026 N,08408.11264 W,298.8,09,0.95,36.617,1.78,0.95,-0.3950432739257812,3.7900212280273435,-8.137891442871092,30.801526717557252,-28.702290076335878,15.801526717557252,21.471176470588237
1762115692,3402.95026 N,08408.11264 W,298.8,09,0.95,36.617,1.78,0.95,1.5634136840820312,4.460397692871093,-10.206481677246094,-16.221374045801525,-11.98473282442748,35.969465648854964,21.51823529411765
1762115693,3402.94256 N,08408.12095 W,298.6,09,1.02,36.617,1.78,0.95,1.426944189453125,3.399766357421875,-9.375693701171874,4.213740458015267,25.389312977099237,-20.946564885496183,21.56529411764706
1762115694,3402.94256 N,08408.12095 W,298.6,09,1.02,36.617,2.22,1.02,1.3575123413085937,1.6017209106445311,-6.864176159667968,-33.93129770992366,-0.6946564885496184,-23.16793893129771,21.56529411764706
1762115695,3402.94256 N,08408.12095 W,298.6,09,1.02,36.617,2.22,1.02,0.7829039428710937,0.7613561279296874,-11.29344923095703,-7.67175572519084,29.14503816793893,-42.51908396946565,21.51823529411765
1762115696,3402.94256 N,08408.12095 W,298.6,09,1.02,36.617,2.22,1.02,1.5849614990234373,4.264073156738281,-9.964667309570311,-5.541984732824427,13.465648854961833,5.809160305343512,21.471176470588237
1762115697,3402.94256 N,08408.12095 W,298.6,09,1.02,36.617,2.22,1.02,0.033518823242187495,3.0023288818359375,-8.418013037109375,-6.32824427480916,-18.923664122137403,45.534351145038165,21.51823529411765
1762115698,3402.94256 N,08408.12095 W,298.6,09,1.02,36.617,2.22,1.02,0.9074024291992187,3.5434184570312497,-10.465055456542968,-62.85496183206107,5.221374045801527,94.40458015267176,21.51823529411765
1762115699,3402.94256 N,08408.12095 W,298.6,09,1.02,37.102,2.22,1.02,1.936909143066406,3.948038537597656,-9.708487731933593,-10.938931297709924,15.816793893129772,-8.061068702290076,21.471176470588237
1762115700,3402.94256 N,08408.12095 W,298.6,09,1.02,37.102,2.22,1.02,1.5442600708007812,1.695094775390625,-6.675034228515624,4.633587786259542,-15.335877862595419,-31.106870229007633,21.56529411764706
1762115701,3402.93457 N,08408.12920 W,297.7,08,1.02,37.102,2.22,1.02,1.5155296508789062,2.3630770385742186,-10.989385620117186,18.389312977099237,6.4961832061068705,-20.603053435114504,21.377058823529413
1762115702,3402.93457 N,08408.12920 W,297.7,08,1.02,37.102,2.22,1.02,2.461239306640625,3.928884924316406,-10.687716210937499,-0.9847328244274809,7.320610687022901,-5.534351145038168,22.177058823529414
1762115703,3402.93457 N,08408.12920 W,297.7,08,1.02,37.102,2.22,1.02,1.1252747802734375,2.6192566162109374,-6.921636999511718,-7.549618320610687,-9.541984732824428,40.47328244274809,22.177058823529414
1762115704,3402.93457 N,08408.12920 W,297.7,08,1.02,37.102,2.22,1.02,-0.08140285644531249,2.592920397949219,-10.352527978515624,17.022900763358777,-2.572519083969466,-21.83206106870229,21.471176470588237
1762115705,3402.93457 N,08408.12920 W,297.7,08,1.02,37.102,2.22,1.02,1.2593500732421874,4.161122485351562,-9.49300958251953,-7.343511450381679,3.2290076335877864,-13.595419847328245,21.424117647058825
1762115706,3402.93457 N,08408.12920 W,297.7,08,1.02,37.102,2.22,1.02,1.5131354492187499,2.1404162841796874,-6.746860278320312,8.099236641221374,0.030534351145038167,-59.534351145038165,20.718235294117648
1762115707,3402.93457 N,08408.12920 W,297.7,08,1.02,38.718,2.22,1.02,1.5801730957031248,1.8195932617187498,-9.70369932861328,-11.603053435114504,14.885496183206106,22.19083969465649,21.377058823529413
1762115708,3402.93457 N,08408.12920 W,297.7,08,1.02,38.718,2.22,1.02,1.0630255371093749,3.9432501342773434,-10.472238061523436,-11.099236641221374,11.335877862595419,-5.183206106870229,22.177058823529414
1762115709,3402.92629 N,08408.13759 W,297.3,08,1.02,38.718,2.22,1.02,1.6543933471679686,3.1603461914062496,-7.831433630371094,-8.297709923664122,2.717557251908397,19.862595419847327,21.377058823529413
1762115710,3402.92629 N,08408.13759 W,297.3,08,1.02,38.718,2.22,1.02,-0.28012159423828126,3.019088293457031,-7.905653881835937,3.4656488549618323,-24.35114503816794,37.404580152671755,21.330000000000002
1762115711,3402.92629 N,08408.13759 W,297.3,08,1.02,38.718,2.22,1.02,1.3168109130859373,4.357447021484375,-10.881646545410156,-23.053435114503817,-2.4885496183206106,34.66412213740458,22.08294117647059
1762115712,3402.92629 N,08408.13759 W,297.3,08,1.02,38.718,2.22,1.02,1.1659762084960936,2.6431986328124997,-8.427589843749999,3.3893129770992365,7.961832061068702,-32.54961832061068,21.330000000000002
1762115713,3402.92629 N,08408.13759 W,297.3,08,1.02,38.718,2.22,1.02,1.6328455322265625,0.8810662109374999,-7.8529814453124995,3.1374045801526718,6.778625954198473,-12.16030534351145,21.28294117647059
1762115714,3402.92629 N,08408.13759 W,297.3,08,1.02,38.718,2.22,1.02,2.020706201171875,3.0310593017578125,-12.454637036132812,8.549618320610687,-31.091603053435115,-34.61068702290076,21.424117647058825
1762115715,3402.92629 N,08408.13759 W,297.3,08,1.02,36.675,2.22,1.02,1.3144167114257812,3.3446997192382812,-9.643844287109374,-1.7099236641221374,9.717557251908397,12.404580152671755,21.330000000000002
1762115716,3402.92629 N,08408.13759 W,297.3,08,1.02,36.675,2.22,1.02,0.3280056274414062,1.7741034301757812,-7.398083129882812,-5.854961832061068,-0.9312977099236641,42.81679389312977,20.718235294117648
1762115717,3402.91818 N,08408.14544 W,297.3,08,1.02,36.675,2.22,1.02,1.180341418457031,3.258508459472656,-11.137826123046874,18.022900763358777,-28.557251908396946,13.374045801526718,21.330000000000002
1762115718,3402.91818 N,08408.14544 W,297.3,08,1.02,36.675,2.22,1.02,1.2425906616210938,3.1771056030273437,-9.667786303710937,6.816793893129771,23.19083969465649,-5.9541984732824424,21.330000000000002
1762115719,3402.91818 N,08408.14544 W,297.3,08,1.02,36.675,2.22,1.02,1.4772224243164063,2.231395947265625,-6.83783994140625,-7.702290076335878,-10.755725190839694,-36.9236641221374,21.330000000000002
1762115720,3402.91818 N,08408.14544 W,297.3,08,1.02,36.675,2.22,1.02,0.16041151123046873,1.5011644409179687,-12.236764685058594,-12.229007633587786,22.748091603053435,12.748091603053435,21.377058823529413
1762115721,3402.91818 N,08408.14544 W,297.3,08,1.02,36.675,2.22,1.02,1.7956512451171873,3.308786694335937,-11.159373937988281,7.931297709923665,8.381679389312977,-10.664122137404581,21.28294117647059
1762115722,3402.91818 N,08408.14544 W,297.3,08,1.02,36.675,2.22,1.02,1.3551181396484375,2.741360900878906,-6.68461103515625,1.3129770992366412,-18.15267175572519,16.091603053435115,21.377058823529413
1762115723,3402.91818 N,08408.14544 W,297.3,08,1.02,34.359,2.22,1.02,0.48123453369140623,3.248931652832031,-10.108319409179687,-12.916030534351146,-8.045801526717558,26.12213740458015,21.330000000000002
1762115724,3402.91818 N,08408.14544 W,297.3,08,1.02,34.359,2.22,1.02,1.0462661254882812,3.8474820678710935,-11.566388220214844,-13.198473282442748,1.3282442748091603,-36.969465648854964,21.377058823529413
1762115725,3402.91005 N,08408.15205 W,298.2,09,1.02,34.359,2.22,1.02,1.4939818359375,2.5617957763671875,-6.229712719726562,-5.8396946564885495,-1.9770992366412214,-0.03816793893129771,21.235882352941175
1762115726,3402.91005 N,08408.15205 W,298.2,09,1.02,34.359,2.22,1.02,1.707065783691406,0.3280056274414062,-9.198522778320312,-10.564885496183207,5.870229007633588,4.748091603053435,21.330000000000002
1762115727,3402.91005 N,08408.15205 W,298.2,09,1.02,34.359,2.22,1.02,1.369483349609375,3.3638533325195312,-10.467449658203124,-14.244274809160306,26.786259541984734,-0.4961832061068702,21.188823529411764
1762115728,3402.91005 N,08408.15205 W,298.2,09,1.02,34.359,2.22,1.02,1.8243816650390623,3.268085266113281,-8.458714465332031,23.083969465648856,1.0763358778625953,4.801526717557252,21.28294117647059
1762115729,3402.91005 N,08408.15205 W,298.2,09,1.02,34.359,2.22,1.02,0.6607996582031249,2.849099975585937,-8.813056311035156,10.458015267175572,-33.01526717557252,45.80916030534351,21.235882352941175
1762115730,3402.91005 N,08408.15205 W,298.2,09,1.02,34.359,2.22,1.02,1.5059528442382812,3.1459809814453124,-10.237606298828124,12.854961832061068,1.9541984732824427,1.6259541984732824,21.235882352941175
1762115731,3402.91005 N,08408.15205 W,298.2,09,1.02,35.397,2.22,1.02,2.2481553588867187,3.385401147460937,-7.486668591308593,-3.198473282442748,24.778625954198475,-17.061068702290076,21.235882352941175
1762115732,3402.91005 N,08408.15205 W,298.2,09,1.02,35.397,2.22,1.02,1.9009961181640624,0.507570751953125,-9.2320416015625,1.3206106870229009,6.8396946564885495,-39.9236641221374,21.330000000000002
1762115733,3402.90181 N,08408.15857 W,297.9,09,1.02,35.397,2.22,1.02,1.218648645019531,3.383006945800781,-12.066776367187499,-18.778625954198475,25.702290076335878,16.290076335877863,21.188823529411764
1762115734,3402.90181 N,08408.15857 W,297.9,09,1.02,35.397,2.22,1.02,1.7717092285156248,3.0047230834960934,-8.336610180664062,16.137404580152673,-18.015267175572518,-5.572519083969466,21.235882352941175
1762115735,3402.90181 N,08408.15857 W,297.9,09,1.02,35.397,2.22,1.02,0.29927520751953124,2.9544448486328125,-8.913612780761719,4.8396946564885495,-13.49618320610687,33.79389312977099,21.188823529411764
1762115736,3402.90181 N,08408.15857 W,297.9,09,1.02,35.397,2.22,1.02,1.8052280517578123,4.996698864746094,-10.627861169433594,-7.213740458015267,-4.030534351145038,4.122137404580153,21.141764705882352
1762115737,3402.90181 N,08408.15857 W,297.9,09,1.02,35.397,2.22,1.02,2.0063409912109376,2.152387292480469,-6.330269189453125,-6.32824427480916,18.83969465648855,-26.206106870229007,21.188823529411764
1762115738,3402.90181 N,08408.15857 W,297.9,09,1.02,35.397,2.22,1.02,1.848323681640625,1.0031704956054688,-9.052476477050782,6.145038167938932,-6.816793893129771,-19.610687022900763,21.141764705882352
1762115739,3402.90181 N,08408.15857 W,297.9,09,1.02,35.627,2.22,1.02,3.1603461914062496,3.327940307617187,-10.77630167236328,-21.396946564885496,16.46564885496183,32.55725190839695,21.04764705882353
1762115740,3402.90181 N,08408.15857 W,297.9,09,1.02,35.627,2.22,1.02,2.389413256835937,3.019088293457031,-6.208164904785156,2.50381679389313,-11.82442748091603,3.816793893129771,21.09470588235294
1762115741,3402.89313 N,08408.16488 W,298.3,09,1.02,35.627,2.22,1.02,1.5562310791015623,3.162740393066406,-9.191340173339842,-17.129770992366414,-1.1984732824427482,20.671755725190838,21.09470588235294
1762115742,3402.89313 N,08408.16488 W,298.3,09,1.02,35.627,2.22,1.02,2.511517541503906,3.4165257690429685,-10.35492218017578,0.8778625954198473,-3.267175572519084,-7.305343511450381,21.188823529411764
1762115743,3402.89313 N,08408.16488 W,298.3,09,1.02,35.627,2.22,1.02,2.8203695556640622,2.8467057739257813,-7.575254052734374,-16.458015267175572,-23.419847328244273,-15.427480916030534,21.235882352941175
1762115744,3402.89313 N,08408.16488 W,298.3,09,1.02,35.627,2.22,1.02,1.9967641845703124,0.5027823486328125,-8.511386901855468,0.3969465648854962,3.0763358778625953,-18.83969465648855,21.000588235294117
1762115745,3402.89313 N,08408.16488 W,298.3,09,1.02,35.627,2.22,1.02,3.9432501342773434,3.7517140014648436,-11.578359228515625,-13.854961832061068,-5.236641221374046,12.755725190839694,21.04764705882353
1762115746,3402.89313 N,08408.16488 W,298.3,09,1.02,35.627,2.22,1.02,2.896984008789062,2.1643583007812497,-6.742071875,-5.641221374045801,-6.519083969465649,8.145038167938932,21.09470588235294
1762115747,3402.89313 N,08408.16488 W,298.3,09,1.02,35.102,2.22,1.02,1.3359645263671873,3.3303345092773435,-8.228871105957031,33.603053435114504,-0.6946564885496184,6.740458015267175,21.000588235294117
1762115748,3402.89313 N,08408.16488 W,298.3,09,1.02,35.102,2.22,1.02,2.999934680175781,4.395754248046875,-11.192892761230468,4.67175572519084,-14.801526717557252,5.251908396946565,21.04764705882353
1762115749,3402.88433 N,08408.17108 W,300.1,09,0.95,35.102,2.22,1.02,3.342305517578125,2.47081611328125,-7.989450939941406,-7.572519083969466,20.893129770992367,-44.87786259541985,21.000588235294117
1762115750,3402.88433 N,08408.17108 W,300.1,09,0.95,35.102,1.78,0.95,2.221819140625,0.14604630126953125,-9.732429748535155,1.6870229007633588,5.984732824427481,-24.404580152671755,21.000588235294117
1762115751,3402.88433 N,08408.17108 W,300.1,09,0.95,35.102,1.78,0.95,2.461239306640625,3.1364041748046874,-11.870451831054687,-25.27480916030534,21.740458015267176,22.229007633587788,21.141764705882352
1762115752,3402.88433 N,08408.17108 W,300.1,09,0.95,35.102,1.78,0.95,1.0295067138671874,2.920926025390625,-6.011840368652344,-1.2900763358778626,8.938931297709924,-0.4351145038167939,21.000588235294117
1762115753,3402.88433 N,08408.17108 W,300.1,09,0.95,35.102,1.78,0.95,0.8188169677734375,2.645592834472656,-8.66940421142578,8.923664122137405,-24.404580152671755,20.80916030534351,21.04764705882353
1762115754,3402.88433 N,08408.17108 W,300.1,09,0.95,35.102,1.78,0.95,1.6017209106445311,4.924872814941406,-12.083535778808592,12.351145038167939,-10.13740458015267,31.198473282442748,21.000588235294117
1762115755,3402.88433 N,08408.17108 W,300.1,09,0.95,36.784,1.78,0.95,2.370259643554687,2.5067291381835934,-10.752359655761719,-17.091603053435115,-12.183206106870228,-4.8396946564885495,21.000588235294117
1762115756,3402.88433 N,08408.17108 W,300.1,09,0.95,36.784,1.78,0.95,1.956062756347656,0.7493851196289062,-7.493851196289062,8.931297709923664,3.0839694656488548,-38.412213740458014,21.09470588235294
1762115757,3402.87571 N,08408.17724 W,299.7,09,1.02,36.784,1.78,0.95,1.9704279663085937,2.9448680419921875,-12.181698046874999,-6.412213740458015,-23.6793893129771,-11.305343511450381,21.000588235294117
1762115758,3402.87571 N,08408.17724 W,299.7,09,1.02,36.784,1.85,1.02,1.8004396484374998,3.5003228271484375,-9.782707983398437,7.557251908396947,0.11450381679389313,20.541984732824428,20.906470588235294
1762115759,3402.87571 N,08408.17724 W,299.7,09,1.02,36.784,1.85,1.02,1.1085153686523437,2.2457611572265623,-7.1203557373046875,-8.061068702290076,-17.549618320610687,25.549618320610687,21.000588235294117
1762115760,3402.87571 N,08408.17724 W,299.7,09,1.02,36.784,1.85,1.02,2.5450363647460934,4.141968872070312,-11.382034692382812,-6.175572519083969,-24.580152671755727,2.0381679389312977,21.04764705882353
1762115761,3402.87571 N,08408.17724 W,299.7,09,1.02,36.784,1.85,1.02,3.555389465332031,2.4756045166015626,-8.214505895996094,-5.473282442748092,12.221374045801527,-50.06870229007634,21.000588235294117
1762115762,3402.87571 N,08408.17724 W,299.7,09,1.02,36.784,1.85,1.02,2.5067291381835934,0.3687070556640625,-8.441955053710936,4.67175572519084,8.587786259541986,-41.88549618320611,20.953529411764706
1762115763,3402.87571 N,08408.17724 W,299.7,09,1.02,37.116,1.85,1.02,4.134786267089844,3.1483751831054687,-11.319785449218749,-2.801526717557252,2.3282442748091605,10.473282442748092,20.953529411764706
1762115764,3402.87571 N,08408.17724 W,299.7,09,1.02,37.116,1.85,1.02,2.176329309082031,2.9496564453125,-7.46272657470703,-3.0381679389312977,-20.52671755725191,33.82442748091603,20.953529411764706
1762115766,3402.86676 N,08408.18350 W,299.9,08,1.02,37.116,1.85,1.02,1.4125789794921875,2.4349030883789062,-9.564835632324218,8.870229007633588,-5.900763358778626,9.587786259541986,20.953529411764706
1762115767,3402.86676 N,08408.18350 W,299.9,08,1.02,37.116,1.85,1.02,2.085349645996094,3.6487633300781246,-10.326191760253906,-2.7480916030534353,0.3816793893129771,-2.49618320610687,21.04764705882353
1762115768,3402.86676 N,08408.18350 W,299.9,08,1.02,37.116,1.85,1.02,2.04943662109375,2.6599580444335937,-7.299920861816406,-1.1984732824427482,7.427480916030534,-44.41984732824427,20.906470588235294
1762115769,3402.86676 N,08408.18350 W,299.9,08,1.02,37.116,1.85,1.02,1.2306196533203124,0.7254431030273437,-10.730811840820312,-7.145038167938932,18.19083969465649,-45.54961832061068,21.000588235294117
1762115770,3402.86676 N,08408.18350 W,299.9,08,1.02,37.116,1.85,1.02,1.180341418457031,3.327940307617187,-12.169727038574218,31.458015267175572,-31.69465648854962,-0.5038167938931297,21.000588235294117
1762115771,3402.86676 N,08408.18350 W,299.9,08,1.02,37.116,1.85,1.02,1.6711527587890624,1.2593500732421874,-6.440402465820312,-23.519083969465647,-19.061068702290076,40.770992366412216,20.953529411764706
1762115772,3402.86676 N,08408.18350 W,299.9,08,1.02,37.264,1.85,1.02,1.3455413330078123,3.2824504760742186,-10.951078393554686,1.9083969465648856,9.320610687022901,26.18320610687023,20.953529411764706
1762115773,3402.86676 N,08408.18350 W,299.9,08,1.02,37.264,1.85,1.02,2.501940734863281,3.071760729980469,-9.5384994140625,-15.259541984732824,33.6793893129771,-5.862595419847328,21.000588235294117
1762115774,3402.85780 N,08408.18980 W,299.5,09,0.95,37.264,1.85,1.02,1.9608511596679685,1.0079588989257813,-6.9144543945312495,-11.778625954198473,12.221374045801527,-27.30534351145038,21.000588235294117
1762115775,3402.85780 N,08408.18980 W,299.5,09,0.95,37.264,1.78,0.95,3.2130186279296873,2.9640216552734375,-11.743559143066406,-0.3511450381679389,12.48091603053435,-4.5038167938931295,20.906470588235294
1762115776,3402.85780 N,08408.18980 W,299.5,09,0.95,37.264,1.78,0.95,0.9864110839843749,2.767697119140625,-8.295908752441406,15.274809160305344,-20.6793893129771,21.061068702290076,21.000588235294117
1762115777,3402.85780 N,08408.18980 W,299.5,09,0.95,37.264,1.78,0.95,0.8475473876953125,3.0526071166992184,-8.916006982421875,-0.2824427480916031,-15.65648854961832,51.900763358778626,21.000588235294117
1762115778,3402.85780 N,08408.18980 W,299.5,09,0.95,37.264,1.78,0.95,1.7693150268554687,3.881000891113281,-10.54645831298828,-12.465648854961833,8.709923664122137,7.7251908396946565,21.000588235294117
1762115779,3402.85780 N,08408.18980 W,299.5,09,0.95,37.264,1.78,0.95,2.104503259277344,2.5378537597656248,-7.9463553100585935,-13.244274809160306,23.0381679389313,-44.954198473282446,21.000588235294117
1762115780,3402.85780 N,08408.18980 W,299.5,09,0.95,36.992,1.78,0.95,1.9919757812499999,0.16998831787109375,-9.770736975097655,9.98473282442748,6.763358778625954,-50.770992366412216,20.953529411764706
1762115781,3402.85780 N,08408.18980 W,299.5,09,0.95,36.992,1.78,0.95,1.9297265380859374,2.2577321655273437,-12.215216870117187,-1.4274809160305344,16.671755725190838,15.893129770992367,20.859411764705882
1762115782,3402.84873 N,08408.19620 W,300.0,09,0.95,36.992,1.78,0.95,1.6639701538085936,1.9728221679687499,-6.56968935546875,-3.0381679389312977,-26.564885496183205,23.85496183206107,21.04764705882353
1762115783,3402.84873 N,08408.19620 W,300.0,09,0.95,36.992,1.78,0.95,1.254561669921875,2.7533319091796873,-10.817003100585938,0.4732824427480916,6.244274809160306,25.251908396946565,20.953529411764706
1762115784,3402.84873 N,08408.19620 W,300.0,09,0.95,36.992,1.78,0.95,2.104503259277344,2.779668127441406,-11.525686791992188,0.9618320610687023,8.541984732824428,-15.82442748091603,20.906470588235294
1762115785,3402.84873 N,08408.19620 W,300.0,09,0.95,36.992,1.78,0.95,2.138022082519531,1.6927005737304686,-7.44357296142578,17.053435114503817,-15.099236641221374,-53.51908396946565,20.906470588235294
1762115786,3402.84873 N,08408.19620 W,300.0,09,0.95,36.992,1.78,0.95,0.74699091796875,2.6431986328124997,-11.549628808593749,-12.748091603053435,4.267175572519084,-3.282442748091603,21.000588235294117
1762115787,3402.84873 N,08408.19620 W,300.0,09,0.95,36.992,1.78,0.95,2.3870190551757813,3.3327287109375,-10.01015714111328,-9.106870229007633,-0.6717557251908397,16.923664122137403,21.000588235294117
1762115788,3402.84873 N,08408.19620 W,300.0,09,0.95,37.658,1.78,0.95,0.8690952026367187,2.104503259277344,-7.283161450195312,-13.854961832061068,-11.114503816793894,38.97709923664122,20.906470588235294
1762115789,3402.84873 N,08408.19620 W,300.0,09,0.95,37.658,1.78,0.95,2.0159177978515626,4.723759875488281,-11.348515869140625,13.053435114503817,-19.885496183206108,-1.465648854961832,20.953529411764706
1762115790,3402.83942 N,08408.20218 W,299.2,09,0.95,37.658,1.78,0.95,2.070984436035156,2.834734765625,-8.413224633789062,-3.1526717557251906,7.923664122137405,-30.015267175572518,20.953529411764706
1762115791,3402.83942 N,08408.20218 W,299.2,09,0.95,37.658,1.78,0.95,1.5825672973632812,0.6440402465820312,-9.296685046386719,13.931297709923664,4.061068702290076,-38.10687022900763,20.859411764705882
1762115792,3402.83942 N,08408.20218 W,299.2,09,0.95,37.658,1.78,0.95,2.839523168945312,2.602497204589844,-10.790666882324219,-25.69465648854962,23.31297709923664,32.916030534351144,21.000588235294117
1762115793,3402.83942 N,08408.20218 W,299.2,09,0.95,37.658,1.78,0.95,2.013523596191406,2.31758720703125,-6.528987927246093,-8.282442748091603,-6.312977099236641,13.587786259541986,20.953529411764706
1762115794,3402.83942 N,08408.20218 W,299.2,09,0.95,37.658,1.78,0.95,0.316034619140625,3.2513258544921873,-9.512163195800781,-7.358778625954199,-0.3511450381679389,32.63358778625954,20.953529411764706
1762115795,3402.83942 N,08408.20218 W,299.2,09,0.95,37.658,1.78,0.95,1.8914193115234375,3.3973721557617185,-10.596736547851561,8.717557251908397,7.068702290076335,-11.34351145038168,21.000588235294117
1762115796,3402.83942 N,08408.20218 W,299.2,09,0.95,39.215,1.78,0.95,2.2768857788085937,0.93852705078125,-6.581660363769531,17.87786259541985,8.694656488549619,-45.25190839694657,20.906470588235294
1762115797,3402.83942 N,08408.20218 W,299.2,09,0.95,39.215,1.78,0.95,0.8595183959960937,1.8459294799804686,-11.954248889160155,9.86259541984733,6.0458015267175576,-4.076335877862595,20.953529411764706
1762115798,3402.83029 N,08408.20868 W,298.6,09,0.95,39.215,1.78,0.95,2.080561242675781,3.450044592285156,-10.941501586914061,-6.183206106870229,-0.9923664122137404,30.595419847328245,20.906470588235294
1762115799,3402.83029 N,08408.20868 W,298.6,09,0.95,39.215,1.78,0.95,0.9816226806640624,2.7150246826171873,-7.9295958984374995,-15.938931297709924,-16.96946564885496,50.969465648854964,20.906470588235294
1762115800,3402.83029 N,08408.20868 W,298.6,09,0.95,39.215,1.78,0.95,0.6488286499023437,3.6846763549804686,-11.604695446777344,13.923664122137405,-19.17557251908397,-2.351145038167939,20.953529411764706
1762115801,3402.83029 N,08408.20868 W,298.6,09,0.95,39.215,1.78,0.95,2.1930887207031247,3.009511486816406,-10.12507882080078,8.641221374045802,24.66412213740458,-41.458015267175576,21.000588235294117
1762115802,3402.83029 N,08408.20868 W,298.6,09,0.95,39.215,1.78,0.95,1.8100164550781248,1.0558429321289062,-8.271966735839843,1.0458015267175573,-10.412213740458014,-19.282442748091604,21.000588235294117
1762115803,3402.83029 N,08408.20868 W,298.6,09,0.95,39.215,1.78,0.95,2.81558115234375,1.956062756347656,-12.042834350585936,-6.083969465648855,12.122137404580153,8.625954198473282,20.953529411764706
1762115804,3402.83029 N,08408.20868 W,298.6,09,0.95,38.612,1.78,0.95,2.0254946044921875,2.4947581298828125,-6.9336080078124995,-16.396946564885496,-21.27480916030534,56.05343511450382,20.953529411764706
1762115805,3402.83029 N,08408.20868 W,298.6,09,0.95,38.612,1.78,0.95,1.7262193969726563,2.2840683837890623,-10.436325036621094,-3.717557251908397,16.137404580152673,27.12213740458015,20.953529411764706
1762115806,3402.82144 N,08408.21595 W,298.0,08,1.02,38.612,1.78,0.95,3.0430303100585934,3.517082238769531,-10.714052429199219,-6.9541984732824424,3.49618320610687,-42.70229007633588,20.953529411764706
1762115807,3402.82144 N,08408.21595 W,298.0,08,1.02,38.612,1.85,1.02,1.6041151123046875,2.8754361938476563,-6.744466076660156,9.694656488549619,5.648854961832061,-26.53435114503817,20.906470588235294
1762115808,3402.82144 N,08408.21595 W,298.0,08,1.02,38.612,1.85,1.02,2.446874096679687,-0.06703764648437499,-10.869675537109375,29.198473282442748,28.641221374045802,-21.061068702290076,20.953529411764706
1762115809,3402.82144 N,08408.21595 W,298.0,08,1.02,38.612,1.85,1.02,1.6711527587890624,3.327940307617187,-10.888829150390624,-2.9389312977099236,10.557251908396946,9.335877862595419,20.953529411764706
1762115810,3402.82144 N,08408.21595 W,298.0,08,1.02,38.612,1.85,1.02,1.1420341918945311,3.6487633300781246,-6.48589229736328,5.366412213740458,-29.641221374045802,25.16793893129771,21.000588235294117
1762115811,3402.82144 N,08408.21595 W,298.0,08,1.02,38.612,1.85,1.02,-0.3327940307617187,2.109291662597656,-10.220846887207031,-2.931297709923664,7.870229007633588,24.0381679389313,21.000588235294117
1762115812,3402.82144 N,08408.21595 W,298.0,08,1.02,38.825,1.85,1.02,1.3311761230468748,2.408566870117187,-11.425130322265625,0.48091603053435117,11.641221374045802,9.82442748091603,20.906470588235294
1762115813,3402.82144 N,08408.21595 W,298.0,08,1.02,38.825,1.85,1.02,1.5897499023437498,2.3343466186523436,-6.584054565429687,-18.48854961832061,7.4961832061068705,-21.427480916030536,21.000588235294117
1762115814,3402.81205 N,08408.22243 W,296.1,09,1.02,38.825,1.85,1.02,1.8124106567382812,-0.39983167724609375,-8.520963708496094,14.32824427480916,19.412213740458014,-63.19083969465649,20.859411764705882
1762115815,3402.81205 N,08408.22243 W,296.1,09,1.02,38.825,1.85,1.02,2.068590234375,2.81558115234375,-11.279084020996093,-21.893129770992367,7.083969465648855,12.15267175572519,21.04764705882353
1762115816,3402.81205 N,08408.22243 W,296.1,09,1.02,38.825,1.85,1.02,1.2617442749023438,3.246537451171875,-8.221688500976562,14.770992366412214,-27.19083969465649,20.786259541984734,21.000588235294117
1762115817,3402.81205 N,08408.22243 W,296.1,09,1.02,38.825,1.85,1.02,0.6344634399414062,2.592920397949219,-8.91840118408203,9.931297709923664,-5.748091603053435,16.908396946564885,20.906470588235294
1762115818,3402.81205 N,08408.22243 W,296.1,09,1.02,38.825,1.85,1.02,1.2641384765625,4.417302062988281,-10.481814868164061,-20.633587786259543,5.259541984732825,25.045801526717558,20.906470588235294
1762115819,3402.81205 N,08408.22243 W,296.1,09,1.02,38.825,1.85,1.02,1.6735469604492186,2.5474305664062498,-9.0788126953125,4.366412213740458,12.51908396946565,-26.18320610687023,20.953529411764706
1762115820,3402.81205 N,08408.22243 W,296.1,09,1.02,37.128,1.85,1.02,0.9409212524414062,0.8906430175781249,-6.9360022094726554,-7.122137404580153,3.801526717557252,-7.488549618320611,20.906470588235294
1762115821,3402.81205 N,08408.22243 W,296.1,09,1.02,37.128,1.85,1.02,0.5913678100585937,1.8411410766601561,-11.01332763671875,8.770992366412214,15.786259541984732,-18.282442748091604,21.000588235294117
1762115822,3402.80266 N,08408.22697 W,298.8,07,3.07,37.128,1.85,1.02,1.2976572998046874,3.9336733276367184,-11.267113012695312,-1.7709923664122138,9.045801526717558,-4.343511450381679,20.906470588235294
1762115823,3402.80266 N,08408.22697 W,298.8,07,3.07,37.128,4.22,3.07,0.8116343627929687,2.403778466796875,-7.728482958984374,2.4885496183206106,-7.244274809160306,24.84732824427481,20.906470588235294
1762115824,3402.80266 N,08408.22697 W,298.8,07,3.07,37.128,4.22,3.07,1.7477672119140624,4.637568615722656,-9.832986218261718,-13.290076335877863,-4.587786259541985,9.335877862595419,20.953529411764706
1762115825,3402.80266 N,08408.22697 W,298.8,07,3.07,37.128,4.22,3.07,2.2385785522460937,2.4492682983398435,-6.224924316406249,-13.86259541984733,-9.885496183206106,-22.900763358778626,21.04764705882353
1762115826,3402.80266 N,08408.22697 W,298.8,07,3.07,37.128,4.22,3.07,2.731784094238281,0.51714755859375,-10.582371337890624,22.33587786259542,6.427480916030534,-40.732824427480914,21.000588235294117
1762115827,3402.80266 N,08408.22697 W,298.8,07,3.07,37.128,4.22,3.07,1.8315642700195311,3.3686417358398435,-11.470620153808593,-16.702290076335878,26.251908396946565,9.748091603053435,20.906470588235294
1762115828,3402.80266 N,08408.22697 W,298.8,07,3.07,40.452,4.22,3.07,0.603338818359375,3.1411925781249996,-7.419630944824219,11.091603053435115,-12.007633587786259,42.847328244274806,20.906470588235294
1762115829,3402.80266 N,08408.22697 W,298.8,07,3.07,40.452,4.22,3.07,1.2569558715820313,3.797203833007812,-10.376469995117187,9.694656488549619,-24.221374045801525,14.793893129770993,20.81235294117647
1762115830,3402.79154 N,08408.22991 W,298.7,07,2.97,40.452,4.22,3.07,2.224213342285156,2.7437551025390623,-7.682993127441406,-9.84732824427481,10.122137404580153,-33.61832061068702,21.000588235294117
1762115831,3402.79154 N,08408.22991 W,298.7,07,2.97,40.452,4.02,2.97,1.4221557861328125,1.3024457031249999,-9.916783276367187,-2.900763358778626,23.900763358778626,-11.725190839694656,20.906470588235294
1762115832,3402.79154 N,08408.22991 W,298.7,07,2.97,40.452,4.02,2.97,1.235408056640625,2.616862414550781,-11.63821427001953,-8.374045801526718,0.7175572519083969,6.938931297709924,20.859411764705882
1762115833,3402.79154 N,08408.22991 W,298.7,07,2.97,40.452,4.02,2.97,1.0366893188476562,2.750937707519531,-7.110778930664062,-4.595419847328245,-6.9465648854961835,25.702290076335878,21.000588235294117
1762115834,3402.79154 N,08408.22991 W,298.7,07,2.97,40.452,4.02,2.97,1.2856862915039062,4.132392065429687,-11.458649145507811,-0.061068702290076333,-20.480916030534353,5.083969465648855,20.906470588235294
1762115835,3402.79154 N,08408.22991 W,298.7,07,2.97,40.452,4.02,2.97,1.43652099609375,2.1811177124023438,-7.4220251464843745,-7.748091603053435,4.122137404580153,-29.671755725190838,20.953529411764706
1762115836,3402.79154 N,08408.22991 W,298.7,07,2.97,41.073,4.02,2.97,1.2569558715820313,0.33518823242187495,-7.8912886718749995,-7.1679389312977095,-9.679389312977099,-14.50381679389313,21.000588235294117
1762115837,3402.79154 N,08408.22991 W,298.7,07,2.97,41.073,4.02,2.97,3.835511059570312,3.277662072753906,-11.087547888183593,16.625954198473284,14.580152671755725,5.358778625954199,20.906470588235294
1762115838,3402.78196 N,08408.23599 W,298.0,06,3.07,41.073,4.02,2.97,2.1643583007812497,3.0071172851562498,-7.431601953125,-0.2824427480916031,-6.068702290076335,21.38167938931298,21.000588235294117
1762115839,3402.78196 N,08408.23599 W,298.0,06,3.07,41.073,4.26,3.07,0.8714894042968749,2.4301146850585935,-9.277531433105468,-47.969465648854964,2.66412213740458,18.442748091603054,21.000588235294117
1762115840,3402.78196 N,08408.23599 W,298.0,06,3.07,41.073,4.26,3.07,3.4069489624023435,3.0621839233398433,-8.339004382324218,7.603053435114504,-7.404580152671755,-15.435114503816793,20.859411764705882
1762115841,3402.78196 N,08408.23599 W,298.0,06,3.07,41.073,4.26,3.07,1.0606313354492187,2.50912333984375,-12.121843005371092,23.091603053435115,-10.13740458015267,-18.793893129770993,21.000588235294117
1762115842,3402.78196 N,08408.23599 W,298.0,06,3.07,41.073,4.26,3.07,1.936909143066406,2.798821740722656,-7.362170104980469,17.954198473282442,-21.19083969465649,10.98473282442748,21.09470588235294
1762115843,3402.78196 N,08408.23599 W,298.0,06,3.07,41.073,4.26,3.07,0.5147533569335937,2.829946362304687,-8.942343200683593,-37.213740458015266,-1.1068702290076335,54.58015267175573,20.953529411764706
1762115844,3402.78196 N,08408.23599 W,298.0,06,3.07,38.634,4.26,3.07,2.114080065917969,2.9640216552734375,-10.673351000976561,8.801526717557252,-8.419847328244275,-14.15267175572519,21.09470588235294
1762115845,3402.78196 N,08408.23599 W,298.0,06,3.07,38.634,4.26,3.07,1.5610194824218748,1.7980454467773437,-6.665457421875,-19.045801526717558,-10.030534351145038,-17.50381679389313,21.000588235294117
1762115846,3402.77535 N,08408.24567 W,297.3,08,1.31,38.634,4.26,3.07,1.0007762939453124,1.8363526733398436,-10.75714805908203,6.2748091603053435,-5.0458015267175576,-38.19847328244275,20.953529411764706
1762115847,3402.77535 N,08408.24567 W,297.3,08,1.31,38.634,2.41,1.31,1.898601916503906,2.9448680419921875,-8.990227233886719,-14.198473282442748,8.748091603053435,3.7099236641221376,21.000588235294117
1762115848,3402.77535 N,08408.24567 W,297.3,08,1.31,38.634,2.41,1.31,0.430956298828125,2.2361843505859373,-8.856151940917968,-4.175572519083969,-1.9236641221374047,24.068702290076335,20.953529411764706
1762115849,3402.77535 N,08408.24567 W,297.3,08,1.31,38.634,2.41,1.31,0.5195417602539062,3.23696064453125,-10.781090075683593,0.31297709923664124,6.236641221374046,7.297709923664122,21.04764705882353
1762115850,3402.77535 N,08408.24567 W,297.3,08,1.31,38.634,2.41,1.31,2.288856787109375,3.028665100097656,-6.849810949707031,-14.068702290076336,4.534351145038168,-26.702290076335878,21.04764705882353
1762115851,3402.77535 N,08408.24567 W,297.3,08,1.31,38.634,2.41,1.31,1.8124106567382812,0.11013327636718749,-9.65342109375,-0.2366412213740458,15.038167938931299,-28.129770992366414,20.953529411764706
1762115852,3402.77535 N,08408.24567 W,297.3,08,1.31,37.842,2.41,1.31,2.0733786376953125,2.3511060302734372,-10.958260998535156,-18.87786259541985,1.9694656488549618,27.870229007633586,21.09470588235294
1762115853,3402.77535 N,08408.24567 W,297.3,08,1.31,37.842,2.41,1.31,2.2768857788085937,3.0693665283203124,-7.094019519042968,-3.7251908396946565,-28.68702290076336,38.38931297709924,21.000588235294117
1762115854,3402.76569 N,08408.25229 W,296.8,07,3.07,37.842,2.41,1.31,-0.3064578125,2.375048046875,-9.244012609863281,4.5038167938931295,-17.18320610687023,46.31297709923664,20.953529411764706
1762115855,3402.76569 N,08408.25229 W,296.8,07,3.07,37.842,4.26,3.07,1.369483349609375,3.84987626953125,-10.970232006835937,-1.1068702290076335,3.618320610687023,-1.83206106870229,21.04764705882353
1762115856,3402.76569 N,08408.25229 W,296.8,07,3.07,37.842,4.26,3.07,1.5705962890624998,2.829946362304687,-7.996633544921875,-12.022900763358779,24.229007633587788,-50.62595419847328,21.000588235294117
1762115857,3402.76569 N,08408.25229 W,296.8,07,3.07,37.842,4.26,3.07,0.928950244140625,0.13646949462890623,-8.020575561523437,-27.893129770992367,14.580152671755725,-31.51145038167939,21.09470588235294
1762115858,3402.76569 N,08408.25229 W,296.8,07,3.07,37.842,4.26,3.07,2.5258827514648434,2.039859814453125,-11.044452258300781,-6.526717557251908,25.297709923664122,13.19083969465649,20.906470588235294
1762115859,3402.76569 N,08408.25229 W,296.8,07,3.07,37.842,4.26,3.07,1.5490484741210937,2.4444798950195312,-8.796296899414061,8.061068702290076,-16.015267175572518,12.251908396946565,21.04764705882353
1762115860,3402.76569 N,08408.25229 W,296.8,07,3.07,38.691,4.26,3.07,0.12689268798828124,1.149216796875,-8.9255837890625,4.809160305343512,-5.641221374045801,53.49618320610687,21.04764705882353
1762115861,3402.76569 N,08408.25229 W,296.8,07,3.07,38.691,4.26,3.07,1.6543933471679686,3.938461730957031,-10.32379755859375,-4.908396946564886,-11.312977099236642,5.198473282442748,21.000588235294117
1762115863,3402.75749 N,08408.26052 W,296.6,07,3.07,38.691,4.26,3.07,1.8531120849609375,2.940079638671875,-7.781155395507812,-23.12213740458015,-34.66412213740458,-67.80916030534351,21.000588235294117
1762115864,3402.75749 N,08408.26052 W,296.6,07,3.07,38.691,4.26,3.07,1.5322890624999999,0.23223756103515625,-8.36294639892578,-0.48854961832061067,-0.32061068702290074,-44.36641221374046,21.141764705882352
1762115865,3402.75749 N,08408.26052 W,296.6,07,3.07,38.691,4.26,3.07,2.7916391357421872,2.5067291381835934,-11.133037719726563,-24.30534351145038,22.282442748091604,11.51908396946565,21.09470588235294
1762115866,3402.75749 N,08408.26052 W,296.6,07,3.07,38.691,4.26,3.07,2.602497204589844,2.8227637573242186,-8.087613208007811,-1.717557251908397,-1.282442748091603,12.374045801526718,21.000588235294117
1762115867,3402.75749 N,08408.26052 W,296.6,07,3.07,38.691,4.26,3.07,0.46686932373046874,2.6503812377929687,-8.836998327636719,8.290076335877863,-29.35114503816794,42.6412213740458,21.04764705882353
1762115868,3402.75749 N,08408.26052 W,296.6,07,3.07,38.691,4.26,3.07,1.668758557128906,4.319139794921875,-10.196904870605469,-22.427480916030536,11.236641221374045,36.29007633587786,21.09470588235294
1762115869,3402.75749 N,08408.26052 W,296.6,07,3.07,40.711,4.26,3.07,2.0446482177734375,3.2537200561523436,-8.283937744140625,-4.6183206106870225,-7.351145038167939,-43.3587786259542,21.000588235294117
1762115870,3402.75749 N,08408.26052 W,296.6,07,3.07,40.711,4.26,3.07,1.0342951171875,0.9840168823242187,-7.876923461914062,2.732824427480916,2.5114503816793894,-26.0,21.09470588235294
1762115871,3402.75077 N,08408.27109 W,296.5,09,1.02,40.711,4.26,3.07,3.5601778686523438,3.2154128295898436,-11.563994018554688,16.72519083969466,-1.083969465648855,-37.35114503816794,21.09470588235294
1762115872,3402.75077 N,08408.27109 W,296.5,09,1.02,40.711,2.22,1.02,1.3144167114257812,2.6791116577148437,-9.830592016601562,8.83206106870229,-12.51908396946565,21.702290076335878,21.09470588235294
1762115873,3402.75077 N,08408.27109 W,296.5,09,1.02,40.711,2.22,1.02,0.9457096557617187,1.8052280517578123,-6.8210805297851556,-10.236641221374045,-0.7938931297709924,52.18320610687023,21.09470588235294
1762115874,3402.75077 N,08408.27109 W,296.5,09,1.02,40.711,2.22,1.02,-0.39264907226562495,2.427720483398437,-11.001356628417968,23.03053435114504,-4.122137404580153,-7.564885496183206,21.09470588235294
1762115875,3402.75077 N,08408.27109 W,296.5,09,1.02,40.711,2.22,1.02,2.808398547363281,2.499546533203125,-10.390835205078124,-14.770992366412214,13.80916030534351,-20.931297709923665,21.188823529411764
1762115876,3402.75077 N,08408.27109 W,296.5,09,1.02,40.711,2.22,1.02,1.9895815795898437,1.0295067138671874,-6.9168485961914055,-5.465648854961832,7.068702290076335,6.778625954198473,21.141764705882352
1762115877,3402.75077 N,08408.27109 W,296.5,09,1.02,37.886,2.22,1.02,3.0214824951171875,2.748543505859375,-10.931924780273437,-7.793893129770993,-22.045801526717558,7.893129770992366,21.188823529411764
1762115878,3402.75077 N,08408.27109 W,296.5,09,1.02,37.886,2.22,1.02,1.1947066284179686,3.105279553222656,-10.134655627441406,-1.4122137404580153,-4.900763358778626,11.320610687022901,21.141764705882352
1762115879,3402.74421 N,08408.28158 W,296.7,08,1.02,37.886,2.22,1.02,1.189918225097656,1.5849614990234373,-7.589619262695312,-16.633587786259543,-13.65648854961832,57.69465648854962,21.141764705882352
1762115880,3402.74421 N,08408.28158 W,296.7,08,1.02,37.886,2.22,1.02,2.224213342285156,4.537012145996093,-9.258377819824219,-20.80916030534351,-12.572519083969466,2.595419847328244,21.141764705882352
1762115881,3402.74421 N,08408.28158 W,296.7,08,1.02,37.886,2.22,1.02,1.659181750488281,3.4548329956054684,-8.350975390624999,2.4732824427480917,18.80916030534351,-21.83969465648855,21.141764705882352
1762115882,3402.74421 N,08408.28158 W,296.7,08,1.02,37.886,2.22,1.02,0.565031591796875,1.0989385620117187,-7.714117749023437,9.580152671755725,4.7251908396946565,-8.206106870229007,21.188823529411764
1762115883,3402.74421 N,08408.28158 W,296.7,08,1.02,37.886,2.22,1.02,2.3822306518554686,2.5234885498046875,-11.164162341308593,-18.862595419847327,6.793893129770993,8.305343511450381,21.141764705882352
1762115884,3402.74421 N,08408.28158 W,296.7,08,1.02,37.886,2.22,1.02,1.2976572998046874,2.712630480957031,-9.919177478027343,0.7480916030534351,-31.229007633587788,12.236641221374045,21.141764705882352
1762115885,3402.74421 N,08408.28158 W,296.7,08,1.02,36.307,2.22,1.02,0.507570751953125,2.2290017456054687,-6.512228515625,-21.923664122137403,-15.488549618320612,33.58015267175573,21.188823529411764
1762115886,3402.74421 N,08408.28158 W,296.7,08,1.02,36.307,2.22,1.02,-0.2537853759765625,2.5713725830078125,-10.330980163574218,0.5114503816793893,-17.290076335877863,13.274809160305344,21.09470588235294
1762115887,3402.73689 N,08408.29060 W,296.5,09,1.02,36.307,2.22,1.02,1.4101847778320311,2.5163059448242184,-9.739612353515625,8.564885496183207,19.916030534351144,-26.96946564885496,21.04764705882353
1762115888,3402.73689 N,08408.29060 W,296.5,09,1.02,36.307,2.22,1.02,1.668758557128906,1.6472107421875,-6.519411120605469,-20.366412213740457,-6.442748091603053,-41.52671755725191,21.09470588235294
1762115889,3402.73689 N,08408.29060 W,296.5,09,1.02,36.307,2.22,1.02,0.5099649536132812,1.5514426757812498,-11.52329259033203,8.900763358778626,11.16030534351145,-8.908396946564885,21.04764705882353
1762115890,3402.73689 N,08408.29060 W,296.5,09,1.02,36.307,2.22,1.02,2.454056701660156,3.23696064453125,-9.315838659667968,-13.648854961832061,19.900763358778626,-2.801526717557252,21.141764705882352
1762115891,3402.73689 N,08408.29060 W,296.5,09,1.02,36.307,2.22,1.02,1.3670891479492187,1.5969325073242187,-7.249642626953125,2.2900763358778624,16.435114503816795,38.3587786259542,21.04764705882353
1762115892,3402.73689 N,08408.29060 W,296.5,09,1.02,36.307,2.22,1.02,1.2808978881835937,3.5793314819335937,-10.31661495361328,-22.85496183206107,-30.99236641221374,8.396946564885496,21.188823529411764
1762115893,3402.73689 N,08408.29060 W,296.5,09,1.02,36.160,2.22,1.02,1.1468225952148436,3.394977954101562,-8.621520178222656,4.3816793893129775,23.34351145038168,-17.549618320610687,21.141764705882352
1762115894,3402.73689 N,08408.29060 W,296.5,09,1.02,36.160,2.22,1.02,1.0103531005859374,0.44053310546874996,-8.046911779785155,-14.580152671755725,-5.908396946564886,-42.343511450381676,21.04764705882353
1762115895,3402.72925 N,08408.29866 W,296.0,09,1.02,36.160,2.22,1.02,3.019088293457031,2.0470424194335934,-11.79144317626953,7.656488549618321,-21.6793893129771,-5.969465648854962,21.141764705882352
1762115896,3402.72925 N,08408.29866 W,296.0,09,1.02,36.160,2.22,1.02,1.0726023437499999,2.6384102294921874,-9.849745629882811,-18.954198473282442,-5.587786259541985,13.916030534351146,21.09470588235294
1762115897,3402.72925 N,08408.29866 W,296.0,09,1.02,36.160,2.22,1.02,1.956062756347656,1.4508862060546874,-6.047753393554687,-23.076335877862597,-6.320610687022901,51.274809160305345,21.09470588235294
1762115898,3402.72925 N,08408.29866 W,296.0,09,1.02,36.160,2.22,1.02,-0.27293898925781246,1.1731588134765625,-8.564059338378906,-6.450381679389313,1.83206106870229,45.70992366412214,21.188823529411764
1762115899,3402.72925 N,08408.29866 W,296.0,09,1.02,36.160,2.22,1.02,-0.5291185668945312,3.4835634155273434,-13.125013500976562,51.229007633587784,-16.52671755725191,-35.33587786259542,21.09470588235294
1762115900,3402.72925 N,08408.29866 W,296.0,09,1.02,36.160,2.22,1.02,1.4604630126953124,2.808398547363281,-10.0748005859375,-4.809160305343512,10.526717557251908,13.358778625954198,21.141764705882352
1762115901,3402.72925 N,08408.29866 W,296.0,09,1.02,31.471,2.22,1.02,1.1013327636718748,2.4205378784179685,-6.313509777832031,-12.50381679389313,-32.13740458015267,-13.083969465648854,21.09470588235294
1762115902,3402.72925 N,08408.29866 W,296.0,09,1.02,31.471,2.22,1.02,2.384624853515625,2.269703173828125,-11.401188305664062,5.290076335877862,-2.9389312977099236,-11.687022900763358,21.188823529411764
1762115903,3402.72269 N,08408.30621 W,295.3,09,1.02,31.471,2.22,1.02,1.4700398193359374,2.6982652709960937,-8.820238916015624,-5.5038167938931295,-22.068702290076335,27.48854961832061,21.09470588235294
1762115904,3402.72269 N,08408.30621 W,295.3,09,1.02,31.471,2.22,1.02,-0.1771709228515625,2.1883003173828124,-8.595183959960938,3.2290076335877864,-3.564885496183206,23.442748091603054,21.04764705882353
1762115905,3402.72269 N,08408.30621 W,295.3,09,1.02,31.471,2.22,1.02,0.09576806640624999,2.442085693359375,-9.679757312011718,-14.206106870229007,12.67175572519084,26.17557251908397,21.141764705882352
1762115906,3402.72269 N,08408.30621 W,295.3,09,1.02,31.471,2.22,1.02,2.195482922363281,3.0334535034179684,-9.07163009033203,-6.847328244274809,23.68702290076336,-11.786259541984732,21.141764705882352
1762115907,3402.72269 N,08408.30621 W,295.3,09,1.02,31.471,2.22,1.02,2.1978771240234374,1.20667763671875,-6.619967590332031,-6.603053435114504,-7.0534351145038165,-37.587786259541986,21.141764705882352
1762115908,3402.72269 N,08408.30621 W,295.3,09,1.02,31.471,2.22,1.02,0.7996633544921875,1.7741034301757812,-11.094730493164063,6.809160305343512,-25.15267175572519,-19.068702290076335,21.09470588235294
1762115909,3402.72269 N,08408.30621 W,295.3,09,1.02,29.659,2.22,1.02,1.5322890624999999,3.383006945800781,-10.24000050048828,-18.66412213740458,14.213740458015268,2.2442748091603053,21.28294117647059
1762115910,3402.72269 N,08408.30621 W,295.3,09,1.02,29.659,2.22,1.02,0.679953271484375,2.1930887207031247,-8.386888415527343,4.4961832061068705,-6.32824427480916,11.641221374045802,21.04764705882353
1762115911,3402.71668 N,08408.31318 W,295.0,09,0.95,29.659,2.22,1.02,1.6208745239257811,4.046200805664062,-10.488997473144531,-22.87786259541985,-2.015267175572519,27.068702290076335,21.141764705882352
1762115912,3402.71668 N,08408.31318 W,295.0,09,0.95,29.659,1.78,0.95,2.233790148925781,2.5665841796874997,-6.890512377929687,-6.595419847328245,-27.83969465648855,-9.206106870229007,21.141764705882352
1762115913,3402.71668 N,08408.31318 W,295.0,09,0.95,29.659,1.78,0.95,2.7916391357421872,0.6823474731445313,-10.378864196777343,23.748091603053435,29.82442748091603,-52.916030534351144,21.09470588235294
1762115914,3402.71668 N,08408.31318 W,295.0,09,0.95,29.659,1.78,0.95,2.9472622436523435,3.0693665283203124,-10.723629235839843,-45.12977099236641,22.977099236641223,4.740458015267175,21.235882352941175
1762115915,3402.71668 N,08408.31318 W,295.0,09,0.95,29.659,1.78,0.95,2.403778466796875,3.0071172851562498,-8.33182177734375,9.526717557251908,-11.641221374045802,20.129770992366414,21.188823529411764
1762115916,3402.71668 N,08408.31318 W,295.0,09,0.95,29.659,1.78,0.95,-0.411802685546875,3.258508459472656,-9.356540087890625,9.83206106870229,-4.030534351145038,86.26717557251908,21.141764705882352
1762115917,3402.71668 N,08408.31318 W,295.0,09,0.95,30.060,1.78,0.95,1.3359645263671873,3.7158009765625,-10.338162768554687,0.11450381679389313,16.290076335877863,15.396946564885496,21.188823529411764
1762115918,3402.71668 N,08408.31318 W,295.0,09,0.95,30.060,1.78,0.95,1.3072341064453123,1.2832920898437499,-9.521740002441407,-1.8625954198473282,5.480916030534351,-34.62595419847328,21.141764705882352
1762115919,3402.71088 N,08408.32020 W,294.5,08,1.02,30.060,1.78,0.95,1.2569558715820313,1.218648645019531,-7.333439685058593,-6.137404580152672,14.450381679389313,-29.129770992366414,21.09470588235294
1762115920,3402.71088 N,08408.32020 W,294.5,08,1.02,30.060,2.22,1.02,2.152387292480469,2.2194249389648437,-11.291055029296874,14.183206106870228,18.0,21.595419847328245,21.09470588235294
1762115921,3402.71088 N,08408.32020 W,294.5,08,1.02,30.060,2.22,1.02,0.5386953735351562,2.636016027832031,-9.114725720214842,23.541984732824428,-13.282442748091603,0.7022900763358778,21.09470588235294
1762115922,3402.71088 N,08408.32020 W,294.5,08,1.02,30.060,2.22,1.02,-0.3280056274414062,1.6041151123046875,-8.415618835449218,12.206106870229007,-3.198473282442748,42.51908396946565,21.235882352941175
1762115923,3402.71088 N,08408.32020 W,294.5,08,1.02,30.060,2.22,1.02,1.9991583862304687,5.106832141113281,-10.714052429199219,-27.47328244274809,-17.31297709923664,48.412213740458014,21.188823529411764
1762115924,3402.71088 N,08408.32020 W,294.5,08,1.02,30.060,2.22,1.02,1.6543933471679686,3.5482068603515624,-7.977479931640625,18.12213740458015,-3.6793893129770994,-16.549618320610687,21.04764705882353
1762115925,3402.71088 N,08408.32020 W,294.5,08,1.02,30.435,2.22,1.02,2.0470424194335934,1.3455413330078123,-6.612784985351562,-7.67175572519084,-1.465648854961832,-5.427480916030534,21.09470588235294
1762115926,3402.71088 N,08408.32020 W,294.5,08,1.02,30.435,2.22,1.02,2.4349030883789062,-0.4381389038085937,-11.33175645751953,-19.022900763358777,60.343511450381676,14.84732824427481,21.188823529411764
1762115927,3402.70485 N,08408.32712 W,293.6,08,1.08,30.435,2.22,1.02,0.8643067993164062,3.9504327392578125,-11.209652172851563,-5.8396946564885495,-19.366412213740457,-8.465648854961833,21.09470588235294
1762115928,3402.70485 N,08408.32712 W,293.6,08,1.08,30.435,2.27,1.08,1.01514150390625,1.93451494140625,-7.742848168945312,-7.343511450381679,1.1450381679389312,25.610687022900763,21.188823529411764
1762115929,3402.70485 N,08408.32712 W,293.6,08,1.08,30.435,2.27,1.08,-0.35673604736328124,2.89219560546875,-9.935936889648437,-34.35114503816794,8.816793893129772,78.45038167938931,21.09470588235294
1762115930,3402.70485 N,08408.32712 W,293.6,08,1.08,30.435,2.27,1.08,1.177947216796875,2.896984008789062,-11.336544860839844,20.52671755725191,-0.8549618320610687,-0.6106870229007634,21.09470588235294
1762115931,3402.70485 N,08408.32712 W,293.6,08,1.08,30.435,2.27,1.08,1.8195932617187498,2.9185318237304685,-6.303932971191406,-9.15267175572519,-21.03053435114504,-9.595419847328245,21.09470588235294
1762115932,3402.70485 N,08408.32712 W,293.6,08,1.08,30.435,2.27,1.08,2.04943662109375,1.0965443603515623,-9.586383447265625,22.83969465648855,11.412213740458014,-34.38167938931298,21.09470588235294
1762115933,3402.70485 N,08408.32712 W,293.6,08,1.08,27.040,2.27,1.08,2.31758720703125,2.166752502441406,-12.780248461914061,0.015267175572519083,-41.61068702290076,-34.10687022900763,21.09470588235294
1762115934,3402.70485 N,08408.32712 W,293.6,08,1.08,27.040,2.27,1.08,1.838746875,2.9568390502929685,-9.030928662109375,-12.83206106870229,1.9923664122137406,-1.4885496183206106,21.235882352941175
1762115935,3402.69954 N,08408.33353 W,292.7,08,1.08,27.040,2.27,1.08,0.0047884033203125,1.7788918334960937,-7.3669585083007805,7.534351145038168,-16.52671755725191,37.23664122137404,21.04764705882353
1762115936,3402.69954 N,08408.33353 W,292.7,08,1.08,27.040,2.27,1.08,-0.4070142822265625,2.808398547363281,-10.788272680664061,-11.458015267175572,-9.786259541984732,40.2442748091603,21.141764705882352
1762115937,3402.69954 N,08408.33353 W,292.7,08,1.08,27.040,2.27,1.08,1.2904746948242187,3.7421371948242186,-9.442731347656249,1.9236641221374047,35.36641221374046,16.282442748091604,21.188823529411764
1762115938,3402.69954 N,08408.33353 W,292.7,08,1.08,27.040,2.27,1.08,1.2401964599609374,1.1635820068359375,-6.940790612792968,-23.900763358778626,15.236641221374045,-41.091603053435115,21.141764705882352
1762115939,3402.69954 N,08408.33353 W,292.7,08,1.08,27.040,2.27,1.08,1.8435352783203125,2.2673089721679687,-11.350910070800781,46.41984732824427,-21.3206106870229,-58.725190839694655,21.141764705882352
1762115940,3402.69954 N,08408.33353 W,292.7,08,1.08,27.040,2.27,1.08,2.2457611572265623,3.3710359375,-9.3086560546875,-12.145038167938932,-1.1526717557251909,-8.259541984732824,21.09470588235294
1762115941,3402.69954 N,08408.33353 W,292.7,08,1.08,21.673,2.27,1.08,0.565031591796875,2.530671154785156,-7.498639599609374,23.30534351145038,15.961832061068701,23.801526717557252,21.09470588235294
1762115942,3402.69954 N,08408.33353 W,292.7,08,1.08,21.673,2.27,1.08,2.5067291381835934,6.157886669921875,-9.91438907470703,-49.76335877862596,1.8854961832061068,37.17557251908397,21.09470588235294
1762115943,3402.69518 N,08408.33838 W,291.0,08,1.08,21.673,2.27,1.08,1.0534487304687499,3.5697546752929687,-7.788338000488281,-1.3053435114503817,-23.076335877862597,-41.25190839694657,21.188823529411764
1762115944,3402.69518 N,08408.33838 W,291.0,08,1.08,21.673,2.27,1.08,0.9648632690429687,0.7134720947265625,-9.294290844726563,10.358778625954198,-60.045801526717554,-48.76335877862596,21.235882352941175
1762115945,3402.69518 N,08408.33838 W,291.0,08,1.08,21.673,2.27,1.08,1.1444283935546875,1.4963760375976562,-11.89439384765625,25.374045801526716,-8.603053435114504,-31.908396946564885,21.09470588235294
1762115946,3402.69518 N,08408.33838 W,291.0,08,1.08,21.673,2.27,1.08,1.0079588989257813,2.2361843505859373,-8.678981018066406,-14.374045801526718,-8.969465648854962,40.954198473282446,21.09470588235294
1762115947,3402.69518 N,08408.33838 W,291.0,08,1.08,21.673,2.27,1.08,0.5746083984375,1.0223241088867188,-11.200075366210937,14.98473282442748,21.954198473282442,7.061068702290076,21.04764705882353
1762115948,3402.69518 N,08408.33838 W,291.0,08,1.08,21.673,2.27,1.08,-0.40462008056640625,3.1387983764648437,-11.635820068359374,-13.67175572519084,-16.66412213740458,22.885496183206108,21.235882352941175
1762115949,3402.69518 N,08408.33838 W,291.0,08,1.08,12.947,2.27,1.08,0.06943184814453125,1.6615759521484375,-9.418789331054686,-3.4198473282442747,15.198473282442748,-24.435114503816795,21.09470588235294
1762115950,3402.69518 N,08408.33838 W,291.0,08,1.08,12.947,2.27,1.08,0.5793968017578125,-0.354341845703125,-8.20971749267578,-31.893129770992367,1.83206106870229,-7.412213740458015,21.09470588235294
1762115951,3402.69298 N,08408.34194 W,291.9,08,1.02,12.947,2.27,1.08,2.205059729003906,1.9752163696289062,-11.77947216796875,-64.87786259541984,26.27480916030534,38.778625954198475,21.09470588235294
1762115952,3402.69298 N,08408.34194 W,291.9,08,1.02,12.947,2.22,1.02,1.1013327636718748,3.009511486816406,-8.80347950439453,-28.755725190839694,-26.717557251908396,38.343511450381676,21.09470588235294
1762115953,3402.69298 N,08408.34194 W,291.9,08,1.02,12.947,2.22,1.02,-1.39821376953125,2.0757728393554684,-8.197746484375,-15.374045801526718,-9.458015267175572,43.465648854961835,21.188823529411764
1762115954,3402.69298 N,08408.34194 W,291.9,08,1.02,12.947,2.22,1.02,-0.679953271484375,4.75009609375,-9.76116016845703,-18.450381679389313,-7.061068702290076,46.43511450381679,21.141764705882352
1762115955,3402.69298 N,08408.34194 W,291.9,08,1.02,12.947,2.22,1.02,1.2856862915039062,2.7581203125,-6.4834980957031245,3.4122137404580153,-9.648854961832061,-28.923664122137403,21.04764705882353
1762115956,3402.69298 N,08408.34194 W,291.9,08,1.02,12.947,2.22,1.02,1.3215993164062498,-0.040701428222656245,-8.243236315917969,16.022900763358777,-7.015267175572519,-35.961832061068705,21.141764705882352
1762115957,3402.69298 N,08408.34194 W,291.9,08,1.02,11.788,2.22,1.02,1.7669208251953124,2.0661960327148434,-11.604695446777344,-5.473282442748092,-17.53435114503817,-67.34351145038168,21.141764705882352
1762115959,3402.69298 N,08408.34194 W,291.9,08,1.02,11.788,2.22,1.02,1.6903063720703124,2.6815058593749996,-9.612719665527344,7.67175572519084,-9.076335877862595,17.19083969465649,21.04764705882353
1762115960,3402.69059 N,08408.34473 W,295.0,09,1.08,11.788,2.22,1.02,0.5363011718749999,1.1659762084960936,-8.44674345703125,-7.938931297709924,2.267175572519084,60.93893129770992,21.04764705882353
1762115961,3402.69059 N,08408.34473 W,295.0,09,1.08,11.788,2.27,1.08,1.199495031738281,3.246537451171875,-12.73715283203125,31.52671755725191,-41.091603053435115,-33.30534351145038,21.141764705882352
1762115962,3402.69059 N,08408.34473 W,295.0,09,1.08,11.788,2.27,1.08,1.5227122558593749,3.076549133300781,-9.545682019042967,2.3282442748091605,22.923664122137403,-26.076335877862597,21.09470588235294
1762115963,3402.69059 N,08408.34473 W,295.0,09,1.08,11.788,2.27,1.08,2.3032219970703123,0.5698199951171875,-7.048529687499999,-12.061068702290076,3.49618320610687,-7.984732824427481,21.04764705882353
1762115964,3402.69059 N,08408.34473 W,295.0,09,1.08,11.788,2.27,1.08,0.8044517578125,1.8028338500976562,-11.947066284179687,28.00763358778626,-45.412213740458014,-42.19083969465649,21.000588235294117
1762115965,3402.69059 N,08408.34473 W,295.0,09,1.08,11.788,2.27,1.08,0.8714894042968749,3.447650390625,-9.78031378173828,-6.755725190839694,-12.541984732824428,31.671755725190838,21.188823529411764
1762115966,3402.69059 N,08408.34473 W,295.0,09,1.08,11.594,2.27,1.08,0.16759411621093748,1.2018892333984375,-6.957550024414062,-5.244274809160306,21.00763358778626,83.69465648854961,21.09470588235294
1762115967,3402.69059 N,08408.34473 W,295.0,09,1.08,11.594,2.27,1.08,-1.7860744384765623,2.7365724975585937,-10.175357055664062,26.99236641221374,-4.938931297709924,4.709923664122138,21.09470588235294
1762115968,3402.68883 N,08408.34726 W,295.2,09,1.02,11.594,2.27,1.08,0.040701428222656245,3.289633081054687,-10.228029492187499,10.091603053435115,3.045801526717557,-14.01526717557252,21.141764705882352
1762115969,3402.68883 N,08408.34726 W,295.2,09,1.02,11.594,2.22,1.02,0.8068459594726562,2.8802245971679685,-6.629544396972656,-5.877862595419847,-24.091603053435115,-17.52671755725191,21.141764705882352
1762115970,3402.68883 N,08408.34726 W,295.2,09,1.02,11.594,2.22,1.02,1.6041151123046875,-0.4429273071289062,-9.404424121093749,3.9923664122137406,-18.282442748091604,-20.53435114503817,21.141764705882352
1762115971,3402.68883 N,08408.34726 W,295.2,09,1.02,11.594,2.22,1.02,2.77727392578125,2.1883003173828124,-11.33175645751953,-6.2748091603053435,-0.22137404580152673,11.106870229007633,21.188823529411764
1762115972,3402.68883 N,08408.34726 W,295.2,09,1.02,11.594,2.22,1.02,1.0869675537109373,2.50912333984375,-10.618284362792968,-16.557251908396946,3.381679389312977,-6.114503816793893,21.04764705882353
1762115973,3402.68883 N,08408.34726 W,295.2,09,1.02,11.594,2.22,1.02,1.2617442749023438,1.4245499877929686,-6.095637426757812,-11.572519083969466,0.7022900763358778,56.58015267175573,21.09470588235294
1762115974,3402.68883 N,08408.34726 W,295.2,09,1.02,11.330,2.22,1.02,0.4381389038085937,2.013523596191406,-10.639832177734375,-47.67175572519084,26.442748091603054,97.96946564885496,21.09470588235294
1762115975,3402.68883 N,08408.34726 W,295.2,09,1.02,11.330,2.22,1.02,0.277727392578125,2.9041666137695312,-10.93671318359375,3.969465648854962,-13.664122137404581,3.2442748091603053,21.235882352941175
1762115976,3402.68786 N,08408.35046 W,295.8,09,0.95,11.330,2.22,1.02,0.5698199951171875,2.0542250244140625,-7.455543969726562,-6.320610687022901,11.610687022900763,-37.02290076335878,21.09470588235294
1762115977,3402.68786 N,08408.35046 W,295.8,09,0.95,11.330,1.78,0.95,0.7733271362304687,-0.373495458984375,-8.540117321777343,-21.412213740458014,20.519083969465647,-53.68702290076336,21.188823529411764
1762115978,3402.68786 N,08408.35046 W,295.8,09,0.95,11.330,1.78,0.95,1.1156979736328125,2.039859814453125,-12.820949890136719,36.98473282442748,-33.954198473282446,-76.32824427480917,21.141764705882352
1762115979,3402.68786 N,08408.35046 W,295.8,09,0.95,11.330,1.78,0.95,1.5107412475585937,2.6503812377929687,-10.309432348632813,1.7786259541984732,-5.9541984732824424,4.122137404580153,21.09470588235294
1762115980,3402.68786 N,08408.35046 W,295.8,09,0.95,11.330,1.78,0.95,1.0582371337890624,1.62805712890625,-6.567295153808593,-7.251908396946565,18.03053435114504,57.33587786259542,21.09470588235294
1762115981,3402.68786 N,08408.35046 W,295.8,09,0.95,11.330,1.78,0.95,0.7781155395507812,2.7461493041992187,-11.944672082519531,27.748091603053435,-46.6412213740458,-22.801526717557252,21.188823529411764
1762115982,3402.68786 N,08408.35046 W,295.8,09,0.95,11.168,1.78,0.95,0.7302315063476562,3.21780703125,-10.20887587890625,-3.9923664122137406,-5.755725190839694,9.992366412213741,21.141764705882352
1762115983,3402.68786 N,08408.35046 W,295.8,09,0.95,11.168,1.78,0.95,0.8571241943359375,1.2928688964843749,-8.166621862792969,-15.458015267175572,-10.549618320610687,-43.98473282442748,21.235882352941175
1762115984,3402.68745 N,08408.35414 W,296.6,09,0.95,11.168,1.78,0.95,0.9744400756835937,-0.507570751953125,-10.206481677246094,25.984732824427482,-11.893129770992367,-71.57251908396947,21.141764705882352
1762115985,3402.68745 N,08408.35414 W,296.6,09,0.95,11.168,1.78,0.95,1.9800047729492187,1.9680337646484374,-12.073958972167969,-13.244274809160306,0.11450381679389313,-2.236641221374046,21.141764705882352
1762115986,3402.68745 N,08408.35414 W,296.6,09,0.95,11.168,1.78,0.95,1.4987702392578124,2.549824768066406,-8.305485559082031,-23.83206106870229,-4.6183206106870225,14.702290076335878,21.188823529411764
1762115987,3402.68745 N,08408.35414 W,296.6,09,0.95,11.168,1.78,0.95,-0.00239420166015625,1.6735469604492186,-6.787561706542968,-1.8549618320610688,13.297709923664122,43.12977099236641,21.188823529411764
1762115988,3402.68745 N,08408.35414 W,296.6,09,0.95,11.168,1.78,0.95,-0.5746083984375,2.5043349365234375,-12.121843005371092,9.65648854961832,-5.015267175572519,21.778625954198475,21.235882352941175
1762115989,3402.68745 N,08408.35414 W,296.6,09,0.95,11.168,1.78,0.95,0.5291185668945312,3.0645781249999997,-10.541669909667968,1.0229007633587786,7.267175572519084,12.15267175572519,21.330000000000002
1762115990,3402.68745 N,08408.35414 W,296.6,09,0.95,12.649,1.78,0.95,0.7589619262695312,2.104503259277344,-8.176198669433592,-14.923664122137405,-39.969465648854964,-54.30534351145038,21.235882352941175
1762115991,3402.68745 N,08408.35414 W,296.6,09,0.95,12.649,1.78,0.95,1.1085153686523437,0.4860229370117187,-11.343727465820312,21.396946564885496,11.183206106870228,-54.2442748091603,21.235882352941175
1762115992,3402.68693 N,08408.35795 W,298.1,08,1.02,12.649,1.78,0.95,1.2378022583007813,1.8914193115234375,-11.049240661621093,7.114503816793893,1.366412213740458,-9.49618320610687,21.28294117647059
1762115993,3402.68693 N,08408.35795 W,298.1,08,1.02,12.649,1.85,1.02,1.4772224243164063,2.4133552734375,-8.312668164062499,15.473282442748092,-21.83206106870229,63.87022900763359,21.28294117647059
1762115994,3402.68693 N,08408.35795 W,298.1,08,1.02,12.649,1.85,1.02,0.2609679809570312,2.0374656127929685,-9.452308154296874,9.526717557251908,-18.862595419847327,46.13740458015267,21.235882352941175
1762115995,3402.68693 N,08408.35795 W,298.1,08,1.02,12.649,1.85,1.02,2.8945898071289062,4.592078784179687,-9.868899243164062,-61.06106870229008,-13.618320610687023,56.16793893129771,21.28294117647059
1762115996,3402.68693 N,08408.35795 W,298.1,08,1.02,12.649,1.85,1.02,0.852335791015625,2.5043349365234375,-10.929530578613281,-14.49618320610687,14.977099236641221,27.15267175572519,21.28294117647059
1762115997,3402.68693 N,08408.35795 W,298.1,08,1.02,12.649,1.85,1.02,0.612915625,2.1068974609374997,-7.3669585083007805,-38.3206106870229,-9.221374045801527,30.129770992366414,21.330000000000002
1762115998,3402.68693 N,08408.35795 W,298.1,08,1.02,12.756,1.85,1.02,-0.41898529052734373,-0.24181436767578124,-11.547234606933593,-45.465648854961835,22.061068702290076,53.396946564885496,21.235882352941175
1762115999,3402.68693 N,08408.35795 W,298.1,08,1.02,12.756,1.85,1.02,0.833182177734375,1.4053963745117186,-11.355698474121093,12.977099236641221,11.13740458015267,-11.290076335877863,21.28294117647059
1762116000,3402.68654 N,08408.36218 W,297.7,07,1.08,12.756,1.85,1.02,1.1875240234375,0.852335791015625,-8.228871105957031,16.19083969465649,4.015267175572519,9.236641221374045,21.235882352941175
1762116001,3402.68654 N,08408.36218 W,297.7,07,1.08,12.756,2.27,1.08,-0.2346317626953125,1.3742717529296875,-9.26316622314453,-9.213740458015268,-8.755725190839694,47.64885496183206,21.28294117647059
1762116002,3402.68654 N,08408.36218 W,297.7,07,1.08,12.756,2.27,1.08,-0.03591302490234375,2.070984436035156,-10.807426293945312,-17.015267175572518,6.587786259541985,26.916030534351144,21.377058823529413
1762116003,3402.68654 N,08408.36218 W,297.7,07,1.08,12.756,2.27,1.08,0.35673604736328124,1.3359645263671873,-9.545682019042967,19.717557251908396,2.2442748091603053,-49.32824427480916,21.235882352941175
1762116004,3402.68654 N,08408.36218 W,297.7,07,1.08,12.756,2.27,1.08,0.8667010009765624,-1.4221557861328125,-9.459490759277344,15.305343511450381,-6.00763358778626,-72.86259541984732,21.28294117647059
1762116005,3402.68654 N,08408.36218 W,297.7,07,1.08,12.756,2.27,1.08,-0.23702596435546874,0.814028564453125,-11.382034692382812,-16.30534351145038,25.14503816793893,-16.427480916030536,21.424117647058825
1762116006,3402.68654 N,08408.36218 W,297.7,07,1.08,12.151,2.27,1.08,0.93852705078125,0.9600748657226562,-9.124302526855468,4.938931297709924,-4.656488549618321,13.381679389312977,21.28294117647059
1762116007,3402.68654 N,08408.36218 W,297.7,07,1.08,12.151,2.27,1.08,-1.7429788085937499,1.3407529296874998,-8.827421520996094,9.618320610687023,-14.580152671755725,25.69465648854962,21.377058823529413
1762116008,3402.68498 N,08408.36591 W,298.0,08,1.08,12.151,2.27,1.08,0.833182177734375,2.6503812377929687,-12.081141577148436,-38.61832061068702,-3.7022900763358777,61.9236641221374,21.28294117647059
1762116009,3402.68498 N,08408.36591 W,298.0,08,1.08,12.151,2.27,1.08,0.24181436767578124,0.9983820922851562,-9.026140258789061,14.34351145038168,5.916030534351145,-15.236641221374045,21.424117647058825
1762116010,3402.68498 N,08408.36591 W,298.0,08,1.08,12.151,2.27,1.08,0.8810662109374999,0.3016694091796875,-6.117185241699218,-46.11450381679389,-0.06870229007633588,-25.00763358778626,21.330000000000002
1762116011,3402.68498 N,08408.36591 W,298.0,08,1.08,12.151,2.27,1.08,-0.076614453125,-1.158793603515625,-12.148179223632813,50.80152671755725,-24.900763358778626,-49.30534351145038,21.424117647058825
1762116012,3402.68498 N,08408.36591 W,298.0,08,1.08,12.151,2.27,1.08,1.216254443359375,1.2665326782226562,-10.098742602539062,-14.427480916030534,15.595419847328245,-10.122137404580153,21.330000000000002
1762116013,3402.68498 N,08408.36591 W,298.0,08,1.08,12.151,2.27,1.08,0.04548983154296875,0.10295067138671875,-7.292738256835937,3.5267175572519083,4.458015267175573,49.030534351145036,21.377058823529413
1762116014,3402.68498 N,08408.36591 W,298.0,08,1.08,11.789,2.27,1.08,-1.3407529296874998,0.239420166015625,-11.039663854980468,14.335877862595419,18.786259541984734,6.99236641221374,21.330000000000002
1762116015,3402.68498 N,08408.36591 W,298.0,08,1.08,11.789,2.27,1.08,-0.16519991455078123,1.1755530151367186,-10.417171423339843,-15.473282442748092,8.961832061068701,4.893129770992366,21.28294117647059
1762116016,3402.68281 N,08408.36839 W,297.9,08,1.08,11.789,2.27,1.08,0.3447650390625,0.062249243164062495,-8.188169677734374,-13.564885496183207,-0.20610687022900764,-35.38167938931298,21.235882352941175
1762116017,3402.68281 N,08408.36839 W,297.9,08,1.08,11.789,2.27,1.08,0.5410895751953124,-2.5234885498046875,-9.289502441406249,-2.7938931297709924,8.900763358778626,-45.74809160305343,21.330000000000002
1762116018,3402.68281 N,08408.36839 W,297.9,08,1.08,11.789,2.27,1.08,0.01915361328125,0.2537853759765625,-12.952630981445312,13.908396946564885,-28.106870229007633,-33.56488549618321,21.377058823529413
1762116019,3402.68281 N,08408.36839 W,297.9,08,1.08,11.789,2.27,1.08,0.5865794067382812,1.4915876342773438,-9.947907897949218,-9.534351145038167,15.122137404580153,14.49618320610687,21.235882352941175
1762116020,3402.68281 N,08408.36839 W,297.9,08,1.08,11.789,2.27,1.08,0.44053310546874996,0.06943184814453125,-6.478709692382812,-22.442748091603054,15.374045801526718,45.954198473282446,21.28294117647059
1762116021,3402.68281 N,08408.36839 W,297.9,08,1.08,11.789,2.27,1.08,-1.5203180541992187,1.0103531005859374,-10.58476553955078,-59.7557251908397,14.82442748091603,61.87022900763359,21.235882352941175
1762116022,3402.68281 N,08408.36839 W,297.9,08,1.08,15.195,2.27,1.08,-0.1005564697265625,1.1372457885742187,-11.762712756347655,-9.694656488549619,0.15267175572519084,1.6412213740458015,21.235882352941175
1762116023,3402.68281 N,08408.36839 W,297.9,08,1.08,15.195,2.27,1.08,0.7422025146484375,0.8667010009765624,-8.145074047851562,-3.6946564885496183,-12.16030534351145,-26.35114503816794,21.188823529411764
1762116024,3402.67927 N,08408.37013 W,298.1,09,1.07,15.195,2.27,1.08,0.277727392578125,-2.070984436035156,-9.3852705078125,-6.198473282442748,-9.931297709923664,-44.11450381679389,21.330000000000002
1762116025,3402.67927 N,08408.37013 W,298.1,09,1.07,15.195,1.88,1.07,0.7852981445312499,-1.4772224243164063,-12.55758770751953,38.267175572519086,-25.572519083969464,-40.88549618320611,21.235882352941175
1762116026,3402.67927 N,08408.37013 W,298.1,09,1.07,15.195,1.88,1.07,1.7381904052734374,0.7852981445312499,-10.041281762695311,-5.862595419847328,10.82442748091603,26.938931297709924,21.188823529411764
1762116027,3402.67927 N,08408.37013 W,298.1,09,1.07,15.195,1.88,1.07,0.22266075439453123,0.2609679809570312,-8.410830432128906,8.381679389312977,-11.709923664122137,80.12977099236642,21.141764705882352
1762116028,3402.67927 N,08408.37013 W,298.1,09,1.07,15.195,1.88,1.07,-0.9026140258789062,0.5482721801757812,-8.82981572265625,-20.129770992366414,1.3053435114503817,47.93129770992366,21.188823529411764
1762116029,3402.67927 N,08408.37013 W,298.1,09,1.07,15.195,1.88,1.07,0.5985504150390625,1.139639990234375,-11.410765112304686,11.435114503816793,-11.664122137404581,-19.87786259541985,21.235882352941175
1762116030,3402.67927 N,08408.37013 W,298.1,09,1.07,16.785,1.88,1.07,-0.11252747802734374,1.7860744384765623,-9.777919580078125,-0.9007633587786259,-6.351145038167939,-26.80916030534351,21.235882352941175
1762116031,3402.67927 N,08408.37013 W,298.1,09,1.07,16.785,1.88,1.07,0.5195417602539062,-1.467645617675781,-9.715670336914062,15.007633587786259,-37.0763358778626,-33.18320610687023,21.235882352941175
1762116032,3402.67513 N,08408.37188 W,298.2,08,0.99,16.785,1.88,1.07,1.3311761230468748,-0.22266075439453123,-12.083535778808592,-5.8396946564885495,-10.595419847328245,-28.15267175572519,21.235882352941175
1762116033,3402.67513 N,08408.37188 W,298.2,08,0.99,16.785,1.80,0.99,0.7996633544921875,1.35990654296875,-10.007762939453125,-20.81679389312977,16.83206106870229,17.900763358778626,21.188823529411764
1762116034,3402.67513 N,08408.37188 W,298.2,08,0.99,16.785,1.80,0.99,-0.0047884033203125,0.6200982299804687,-6.691793640136718,-10.83969465648855,-0.6717557251908397,38.05343511450382,21.188823529411764
1762116035,3402.67513 N,08408.37188 W,298.2,08,0.99,16.785,1.80,0.99,-1.668758557128906,0.9145850341796874,-11.145008728027342,-8.32824427480916,5.099236641221374,54.343511450381676,21.235882352941175
1762116036,3402.67513 N,08408.37188 W,298.2,08,0.99,16.785,1.80,0.99,0.15562310791015624,0.373495458984375,-11.305420239257812,15.412213740458014,7.374045801526718,-18.00763358778626,21.09470588235294
1762116037,3402.67513 N,08408.37188 W,298.2,08,0.99,16.785,1.80,0.99,-0.0718260498046875,0.6440402465820312,-8.087613208007811,-22.106870229007633,-8.389312977099237,-30.076335877862597,21.28294117647059
1762116038,3402.67513 N,08408.37188 W,298.2,08,0.99,18.840,1.80,0.99,0.016759411621093748,-1.180341418457031,-8.662221606445312,15.702290076335878,-18.404580152671755,-48.57251908396947,21.235882352941175
1762116039,3402.67513 N,08408.37188 W,298.2,08,0.99,18.840,1.80,0.99,0.2154781494140625,-0.6200982299804687,-13.876792822265624,59.54961832061068,-29.931297709923665,-51.6412213740458,21.235882352941175
1762116040,3402.67077 N,08408.37429 W,298.5,08,1.03,18.840,1.80,0.99,1.3144167114257812,1.0486603271484374,-10.881646545410156,6.33587786259542,-5.732824427480916,-32.61832061068702,21.188823529411764
1762116041,3402.67077 N,08408.37429 W,298.5,08,1.03,18.840,1.84,1.03,2.24097275390625,0.3399766357421875,-7.091625317382812,-13.259541984732824,7.366412213740458,27.213740458015266,21.09470588235294
1762116042,3402.67077 N,08408.37429 W,298.5,08,1.03,18.840,1.84,1.03,-2.499546533203125,-0.27293898925781246,-10.726023437499999,22.984732824427482,3.6717557251908395,47.725190839694655,21.141764705882352
1762116043,3402.67077 N,08408.37429 W,298.5,08,1.03,18.840,1.84,1.03,-0.3016694091796875,2.020706201171875,-11.669338891601562,-8.80916030534351,-21.27480916030534,12.076335877862595,21.188823529411764
1762116044,3402.67077 N,08408.37429 W,298.5,08,1.03,18.840,1.84,1.03,0.07900865478515624,1.2808978881835937,-8.501810095214843,-2.6717557251908395,16.923664122137403,-10.358778625954198,21.188823529411764
1762116045,3402.67077 N,08408.37429 W,298.5,08,1.03,18.840,1.84,1.03,0.03591302490234375,-1.4245499877929686,-7.671022119140624,-37.93129770992366,6.587786259541985,-41.656488549618324,21.141764705882352
1762116046,3402.67077 N,08408.37429 W,298.5,08,1.03,17.824,1.84,1.03,2.142810485839844,0.7398083129882812,-11.262324609375,-29.557251908396946,21.862595419847327,31.091603053435115,21.141764705882352
1762116047,3402.67077 N,08408.37429 W,298.5,08,1.03,17.824,1.84,1.03,1.0845733520507812,0.296881005859375,-9.68454571533203,-1.7938931297709924,-6.679389312977099,18.862595419847327,21.141764705882352
1762116048,3402.66623 N,08408.37722 W,298.6,09,0.95,17.824,1.84,1.03,-1.956062756347656,-0.18435352783203124,-8.971073620605468,4.465648854961832,-16.755725190839694,77.7557251908397,21.09470588235294
1762116049,3402.66623 N,08408.37722 W,298.6,09,0.95,17.824,1.78,0.95,-0.2753331909179687,0.6967126831054687,-12.344503759765624,-4.511450381679389,-15.961832061068701,35.43511450381679,21.141764705882352
1762116050,3402.66623 N,08408.37722 W,298.6,09,0.95,17.824,1.78,0.95,-0.16519991455078123,0.9002198242187499,-10.359710583496094,15.83969465648855,4.763358778625954,-8.259541984732824,21.188823529411764
1762116051,3402.66623 N,08408.37722 W,298.6,09,0.95,17.824,1.78,0.95,0.7206546997070312,1.7214309936523438,-7.338228088378906,1.816793893129771,-7.473282442748092,-11.992366412213741,21.235882352941175
1762116052,3402.66623 N,08408.37722 W,298.6,09,0.95,17.824,1.78,0.95,-0.076614453125,0.9744400756835937,-11.441889733886718,-1.0916030534351144,20.114503816793892,-7.969465648854962,21.188823529411764
1762116053,3402.66623 N,08408.37722 W,298.6,09,0.95,17.824,1.78,0.95,1.8148048583984373,3.2225954345703123,-10.64222637939453,-7.770992366412214,3.6793893129770994,-9.709923664122137,21.09470588235294
1762116054,3402.66623 N,08408.37722 W,298.6,09,0.95,22.536,1.78,0.95,2.518700146484375,1.13006318359375,-6.639121203613281,8.816793893129772,-9.82442748091603,2.122137404580153,21.09470588235294
1762116056,3402.66623 N,08408.37722 W,298.6,09,0.95,22.536,1.78,0.95,2.602497204589844,2.806004345703125,-10.58476553955078,-39.93129770992366,1.984732824427481,53.20610687022901,21.141764705882352
1762116057,3402.66151 N,08408.38170 W,298.5,09,1.02,22.536,1.78,0.95,2.4971523315429685,4.247313745117188,-10.120290417480469,-6.488549618320611,-18.33587786259542,7.3893129770992365,21.235882352941175
1762116058,3402.66151 N,08408.38170 W,298.5,09,1.02,22.536,1.85,1.02,2.6575638427734374,2.887407202148437,-6.311115576171875,7.251908396946565,-10.748091603053435,-33.43511450381679,21.09470588235294
1762116059,3402.66151 N,08408.38170 W,298.5,09,1.02,22.536,1.85,1.02,1.695094775390625,1.656787548828125,-7.572859851074218,-13.969465648854962,-33.091603053435115,-54.80916030534351,21.141764705882352
1762116060,3402.66151 N,08408.38170 W,298.5,09,1.02,22.536,1.85,1.02,-0.1292868896484375,2.0638018310546875,-12.603077539062499,48.396946564885496,-21.923664122137403,-64.25954198473282,21.141764705882352
1762116061,3402.66151 N,08408.38170 W,298.5,09,1.02,22.536,1.85,1.02,3.028665100097656,3.727771984863281,-9.210493786621093,4.259541984732825,29.770992366412212,-17.519083969465647,21.09470588235294
1762116062,3402.66151 N,08408.38170 W,298.5,09,1.02,22.536,1.85,1.02,1.9895815795898437,2.6096798095703124,-6.315903979492187,-23.49618320610687,-9.030534351145038,27.793893129770993,21.188823529411764
1762116063,3402.66151 N,08408.38170 W,298.5,09,1.02,25.008,1.85,1.02,2.1260510742187497,3.2249896362304686,-9.409212524414063,31.19083969465649,-10.51908396946565,32.62595419847328,21.141764705882352
1762116064,3402.66151 N,08408.38170 W,298.5,09,1.02,25.008,1.85,1.02,2.6910826660156246,3.258508459472656,-9.904812268066406,-7.083969465648855,13.458015267175572,10.053435114503817,21.09470588235294
1762116065,3402.65642 N,08408.38711 W,298.5,05,1.41,25.008,1.85,1.02,2.0350714111328125,3.1507693847656246,-7.173028173828125,-15.404580152671755,-31.862595419847327,-1.465648854961832,21.330000000000002
1762116066,3402.65642 N,08408.38711 W,298.5,05,1.41,25.008,2.80,1.41,-0.4333505004882812,3.2704794677734372,-11.451466540527344,-23.6793893129771,11.916030534351146,29.51145038167939,21.188823529411764
1762116067,3402.65642 N,08408.38711 W,298.5,05,1.41,25.008,2.80,1.41,1.927332336425781,3.4763808105468748,-9.294290844726563,-16.290076335877863,17.16793893129771,-18.51145038167939,21.188823529411764
1762116068,3402.65642 N,08408.38711 W,298.5,05,1.41,25.008,2.80,1.41,0.4525041137695312,3.1364041748046874,-9.916783276367187,24.091603053435115,-38.3587786259542,16.396946564885496,21.09470588235294
1762116069,3402.65642 N,08408.38711 W,298.5,05,1.41,25.008,2.80,1.41,2.013523596191406,4.209006518554688,-10.117896215820313,-18.229007633587788,21.923664122137403,58.44274809160305,21.188823529411764
1762116070,3402.65642 N,08408.38711 W,298.5,05,1.41,25.008,2.80,1.41,2.3056161987304686,2.47081611328125,-7.788338000488281,4.213740458015267,3.648854961832061,-6.259541984732825,21.330000000000002
1762116071,3402.65642 N,08408.38711 W,298.5,05,1.41,27.698,2.80,1.41,1.1707646118164061,2.1021090576171875,-5.971138940429687,-8.49618320610687,-19.16030534351145,-32.786259541984734,21.235882352941175
1762116072,3402.65642 N,08408.38711 W,298.5,05,1.41,27.698,2.80,1.41,1.89620771484375,1.1228805786132812,-8.904035974121093,-0.8854961832061069,-1.5954198473282444,-41.7557251908397,21.09470588235294
1762116073,3402.65088 N,08408.39372 W,298.5,07,1.05,27.698,2.80,1.41,1.7286135986328124,2.109291662597656,-14.506467858886717,54.916030534351144,-45.33587786259542,-94.29770992366412,21.188823529411764
1762116074,3402.65088 N,08408.39372 W,298.5,07,1.05,27.698,2.61,1.05,1.2641384765625,2.1164742675781247,-10.922347973632812,-2.3206106870229006,24.641221374045802,-17.50381679389313,21.188823529411764
1762116075,3402.65088 N,08408.39372 W,298.5,07,1.05,27.698,2.61,1.05,2.5234885498046875,2.1978771240234374,-9.217676391601563,-15.687022900763358,18.206106870229007,-12.977099236641221,21.188823529411764
1762116076,3402.65088 N,08408.39372 W,298.5,07,1.05,27.698,2.61,1.05,1.6400281372070311,1.39821376953125,-7.1586629638671875,-15.213740458015268,-21.206106870229007,-6.106870229007634,21.188823529411764
1762116077,3402.65088 N,08408.39372 W,298.5,07,1.05,27.698,2.61,1.05,1.5682020874023437,2.808398547363281,-9.938331091308592,27.572519083969464,-43.30534351145038,38.213740458015266,21.330000000000002
1762116078,3402.65088 N,08408.39372 W,298.5,07,1.05,27.698,2.61,1.05,-0.1149216796875,3.3207577026367185,-13.005303417968749,11.038167938931299,-27.328244274809162,33.847328244274806,21.188823529411764
1762116079,3402.65088 N,08408.39372 W,298.5,07,1.05,27.717,2.61,1.05,2.020706201171875,3.1220389648437497,-10.931924780273437,-13.19083969465649,-1.465648854961832,17.419847328244273,21.141764705882352
1762116080,3402.65088 N,08408.39372 W,298.5,07,1.05,27.717,2.61,1.05,2.1404162841796874,2.578555187988281,-11.314997045898437,-8.419847328244275,47.32824427480916,-28.47328244274809,21.188823529411764
1762116081,3402.64544 N,08408.40052 W,298.5,08,1.02,27.717,2.61,1.05,2.1739351074218747,1.8555062866210936,-6.382941625976562,-12.01526717557252,0.7099236641221374,-45.152671755725194,21.09470588235294
1762116082,3402.64544 N,08408.40052 W,298.5,08,1.02,27.717,2.22,1.02,2.2840683837890623,-0.0383072265625,-9.859322436523437,4.412213740458015,-38.69465648854962,-40.85496183206107,21.188823529411764
1762116083,3402.64544 N,08408.40052 W,298.5,08,1.02,27.717,2.22,1.02,2.602497204589844,1.695094775390625,-13.13219610595703,58.52671755725191,-26.83969465648855,-55.02290076335878,21.141764705882352
1762116084,3402.64544 N,08408.40052 W,298.5,08,1.02,27.717,2.22,1.02,0.7038952880859375,3.2800562744140622,-9.576806640625,-12.259541984732824,10.679389312977099,34.48091603053435,21.188823529411764
1762116085,3402.64544 N,08408.40052 W,298.5,08,1.02,27.717,2.22,1.02,1.4939818359375,2.5761609863281247,-7.1778165771484375,-13.091603053435115,-22.12213740458015,47.656488549618324,21.235882352941175
1762116086,3402.64544 N,08408.40052 W,298.5,08,1.02,27.717,2.22,1.02,1.3551181396484375,1.0893617553710937,-12.11705460205078,12.885496183206106,-25.328244274809162,10.816793893129772,21.141764705882352
1762116087,3402.64544 N,08408.40052 W,298.5,08,1.02,22.551,2.22,1.02,2.0183119995117185,3.6272155151367187,-9.725247143554688,-14.465648854961833,1.2595419847328244,7.0534351145038165,21.28294117647059
1762116088,3402.64544 N,08408.40052 W,298.5,08,1.02,22.551,2.22,1.02,2.1619640991210938,3.0885201416015624,-8.801085302734375,9.580152671755725,8.816793893129772,-47.43511450381679,21.235882352941175
1762116089,3402.64092 N,08408.40661 W,299.4,07,1.09,22.551,2.22,1.02,1.8507178833007811,3.2130186279296873,-5.463568188476562,-30.358778625954198,-2.1374045801526718,-8.34351145038168,21.141764705882352
1762116090,3402.64092 N,08408.40661 W,299.4,07,1.09,22.551,2.27,1.09,2.636016027832031,4.3239281982421875,-10.812214697265624,89.16030534351145,56.603053435114504,-28.908396946564885,21.235882352941175
1762116091,3402.64092 N,08408.40661 W,299.4,07,1.09,22.551,2.27,1.09,3.447650390625,1.3072341064453123,-10.338162768554687,-36.10687022900763,24.061068702290076,8.274809160305344,21.188823529411764
1762116092,3402.64092 N,08408.40661 W,299.4,07,1.09,22.551,2.27,1.09,2.480392919921875,3.5577836669921874,-9.272743029785156,-19.442748091603054,-1.5954198473282444,47.14503816793893,21.235882352941175
1762116093,3402.64092 N,08408.40661 W,299.4,07,1.09,22.551,2.27,1.09,2.6288334228515624,1.3335703247070312,-6.986280444335937,18.404580152671755,9.419847328244275,19.458015267175572,21.141764705882352
1762116094,3402.64092 N,08408.40661 W,299.4,07,1.09,22.551,2.27,1.09,0.7589619262695312,1.93451494140625,-9.203311181640624,-4.229007633587786,-15.465648854961833,60.29770992366412,21.28294117647059
1762116095,3402.64092 N,08408.40661 W,299.4,07,1.09,22.551,2.27,1.09,2.4492682983398435,4.800374328613281,-10.666168395996094,16.114503816793892,-21.557251908396946,12.251908396946565,21.235882352941175
1762116096,3402.64092 N,08408.40661 W,299.4,07,1.09,28.444,2.27,1.09,3.4644098022460934,2.3487118286132813,-10.357316381835936,-2.7480916030534353,29.53435114503817,-60.23664122137404,21.28294117647059
1762116097,3402.64092 N,08408.40661 W,299.4,07,1.09,28.444,2.27,1.09,2.5163059448242184,1.886630908203125,-5.252878442382812,24.763358778625953,-11.13740458015267,-35.404580152671755,21.188823529411764
1762116098,3402.63636 N,08408.41408 W,300.2,07,1.36,28.444,2.27,1.09,3.5314474487304683,-0.814028564453125,-10.426748229980468,15.625954198473282,38.02290076335878,-51.94656488549618,21.188823529411764
1762116099,3402.63636 N,08408.41408 W,300.2,07,1.36,28.444,2.49,1.36,2.6527754394531247,2.2601263671875,-12.224793676757812,16.12213740458015,7.702290076335878,-1.1297709923664123,21.188823529411764
1762116100,3402.63636 N,08408.41408 W,300.2,07,1.36,28.444,2.49,1.36,2.844311572265625,1.8339584716796873,-7.261613635253906,-10.83206106870229,-27.46564885496183,53.13740458015267,21.28294117647059
1762116101,3402.63636 N,08408.41408 W,300.2,07,1.36,28.444,2.49,1.36,1.3910311645507811,2.01112939453125,-10.151415039062499,-17.435114503816795,16.259541984732824,48.70229007633588,21.235882352941175
1762116102,3402.63636 N,08408.41408 W,300.2,07,1.36,28.444,2.49,1.36,2.35589443359375,4.946420629882812,-9.828197814941406,-42.55725190839695,-0.13740458015267176,30.541984732824428,21.141764705882352
1762116103,3402.63636 N,08408.41408 W,300.2,07,1.36,28.444,2.49,1.36,2.5234885498046875,1.886630908203125,-7.75721337890625,4.480916030534351,-11.335877862595419,-50.14503816793893,21.188823529411764
1762116104,3402.63636 N,08408.41408 W,300.2,07,1.36,28.444,2.49,1.36,3.0334535034179684,-0.34715924072265625,-7.611167077636718,-1.381679389312977,-15.244274809160306,-46.267175572519086,21.235882352941175
1762116105,3402.63636 N,08408.41408 W,300.2,07,1.36,27.661,2.49,1.36,3.1747114013671873,1.5490484741210937,-10.290278735351562,-27.259541984732824,56.961832061068705,17.82442748091603,21.235882352941175
1762116106,3402.63636 N,08408.41408 W,300.2,07,1.36,27.661,2.49,1.36,3.0166940917968748,2.5139117431640625,-6.8976949829101555,-6.320610687022901,-12.580152671755725,8.34351145038168,21.141764705882352
1762116107,3402.63125 N,08408.42190 W,301.2,07,1.36,27.661,2.49,1.36,0.9409212524414062,1.7118541870117185,-10.144232434082031,-15.65648854961832,33.725190839694655,79.52671755725191,21.188823529411764
1762116108,3402.63125 N,08408.42190 W,301.2,07,1.36,27.661,2.49,1.36,2.7724855224609373,2.626439221191406,-9.382876306152344,-7.969465648854962,22.091603053435115,9.458015267175572,21.188823529411764
1762116109,3402.63125 N,08408.42190 W,301.2,07,1.36,27.661,2.49,1.36,1.687912170410156,1.8195932617187498,-6.725312463378906,0.9770992366412213,-13.450381679389313,-49.43511450381679,21.235882352941175
1762116110,3402.63125 N,08408.42190 W,301.2,07,1.36,27.661,2.49,1.36,1.4915876342773438,1.438915197753906,-11.269507214355468,30.52671755725191,-6.870229007633588,-49.213740458015266,21.188823529411764
1762116111,3402.63125 N,08408.42190 W,301.2,07,1.36,27.661,2.49,1.36,3.31357509765625,3.366247534179687,-10.579977136230468,2.786259541984733,-7.916030534351145,25.900763358778626,21.188823529411764
1762116112,3402.63125 N,08408.42190 W,301.2,07,1.36,27.661,2.49,1.36,1.9321207397460936,1.3455413330078123,-6.41646044921875,-12.664122137404581,-16.083969465648856,28.106870229007633,21.09470588235294
1762116113,3402.63125 N,08408.42190 W,301.2,07,1.36,27.661,2.49,1.36,0.5722141967773438,3.5960908935546874,-10.455478649902343,-13.34351145038168,-11.557251908396946,46.213740458015266,21.188823529411764
1762116114,3402.63125 N,08408.42190 W,301.2,07,1.36,27.450,2.49,1.36,2.0638018310546875,3.038241906738281,-10.805032092285156,-2.4427480916030535,-0.7251908396946565,-13.274809160305344,21.09470588235294
1762116115,3402.63125 N,08408.42190 W,301.2,07,1.36,27.450,2.49,1.36,2.437297290039062,2.128445275878906,-8.020575561523437,-4.236641221374046,18.908396946564885,-57.6793893129771,21.188823529411764
1762116116,3402.62522 N,08408.42820 W,302.4,06,1.12,27.450,2.49,1.36,2.1021090576171875,0.45010991210937495,-7.9272016967773435,-21.53435114503817,-7.854961832061068,-30.87786259541985,21.188823529411764
1762116117,3402.62522 N,08408.42820 W,302.4,06,1.12,27.450,2.64,1.12,2.971204260253906,1.0486603271484374,-10.575188732910156,13.053435114503817,15.557251908396946,-26.580152671755727,21.235882352941175
1762116118,3402.62522 N,08408.42820 W,302.4,06,1.12,27.450,2.64,1.12,2.770091320800781,2.5857377929687497,-11.494562170410155,38.038167938931295,-1.9770992366412214,-29.083969465648856,21.235882352941175
1762116119,3402.62522 N,08408.42820 W,302.4,06,1.12,27.450,2.64,1.12,2.530671154785156,2.4253262817382812,-7.184999182128906,-2.946564885496183,-15.534351145038167,24.748091603053435,21.09470588235294
1762116120,3402.62522 N,08408.42820 W,302.4,06,1.12,27.450,2.64,1.12,2.0302830078125,3.9600095458984375,-8.688557824707031,-13.312977099236642,-15.122137404580153,36.38931297709924,21.09470588235294
1762116121,3402.62522 N,08408.42820 W,302.4,06,1.12,27.450,2.64,1.12,1.2497732666015624,3.0430303100585934,-9.68454571533203,-21.885496183206108,-23.633587786259543,24.458015267175572,21.188823529411764
1762116122,3402.62522 N,08408.42820 W,302.4,06,1.12,27.450,2.64,1.12,2.360682836914062,2.6671406494140624,-8.13310303955078,10.122137404580153,-10.65648854961832,-25.572519083969464,21.09470588235294
1762116123,3402.62522 N,08408.42820 W,302.4,06,1.12,27.684,2.64,1.12,2.29843359375,1.209071838378906,-6.981492041015625,-4.641221374045801,-22.549618320610687,-11.908396946564885,21.188823529411764
1762116124,3402.62522 N,08408.42820 W,302.4,06,1.12,27.684,2.64,1.12,4.450820886230469,3.4739866088867184,-13.036428039550781,39.51145038167939,-37.62595419847328,-69.0,21.235882352941175
1762116125,3402.61910 N,08408.43427 W,301.0,07,1.36,27.684,2.64,1.12,1.9584569580078124,2.7341782958984373,-7.601590270996093,-11.49618320610687,4.5038167938931295,-8.86259541984733,21.188823529411764
1762116126,3402.61910 N,08408.43427 W,301.0,07,1.36,27.684,2.49,1.36,2.3630770385742186,3.8570588745117185,-9.052476477050782,-28.30534351145038,-3.816793893129771,61.38931297709924,21.141764705882352
1762116127,3402.61910 N,08408.43427 W,301.0,07,1.36,27.684,2.49,1.36,2.5641899780273434,3.2249896362304686,-11.295843432617186,11.534351145038167,-12.145038167938932,15.022900763358779,21.188823529411764
1762116128,3402.61910 N,08408.43427 W,301.0,07,1.36,27.684,2.49,1.36,2.327164013671875,2.47081611328125,-8.300697155761718,26.740458015267176,-1.6641221374045803,-47.152671755725194,21.188823529411764
1762116129,3402.61910 N,08408.43427 W,301.0,07,1.36,27.684,2.49,1.36,2.085349645996094,2.2481553588867187,-6.660669018554687,-3.7709923664122136,-1.2671755725190839,-29.435114503816795,21.235882352941175
1762116130,3402.61910 N,08408.43427 W,301.0,07,1.36,27.684,2.49,1.36,4.534617944335937,2.760514514160156,-11.279084020996093,1.2595419847328244,1.1450381679389312,-19.30534351145038,21.188823529411764
1762116131,3402.61910 N,08408.43427 W,301.0,07,1.36,27.684,2.49,1.36,2.9376854370117185,3.6056677001953124,-9.718064538574218,-19.076335877862597,15.19083969465649,39.13740458015267,21.09470588235294
1762116132,3402.61910 N,08408.43427 W,301.0,07,1.36,28.683,2.49,1.36,1.9967641845703124,1.7238251953125,-6.677428430175781,-16.114503816793892,2.1603053435114505,35.7557251908397,21.09470588235294
1762116133,3402.61910 N,08408.43427 W,301.0,07,1.36,28.683,2.49,1.36,2.1643583007812497,3.1842882080078123,-9.411606726074218,-6.213740458015267,-18.66412213740458,27.51145038167939,21.09470588235294
1762116134,3402.61272 N,08408.44059 W,301.0,06,1.36,28.683,2.49,1.36,3.545812658691406,3.220201232910156,-9.181763366699219,-11.320610687022901,6.740458015267175,-2.3435114503816794,21.09470588235294
1762116135,3402.61272 N,08408.44059 W,301.0,06,1.36,28.683,2.49,1.36,3.162740393066406,1.8339584716796873,-6.598419775390624,4.213740458015267,-18.068702290076335,-3.564885496183206,21.09470588235294
1762116136,3402.61272 N,08408.44059 W,301.0,06,1.36,28.683,2.49,1.36,0.19153613281249998,1.43652099609375,-6.4834980957031245,-3.7404580152671754,-9.83206106870229,-44.099236641221374,21.04764705882353
1762116137,3402.61272 N,08408.44059 W,301.0,06,1.36,28.683,2.49,1.36,1.5945383056640625,2.0350714111328125,-12.804190478515624,-11.854961832061068,-0.9694656488549618,1.5038167938931297,21.141764705882352
1762116138,3402.61272 N,08408.44059 W,301.0,06,1.36,28.683,2.49,1.36,2.1930887207031247,4.5585599609375,-10.271125122070313,-10.198473282442748,11.786259541984732,21.114503816793892,21.141764705882352
1762116139,3402.61272 N,08408.44059 W,301.0,06,1.36,28.683,2.49,1.36,3.1387983764648437,2.741360900878906,-6.476315490722656,-14.961832061068701,-25.259541984732824,19.946564885496183,21.141764705882352
1762116140,3402.61272 N,08408.44059 W,301.0,06,1.36,28.683,2.49,1.36,3.5721488769531247,2.961627453613281,-8.190563879394531,-11.13740458015267,-11.404580152671755,20.35114503816794,21.141764705882352
1762116141,3402.61272 N,08408.44059 W,301.0,06,1.36,31.090,2.49,1.36,2.923320227050781,4.548983154296875,-10.153809240722655,-38.20610687022901,-0.26717557251908397,38.51145038167939,21.141764705882352
1762116142,3402.61272 N,08408.44059 W,301.0,06,1.36,31.090,2.49,1.36,4.1563340820312495,2.6288334228515624,-8.817844714355468,-10.557251908396946,4.587786259541985,8.335877862595419,21.141764705882352
1762116143,3402.60536 N,08408.44750 W,301.1,06,1.12,31.090,2.49,1.36,2.6096798095703124,2.5330653564453125,-7.455543969726562,-17.885496183206108,-18.610687022900763,-27.17557251908397,21.141764705882352
1762116144,3402.60536 N,08408.44750 W,301.1,06,1.12,31.090,2.64,1.12,3.4835634155273434,0.8188169677734375,-9.306261853027344,6.9465648854961835,-31.69465648854962,-5.557251908396947,21.04764705882353
1762116145,3402.60536 N,08408.44750 W,301.1,06,1.12,31.090,2.64,1.12,4.319139794921875,2.70065947265625,-10.357316381835936,-6.847328244274809,16.740458015267176,11.83206106870229,21.000588235294117
1762116146,3402.60536 N,08408.44750 W,301.1,06,1.12,31.090,2.64,1.12,3.2130186279296873,3.227383837890625,-8.863334545898438,-28.885496183206108,8.786259541984732,32.595419847328245,21.04764705882353
1762116147,3402.60536 N,08408.44750 W,301.1,06,1.12,31.090,2.64,1.12,2.114080065917969,1.9919757812499999,-6.945579016113281,-18.27480916030534,5.7251908396946565,36.045801526717554,21.09470588235294
1762116148,3402.60536 N,08408.44750 W,301.1,06,1.12,31.090,2.64,1.12,3.23696064453125,3.3542765258789062,-10.115502014160155,-10.541984732824428,17.061068702290076,-14.068702290076336,21.04764705882353
1762116149,3402.60536 N,08408.44750 W,301.1,06,1.12,27.850,2.64,1.12,4.565742565917969,4.527435339355469,-10.036493359375,-6.763358778625954,3.8473282442748094,15.587786259541986,21.09470588235294
1762116151,3402.60536 N,08408.44750 W,301.1,06,1.12,27.850,2.64,1.12,2.77727392578125,1.956062756347656,-7.125144140624999,21.374045801526716,-10.992366412213741,-29.442748091603054,21.000588235294117
1762116152,3402.59888 N,08408.45429 W,301.2,08,1.02,27.850,2.64,1.12,3.6750995483398436,-0.06703764648437499,-9.548076220703125,43.3206106870229,-5.633587786259542,-49.70992366412214,21.000588235294117
1762116153,3402.59888 N,08408.45429 W,301.2,08,1.02,27.850,2.22,1.02,5.2456958374023435,2.0470424194335934,-10.850521923828124,-7.862595419847328,-0.19083969465648856,-2.0916030534351147,21.04764705882353
1762116154,3402.59888 N,08408.45429 W,301.2,08,1.02,27.850,2.22,1.02,3.835511059570312,3.5290532470703124,-10.228029492187499,-16.748091603053435,-5.824427480916031,29.96946564885496,21.09470588235294
1762116155,3402.59888 N,08408.45429 W,301.2,08,1.02,27.850,2.22,1.02,2.370259643554687,2.118868469238281,-6.138733056640625,-12.885496183206106,-31.595419847328245,57.55725190839695,21.141764705882352
1762116156,3402.59888 N,08408.45429 W,301.2,08,1.02,27.850,2.22,1.02,1.7812860351562498,2.418143676757812,-9.390058911132812,-2.8702290076335877,-2.9770992366412212,37.045801526717554,21.000588235294117
1762116157,3402.59888 N,08408.45429 W,301.2,08,1.02,27.850,2.22,1.02,3.1004911499023438,3.782838623046875,-10.378864196777343,-12.49618320610687,-3.9160305343511452,11.290076335877863,21.04764705882353
1762116158,3402.59888 N,08408.45429 W,301.2,08,1.02,27.850,2.22,1.02,2.5378537597656248,2.3415292236328122,-11.286266625976562,-15.427480916030534,23.045801526717558,-14.404580152671755,21.09470588235294
1762116159,3402.59888 N,08408.45429 W,301.2,08,1.02,28.992,2.22,1.02,3.220201232910156,2.710236279296875,-8.226476904296874,0.6641221374045801,15.320610687022901,-43.412213740458014,21.09470588235294
1762116160,3402.59888 N,08408.45429 W,301.2,08,1.02,28.992,2.22,1.02,2.9568390502929685,0.6153098266601562,-5.705382556152343,-3.3206106870229006,11.893129770992367,-40.80152671755725,21.09470588235294
1762116161,3402.59198 N,08408.46142 W,301.3,08,1.02,28.992,2.22,1.02,4.132392065429687,-0.7613561279296874,-11.374852087402344,17.53435114503817,8.961832061068701,-29.412213740458014,21.000588235294117
1762116162,3402.59198 N,08408.46142 W,301.3,08,1.02,28.992,2.22,1.02,4.103661645507812,2.090138049316406,-12.143390820312499,-7.290076335877862,29.81679389312977,3.9389312977099236,21.141764705882352
1762116163,3402.59198 N,08408.46142 W,301.3,08,1.02,28.992,2.22,1.02,4.077325427246094,3.459621398925781,-11.513715783691406,-3.381679389312977,0.10687022900763359,20.022900763358777,21.09470588235294
1762116164,3402.59198 N,08408.46142 W,301.3,08,1.02,28.992,2.22,1.02,2.9376854370117185,2.1715409057617188,-6.217741711425781,-9.267175572519085,-29.16030534351145,48.603053435114504,21.09470588235294
1762116165,3402.59198 N,08408.46142 W,301.3,08,1.02,28.992,2.22,1.02,2.4947581298828125,1.8459294799804686,-6.440402465820312,-24.946564885496183,-0.9694656488549618,44.42748091603053,21.09470588235294
1762116166,3402.59198 N,08408.46142 W,301.3,08,1.02,28.992,2.22,1.02,1.9656395629882812,1.7741034301757812,-10.75714805908203,-12.297709923664122,16.946564885496183,20.83206106870229,21.000588235294117
1762116167,3402.59198 N,08408.46142 W,301.3,08,1.02,29.023,2.22,1.02,2.4396914916992185,3.430890979003906,-9.172186560058593,-1.6870229007633588,6.442748091603053,24.419847328244273,21.09470588235294
1762116168,3402.59198 N,08408.46142 W,301.3,08,1.02,29.023,2.22,1.02,3.84987626953125,3.0526071166992184,-11.477802758789062,-23.68702290076336,6.8396946564885495,-13.0,20.953529411764706
1762116169,3402.58490 N,08408.46755 W,301.3,07,1.08,29.023,2.22,1.02,2.9568390502929685,3.114856359863281,-9.275137231445312,-18.85496183206107,14.16793893129771,-37.396946564885496,21.000588235294117
1762116170,3402.58490 N,08408.46755 W,301.3,07,1.08,29.023,2.27,1.08,3.418919970703125,1.1228805786132812,-4.551377355957031,21.83969465648855,-5.1603053435114505,-58.19847328244275,21.04764705882353
1762116171,3402.58490 N,08408.46755 W,301.3,07,1.08,29.023,2.27,1.08,4.4005426513671875,-0.028730419921875,-8.844180932617187,17.099236641221374,14.580152671755725,-28.427480916030536,21.04764705882353
1762116172,3402.58490 N,08408.46755 W,301.3,07,1.08,29.023,2.27,1.08,5.157110375976562,2.0278888061523435,-12.77546005859375,14.183206106870228,-5.893129770992366,1.717557251908397,21.09470588235294
1762116173,3402.58490 N,08408.46755 W,301.3,07,1.08,29.023,2.27,1.08,4.031835595703125,3.2800562744140622,-10.496180078124999,-17.076335877862597,-4.656488549618321,20.290076335877863,21.000588235294117
1762116174,3402.58490 N,08408.46755 W,301.3,07,1.08,29.023,2.27,1.08,5.547365246582031,2.3343466186523436,-8.14028564453125,-19.396946564885496,-22.801526717557252,24.229007633587788,21.000588235294117
1762116175,3402.58490 N,08408.46755 W,301.3,07,1.08,30.077,2.27,1.08,2.9759926635742184,2.712630480957031,-4.520252734375,-1.3435114503816794,-1.6717557251908397,24.519083969465647,21.04764705882353
1762116176,3402.58490 N,08408.46755 W,301.3,07,1.08,30.077,2.27,1.08,2.959233251953125,3.248931652832031,-7.180210778808593,-20.083969465648856,-8.641221374045802,46.30534351145038,21.09470588235294
1762116177,3402.57794 N,08408.47378 W,301.6,08,1.08,30.077,2.27,1.08,5.432443566894531,5.415684155273437,-8.748412866210938,-29.03053435114504,-21.17557251908397,17.603053435114504,21.000588235294117
1762116178,3402.57794 N,08408.47378 W,301.6,08,1.08,30.077,2.27,1.08,5.413289953613281,4.594472985839843,-9.018957653808593,-3.7022900763358777,-1.9923664122137406,-6.0458015267175576,21.09470588235294
1762116179,3402.57794 N,08408.47378 W,301.6,08,1.08,30.077,2.27,1.08,2.8706477905273435,2.7724855224609373,-7.122749938964843,-14.419847328244275,22.793893129770993,-12.16030534351145,21.04764705882353
1762116180,3402.57794 N,08408.47378 W,301.6,08,1.08,30.077,2.27,1.08,3.787627026367187,1.5610194824218748,-4.276044165039062,7.32824427480916,41.29007633587786,-44.67175572519084,21.04764705882353
1762116181,3402.57794 N,08408.47378 W,301.6,08,1.08,30.077,2.27,1.08,4.96078583984375,2.3127988037109373,-11.137826123046874,-11.122137404580153,45.70992366412214,17.946564885496183,21.09470588235294
1762116182,3402.57794 N,08408.47378 W,301.6,08,1.08,30.077,2.27,1.08,4.7764323120117185,3.423708374023437,-10.031704956054687,-12.419847328244275,16.595419847328245,1.6564885496183206,21.09470588235294
1762116183,3402.57794 N,08408.47378 W,301.6,08,1.08,30.933,2.27,1.08,6.3901242309570305,3.7924154296875,-10.972626208496093,-19.458015267175572,-16.34351145038168,27.206106870229007,21.04764705882353
1762116184,3402.57794 N,08408.47378 W,301.6,08,1.08,30.933,2.27,1.08,5.2624552490234375,3.1938650146484373,-6.742071875,-32.17557251908397,0.7938931297709924,19.251908396946565,21.09470588235294
1762116185,3402.57114 N,08408.47993 W,301.7,08,1.02,30.933,2.27,1.08,3.277662072753906,2.1906945190429687,-5.061342309570312,-21.427480916030536,-35.603053435114504,31.984732824427482,21.04764705882353
1762116186,3402.57114 N,08408.47993 W,301.7,08,1.02,30.933,2.22,1.02,2.6958710693359373,2.9376854370117185,-7.031770275878906,-45.19083969465649,-48.83206106870229,62.2442748091603,21.04764705882353
1762116187,3402.57114 N,08408.47993 W,301.7,08,1.02,30.933,2.22,1.02,2.6408044311523438,4.046200805664062,-9.117119921875,-20.954198473282442,-26.091603053435115,69.96946564885496,21.04764705882353
1762116188,3402.57114 N,08408.47993 W,301.7,08,1.02,30.933,2.22,1.02,3.6559459350585937,5.092466931152344,-8.149862451171874,-5.473282442748092,-29.717557251908396,36.404580152671755,21.09470588235294
1762116189,3402.57114 N,08408.47993 W,301.7,08,1.02,30.933,2.22,1.02,4.077325427246094,3.871424084472656,-9.95987890625,-9.748091603053435,6.816793893129771,-3.267175572519084,21.09470588235294
1762116190,3402.57114 N,08408.47993 W,301.7,08,1.02,30.933,2.22,1.02,5.813121630859374,2.8036101440429686,-9.591171850585937,28.587786259541986,36.412213740458014,-53.961832061068705,20.953529411764706
1762116191,3402.57114 N,08408.47993 W,301.7,08,1.02,29.877,2.22,1.02,4.031835595703125,2.0781670410156248,-4.544194750976562,18.740458015267176,-7.396946564885496,-37.43511450381679,21.04764705882353
1762116192,3402.57114 N,08408.47993 W,301.7,08,1.02,29.877,2.22,1.02,5.030217687988281,1.0462661254882812,-7.536946826171874,19.778625954198475,15.84732824427481,-59.12213740458015,20.953529411764706
1762116193,3402.56468 N,08408.48639 W,302.2,08,1.02,29.877,2.22,1.02,5.4779333984375,3.0885201416015624,-8.595183959960938,-14.0,32.2442748091603,4.198473282442748,21.04764705882353
1762116194,3402.56468 N,08408.48639 W,302.2,08,1.02,29.877,2.22,1.02,5.449202978515625,2.8898014038085935,-10.223241088867187,-9.755725190839694,-25.66412213740458,4.32824427480916,21.000588235294117
1762116195,3402.56468 N,08408.48639 W,302.2,08,1.02,29.877,2.22,1.02,5.377376928710937,3.6583401367187496,-7.963114721679687,-33.67175572519084,-33.48091603053435,51.732824427480914,21.000588235294117
1762116196,3402.56468 N,08408.48639 W,302.2,08,1.02,29.877,2.22,1.02,3.718195178222656,2.731784094238281,-5.88015927734375,-15.679389312977099,-52.70992366412214,25.48854961832061,21.04764705882353
1762116197,3402.56468 N,08408.48639 W,302.2,08,1.02,29.877,2.22,1.02,3.9911341674804683,3.861847277832031,-8.640673791503906,-20.717557251908396,-3.435114503816794,57.29007633587786,21.000588235294117
1762116198,3402.56468 N,08408.48639 W,302.2,08,1.02,29.877,2.22,1.02,5.274426257324219,5.202600207519531,-8.544905725097657,-18.251908396946565,-2.1755725190839694,9.038167938931299,21.141764705882352
1762116199,3402.56468 N,08408.48639 W,302.2,08,1.02,29.877,2.22,1.02,4.728548278808593,3.9743747558593747,-9.145850341796875,-24.82442748091603,14.091603053435115,-4.969465648854962,21.09470588235294
1762116200,3402.56468 N,08408.48639 W,302.2,08,1.02,29.659,2.22,1.02,4.88417138671875,3.6367923217773437,-7.436390356445312,0.6030534351145038,28.0381679389313,-48.847328244274806,21.000588235294117
1762116201,3402.56468 N,08408.48639 W,302.2,08,1.02,29.659,2.22,1.02,3.6535517333984373,1.7429788085937499,-5.2456958374023435,34.51145038167939,13.755725190839694,-43.458015267175576,21.04764705882353
1762116202,3402.55806 N,08408.49273 W,302.4,08,1.02,29.659,2.22,1.02,5.578489868164062,0.8499415893554687,-7.529764221191406,33.93129770992366,4.419847328244275,-36.2442748091603,21.141764705882352
1762116203,3402.55806 N,08408.49273 W,302.4,08,1.02,29.659,2.22,1.02,6.794744311523437,3.1364041748046874,-9.574412438964844,14.900763358778626,9.603053435114504,-18.954198473282442,21.04764705882353
1762116204,3402.55806 N,08408.49273 W,302.4,08,1.02,29.659,2.22,1.02,6.344634399414062,3.5865140869140624,-9.2320416015625,-34.48854961832061,18.3206106870229,3.5801526717557253,21.000588235294117
1762116205,3402.55806 N,08408.49273 W,302.4,08,1.02,29.659,2.22,1.02,5.224148022460938,3.356670727539062,-6.660669018554687,-2.9923664122137406,1.251908396946565,10.358778625954198,21.09470588235294
1762116206,3402.55806 N,08408.49273 W,302.4,08,1.02,29.659,2.22,1.02,4.211400720214844,2.7054478759765623,-5.923254907226562,-16.17557251908397,0.9618320610687023,13.82442748091603,21.141764705882352
1762116207,3402.55806 N,08408.49273 W,302.4,08,1.02,29.659,2.22,1.02,3.27526787109375,2.7437551025390623,-8.927977990722656,22.48854961832061,-18.84732824427481,12.389312977099237,21.000588235294117
1762116208,3402.55806 N,08408.49273 W,302.4,08,1.02,29.659,2.22,1.02,5.331887097167969,3.5194764404296874,-7.522581616210937,2.6717557251908395,7.801526717557252,-15.648854961832061,21.141764705882352
1762116209,3402.55806 N,08408.49273 W,302.4,08,1.02,31.552,2.22,1.02,3.9647979492187497,3.3111808959960936,-4.563348364257812,18.30534351145038,-18.267175572519083,-24.00763358778626,21.141764705882352
1762116210,3402.55806 N,08408.49273 W,302.4,08,1.02,31.552,2.22,1.02,4.948814831542968,0.603338818359375,-7.666233715820312,26.778625954198475,5.00763358778626,-43.63358778625954,21.141764705882352
1762116211,3402.55096 N,08408.49912 W,302.5,09,1.02,31.552,2.22,1.02,6.600813977050781,1.659181750488281,-12.351686364746094,11.961832061068701,0.5725190839694656,-15.16793893129771,21.141764705882352
1762116212,3402.55096 N,08408.49912 W,302.5,09,1.02,31.552,2.22,1.02,6.6151791870117185,3.0454245117187497,-9.112331518554686,-9.16793893129771,31.297709923664122,-0.0916030534351145,21.141764705882352
1762116213,3402.55096 N,08408.49912 W,302.5,09,1.02,31.552,2.22,1.02,6.289567761230469,3.201047619628906,-9.057264880371093,-24.557251908396946,3.7557251908396947,18.053435114503817,21.188823529411764
1762116214,3402.55096 N,08408.49912 W,302.5,09,1.02,31.552,2.22,1.02,5.233724829101562,3.2513258544921873,-6.64630380859375,-9.412213740458014,-3.49618320610687,31.61832061068702,21.141764705882352
1762116215,3402.55096 N,08408.49912 W,302.5,09,1.02,31.552,2.22,1.02,3.9815573608398434,2.384624853515625,-5.736507177734374,-10.931297709923664,-0.8549618320610687,13.793893129770993,21.235882352941175
1762116216,3402.55096 N,08408.49912 W,302.5,09,1.02,31.552,2.22,1.02,3.6463691284179687,4.134786267089844,-8.872911352539061,-28.022900763358777,-32.05343511450382,45.969465648854964,21.188823529411764
1762116217,3402.55096 N,08408.49912 W,302.5,09,1.02,30.176,2.22,1.02,4.3813890380859375,4.627991809082031,-8.79150849609375,-2.816793893129771,-0.183206106870229,41.969465648854964,21.09470588235294
1762116218,3402.55096 N,08408.49912 W,302.5,09,1.02,30.176,2.22,1.02,4.489128112792969,4.987122058105468,-8.966285217285156,-6.374045801526718,-11.106870229007633,21.450381679389313,21.235882352941175
1762116219,3402.54394 N,08408.50541 W,303.7,08,1.02,30.176,2.22,1.02,4.953603234863281,3.227383837890625,-9.17458076171875,-22.702290076335878,8.511450381679388,3.1755725190839694,21.188823529411764
1762116220,3402.54394 N,08408.50541 W,303.7,08,1.02,30.176,2.22,1.02,4.450820886230469,3.794809631347656,-8.975862023925782,21.572519083969464,19.603053435114504,-37.732824427480914,21.188823529411764
1762116221,3402.54394 N,08408.50541 W,303.7,08,1.02,30.176,2.22,1.02,4.304774584960938,3.220201232910156,-6.8210805297851556,9.076335877862595,4.9541984732824424,-50.70992366412214,21.28294117647059
1762116222,3402.54394 N,08408.50541 W,303.7,08,1.02,30.176,2.22,1.02,3.5721488769531247,1.0031704956054688,-4.4819455078125,18.80916030534351,21.17557251908397,-44.70992366412214,21.330000000000002
1762116223,3402.54394 N,08408.50541 W,303.7,08,1.02,30.176,2.22,1.02,4.139574670410156,0.6153098266601562,-7.295132458496093,24.923664122137403,18.84732824427481,-48.48091603053435,21.141764705882352
1762116224,3402.54394 N,08408.50541 W,303.7,08,1.02,30.176,2.22,1.02,5.95677373046875,2.0159177978515626,-10.721235034179687,9.16030534351145,12.564885496183207,-12.717557251908397,21.330000000000002
1762116225,3402.54394 N,08408.50541 W,303.7,08,1.02,30.176,2.22,1.02,7.256825231933593,3.6942531616210936,-10.019733947753906,-2.49618320610687,10.625954198473282,-32.12213740458015,21.330000000000002
1762116226,3402.54394 N,08408.50541 W,303.7,08,1.02,32.392,2.22,1.02,5.597643481445312,3.5506010620117183,-10.014945544433592,-2.198473282442748,24.213740458015266,-3.053435114503817,21.28294117647059
1762116227,3402.54394 N,08408.50541 W,303.7,08,1.02,32.392,2.22,1.02,5.6191912963867185,2.9664158569335934,-8.40125362548828,-16.984732824427482,-32.099236641221374,24.610687022900763,21.28294117647059
1762116228,3402.53653 N,08408.51187 W,304.2,09,1.08,32.392,2.22,1.02,4.266467358398438,2.6096798095703124,-5.547365246582031,-8.923664122137405,-31.427480916030536,48.57251908396947,21.28294117647059
1762116229,3402.53653 N,08408.51187 W,304.2,09,1.08,32.392,2.27,1.08,2.987963671875,2.1643583007812497,-7.153874560546875,-9.709923664122137,-18.862595419847327,45.67175572519084,21.28294117647059
1762116230,3402.53653 N,08408.51187 W,304.2,09,1.08,32.392,2.27,1.08,4.4819455078125,4.029441394042968,-8.762778076171875,-20.48854961832061,-15.946564885496183,39.10687022900763,21.28294117647059
1762116231,3402.53653 N,08408.51187 W,304.2,09,1.08,32.392,2.27,1.08,4.809951135253906,5.398924743652343,-8.86812294921875,-18.748091603053435,-17.38167938931298,18.458015267175572,21.377058823529413
1762116232,3402.53653 N,08408.51187 W,304.2,09,1.08,32.392,2.27,1.08,4.817133740234374,3.756502404785156,-9.603142858886718,5.870229007633588,7.320610687022901,1.5419847328244274,21.28294117647059
1762116233,3402.53653 N,08408.51187 W,304.2,09,1.08,32.392,2.27,1.08,3.1771056030273437,4.426878869628906,-5.446808776855469,-20.076335877862597,-2.984732824427481,-49.6793893129771,21.28294117647059
1762116234,3402.53653 N,08408.51187 W,304.2,09,1.08,32.392,2.27,1.08,3.287238879394531,2.085349645996094,-5.303156677246093,2.3053435114503817,10.374045801526718,-36.93129770992366,21.330000000000002
1762116235,3402.53653 N,08408.51187 W,304.2,09,1.08,33.901,2.27,1.08,5.935225915527344,1.5035586425781249,-10.721235034179687,28.595419847328245,19.96946564885496,-40.20610687022901,21.28294117647059
1762116236,3402.53653 N,08408.51187 W,304.2,09,1.08,33.901,2.27,1.08,6.3901242309570305,3.9791631591796874,-9.445125549316407,5.458015267175573,0.9083969465648855,-2.7786259541984735,21.330000000000002
1762116237,3402.52864 N,08408.51827 W,304.5,09,1.08,33.901,2.27,1.08,5.947196923828125,3.9336733276367184,-8.79150849609375,-15.572519083969466,9.129770992366412,7.687022900763359,21.377058823529413
1762116238,3402.52864 N,08408.51827 W,304.5,09,1.08,33.901,2.27,1.08,5.116408947753906,4.745307690429687,-7.8170684204101555,-28.229007633587788,-10.022900763358779,29.106870229007633,21.330000000000002
1762116239,3402.52864 N,08408.51827 W,304.5,09,1.08,33.901,2.27,1.08,5.042188696289062,3.296815686035156,-6.423643054199219,-19.0381679389313,-34.97709923664122,13.32824427480916,21.377058823529413
1762116240,3402.52864 N,08408.51827 W,304.5,09,1.08,33.901,2.27,1.08,4.637568615722656,2.2840683837890623,-6.009446166992187,-25.580152671755727,-26.52671755725191,33.534351145038165,21.424117647058825
1762116241,3402.52864 N,08408.51827 W,304.5,09,1.08,33.901,2.27,1.08,2.8371289672851563,5.145139367675781,-8.434772448730468,-22.610687022900763,-41.62595419847328,39.51145038167939,21.377058823529413
1762116242,3402.52864 N,08408.51827 W,304.5,09,1.08,33.901,2.27,1.08,3.066972326660156,6.514622717285156,-9.200916979980468,-25.80916030534351,-36.98473282442748,42.267175572519086,21.28294117647059
1762116243,3402.52864 N,08408.51827 W,304.5,09,1.08,33.901,2.27,1.08,5.1882349975585935,6.232106921386718,-8.343792785644531,0.6946564885496184,5.129770992366412,1.1984732824427482,21.377058823529413
1762116244,3402.52864 N,08408.51827 W,304.5,09,1.08,36.891,2.27,1.08,4.043806604003906,5.286397265624999,-7.967903124999999,8.98473282442748,16.244274809160306,-11.251908396946565,21.377058823529413
1762116245,3402.52864 N,08408.51827 W,304.5,09,1.08,36.891,2.27,1.08,4.3263223999023435,4.043806604003906,-6.789955908203124,24.267175572519083,8.572519083969466,-50.29007633587786,20.718235294117648
1762116246,3402.51989 N,08408.52586 W,303.4,09,1.02,36.891,2.27,1.08,3.5601778686523438,2.1691467041015624,-3.845087866210937,22.083969465648856,23.770992366412212,-48.51908396946565,22.177058823529414
1762116248,3402.51989 N,08408.52586 W,303.4,09,1.02,36.891,2.22,1.02,5.91846650390625,3.248931652832031,-8.769960681152343,22.595419847328245,16.48854961832061,-25.083969465648856,21.424117647058825
1762116249,3402.51989 N,08408.52586 W,303.4,09,1.02,36.891,2.22,1.02,5.635950708007812,4.853046765136718,-9.004592443847656,-13.595419847328245,21.6793893129771,-5.977099236641221,22.177058823529414
1762116250,3402.51989 N,08408.52586 W,303.4,09,1.02,36.891,2.22,1.02,5.4899044067382805,5.427655163574219,-9.399635717773437,-13.618320610687023,20.69465648854962,-6.198473282442748,21.471176470588237
1762116251,3402.51989 N,08408.52586 W,303.4,09,1.02,36.891,2.22,1.02,3.69664736328125,4.984727856445312,-7.800309008789062,-10.564885496183207,10.893129770992367,4.511450381679389,20.718235294117648
1762116252,3402.51989 N,08408.52586 W,303.4,09,1.02,36.891,2.22,1.02,4.951209033203125,4.314351391601562,-7.740453967285156,-2.7709923664122136,-26.290076335877863,24.732824427480917,21.471176470588237
1762116253,3402.51989 N,08408.52586 W,303.4,09,1.02,36.891,2.22,1.02,3.268085266113281,3.785232824707031,-4.630386010742187,-8.969465648854962,-8.099236641221374,27.290076335877863,20.76529411764706
1762116254,3402.51989 N,08408.52586 W,303.4,09,1.02,34.555,2.22,1.02,3.057395520019531,3.861847277832031,-6.648698010253906,0.17557251908396945,-23.709923664122137,15.572519083969466,20.76529411764706
1762116255,3402.51989 N,08408.52586 W,303.4,09,1.02,34.555,2.22,1.02,3.8283284545898435,6.066907006835937,-9.191340173339842,-23.14503816793893,-13.358778625954198,47.70229007633588,21.61235294117647
1762116256,3402.51131 N,08408.53286 W,302.8,09,1.02,34.555,2.22,1.02,4.489128112792969,6.868964562988281,-7.575254052734374,-11.48091603053435,-5.572519083969466,16.38167938931298,21.471176470588237
1762116257,3402.51131 N,08408.53286 W,302.8,09,1.02,34.555,2.22,1.02,5.628768103027343,5.5090580200195305,-7.903259680175781,-14.48091603053435,18.763358778625953,1.1526717557251909,21.56529411764706
1762116258,3402.51131 N,08408.53286 W,302.8,09,1.02,34.555,2.22,1.02,4.350264416503906,3.536235852050781,-5.645527514648437,36.10687022900763,17.412213740458014,-32.83206106870229,21.51823529411765
1762116259,3402.51131 N,08408.53286 W,302.8,09,1.02,34.555,2.22,1.02,3.526659045410156,2.370259643554687,-6.1650692749023435,42.51145038167939,42.29007633587786,-33.01526717557252,21.471176470588237
1762116260,3402.51131 N,08408.53286 W,302.8,09,1.02,34.555,2.22,1.02,5.224148022460938,3.574543078613281,-8.796296899414061,31.717557251908396,31.221374045801525,-25.763358778625953,21.56529411764706
1762116261,3402.51131 N,08408.53286 W,302.8,09,1.02,34.555,2.22,1.02,6.629544396972656,5.1714755859374995,-8.449137658691406,-15.488549618320612,16.259541984732824,-5.847328244274809,21.61235294117647
1762116262,3402.51131 N,08408.53286 W,302.8,09,1.02,34.555,2.22,1.02,5.980715747070312,5.374982727050781,-7.000645654296875,-6.5038167938931295,-25.83206106870229,17.923664122137403,21.61235294117647
1762116263,3402.51131 N,08408.53286 W,302.8,09,1.02,31.760,2.22,1.02,3.6631285400390623,3.907337109375,-6.083666418457031,-36.778625954198475,-60.99236641221374,107.22900763358778,21.659411764705883
1762116264,3402.51131 N,08408.53286 W,302.8,09,1.02,31.760,2.22,1.02,1.7788918334960937,5.576095666503906,-7.738059765625,-2.6793893129770994,-37.97709923664122,40.37404580152672,21.56529411764706
1762116265,3402.50367 N,08408.53920 W,302.6,09,1.02,31.760,2.22,1.02,1.9991583862304687,6.296750366210937,-5.717353564453124,24.778625954198475,-22.30534351145038,-27.541984732824428,21.659411764705883
1762116266,3402.50367 N,08408.53920 W,302.6,09,1.02,31.760,2.22,1.02,2.2457611572265623,7.151480358886718,-9.478644372558593,-47.6793893129771,-2.564885496183206,22.290076335877863,21.659411764705883
1762116267,3402.50367 N,08408.53920 W,302.6,09,1.02,31.760,2.22,1.02,0.13407529296874998,5.609614489746093,-8.449137658691406,-6.1603053435114505,-15.053435114503817,0.1297709923664122,21.61235294117647
1762116268,3402.50367 N,08408.53920 W,302.6,09,1.02,31.760,2.22,1.02,1.419761584472656,3.77326181640625,-8.568847741699217,-41.68702290076336,-42.404580152671755,2.801526717557252,21.659411764705883
1762116269,3402.50367 N,08408.53920 W,302.6,09,1.02,31.760,2.22,1.02,3.287238879394531,5.446808776855469,-9.052476477050782,-8.534351145038167,11.488549618320612,46.541984732824424,21.659411764705883
1762116270,3402.50367 N,08408.53920 W,302.6,09,1.02,31.760,2.22,1.02,2.04943662109375,4.039018200683594,-9.222464794921875,-4.755725190839694,17.595419847328245,15.625954198473282,21.61235294117647
1762116271,3402.50367 N,08408.53920 W,302.6,09,1.02,31.760,2.22,1.02,2.118868469238281,3.2800562744140622,-5.9974751586914055,3.2595419847328246,2.6259541984732824,-29.061068702290076,21.659411764705883
1762116272,3402.50367 N,08408.53920 W,302.6,09,1.02,34.261,2.22,1.02,3.2441432495117186,0.9528922607421875,-7.003039855957031,2.633587786259542,4.229007633587786,-9.763358778625955,21.706470588235295
1762116273,3402.50367 N,08408.53920 W,302.6,09,1.02,34.261,2.22,1.02,3.6152445068359373,2.8419173706054686,-9.320627062988281,1.8778625954198473,22.9618320610687,-20.709923664122137,21.753529411764706
1762116274,3402.49598 N,08408.54563 W,303.2,08,1.28,34.261,2.22,1.02,4.484339709472656,4.235342736816406,-9.753977563476562,-21.549618320610687,25.793893129770993,6.595419847328245,21.706470588235295
1762116275,3402.49598 N,08408.54563 W,303.2,08,1.28,34.261,2.00,1.28,4.414907861328125,3.4668040039062498,-6.347028601074219,6.33587786259542,-9.435114503816793,10.236641221374045,21.659411764705883
1762116276,3402.49598 N,08408.54563 W,303.2,08,1.28,34.261,2.00,1.28,1.6735469604492186,2.6910826660156246,-7.192181787109375,-34.16030534351145,-13.549618320610687,75.21374045801527,21.753529411764706
1762116277,3402.49598 N,08408.54563 W,303.2,08,1.28,34.261,2.00,1.28,2.446874096679687,4.656722229003906,-8.693346228027343,4.419847328244275,-26.366412213740457,37.29007633587786,21.706470588235295
1762116278,3402.49598 N,08408.54563 W,303.2,08,1.28,34.261,2.00,1.28,4.144363073730468,4.304774584960938,-9.97903251953125,-5.595419847328245,5.786259541984733,1.5877862595419847,21.706470588235295
1762116279,3402.49598 N,08408.54563 W,303.2,08,1.28,34.261,2.00,1.28,5.600037683105469,6.076483813476562,-8.449137658691406,-14.412213740458014,-15.755725190839694,4.770992366412214,21.753529411764706
1762116280,3402.49598 N,08408.54563 W,303.2,08,1.28,34.261,2.00,1.28,4.053383410644531,6.426037255859375,-9.160215551757812,9.732824427480915,-9.610687022900763,10.511450381679388,21.706470588235295
1762116281,3402.49598 N,08408.54563 W,303.2,08,1.28,32.704,2.00,1.28,3.632003918457031,4.707000463867187,-8.013392956542969,7.33587786259542,27.541984732824428,-24.19083969465649,21.753529411764706
1762116282,3402.49598 N,08408.54563 W,303.2,08,1.28,32.704,2.00,1.28,3.7995980346679685,2.999934680175781,-4.8506525634765625,20.076335877862597,6.366412213740458,-48.0,21.753529411764706
1762116283,3402.48857 N,08408.55187 W,303.1,08,1.28,32.704,2.00,1.28,3.7804444213867185,2.04943662109375,-7.082048510742187,24.366412213740457,27.16030534351145,-54.67175572519084,21.753529411764706
1762116284,3402.48857 N,08408.55187 W,303.1,08,1.28,32.704,2.00,1.28,5.087678527832031,4.417302062988281,-9.718064538574218,11.198473282442748,23.129770992366414,-15.34351145038168,21.753529411764706
1762116285,3402.48857 N,08408.55187 W,303.1,08,1.28,32.704,2.00,1.28,5.389347937011719,5.461173986816406,-8.659827404785156,-6.0534351145038165,1.366412213740458,-5.099236641221374,21.706470588235295
1762116286,3402.48857 N,08408.55187 W,303.1,08,1.28,32.704,2.00,1.28,5.839457849121094,5.5832782714843745,-8.425195642089843,0.3282442748091603,2.0381679389312977,8.65648854961832,21.753529411764706
1762116287,3402.48857 N,08408.55187 W,303.1,08,1.28,32.704,2.00,1.28,3.6679169433593746,2.6144682128906247,-3.42849677734375,-2.6946564885496183,-39.86259541984733,25.03053435114504,21.753529411764706
1762116288,3402.48857 N,08408.55187 W,303.1,08,1.28,32.704,2.00,1.28,2.3319524169921872,4.182670300292968,-6.459556079101562,-5.122137404580153,-41.725190839694655,43.93129770992366,21.706470588235295
1762116289,3402.48857 N,08408.55187 W,303.1,08,1.28,31.232,2.00,1.28,2.0661960327148434,5.013458276367187,-7.8912886718749995,-16.15267175572519,-11.557251908396946,55.25190839694657,21.659411764705883
1762116290,3402.48857 N,08408.55187 W,303.1,08,1.28,31.232,2.00,1.28,2.7724855224609373,5.961562133789062,-10.929530578613281,7.984732824427481,8.50381679389313,35.10687022900763,21.847647058823533
1762116291,3402.48198 N,08408.55848 W,303.3,08,1.09,31.232,2.00,1.28,3.5146880371093747,5.698199951171874,-9.955090502929687,-4.587786259541985,12.786259541984732,10.244274809160306,21.753529411764706
1762116292,3402.48198 N,08408.55848 W,303.3,08,1.09,31.232,1.90,1.09,3.6367923217773437,4.924872814941406,-8.645462194824217,-0.015267175572519083,7.244274809160306,-15.19083969465649,21.753529411764706
1762116293,3402.48198 N,08408.55848 W,303.3,08,1.09,31.232,1.90,1.09,2.961627453613281,4.417302062988281,-5.954379528808594,19.015267175572518,-10.86259541984733,-47.58015267175573,21.80058823529412
1762116294,3402.48198 N,08408.55848 W,303.3,08,1.09,31.232,1.90,1.09,2.901772412109375,2.0661960327148434,-5.456385583496093,27.9618320610687,28.87786259541985,-64.87786259541984,21.706470588235295
1762116295,3402.48198 N,08408.55848 W,303.3,08,1.09,31.232,1.90,1.09,4.0988732421875,1.5538368774414062,-8.604760766601562,3.8931297709923665,28.557251908396946,-30.221374045801525,21.80058823529412
1762116296,3402.48198 N,08408.55848 W,303.3,08,1.09,31.232,1.90,1.09,5.1714755859374995,4.7022120605468745,-11.63821427001953,1.8702290076335877,30.99236641221374,-2.3206106870229006,21.80058823529412
1762116297,3402.48198 N,08408.55848 W,303.3,08,1.09,27.231,1.90,1.09,4.446032482910156,5.738901379394531,-9.758765966796874,-1.7099236641221374,8.511450381679388,42.31297709923664,21.847647058823533
1762116298,3402.48198 N,08408.55848 W,303.3,08,1.09,27.231,1.90,1.09,5.307945080566406,5.5545478515625,-10.038887561035155,-25.923664122137403,19.801526717557252,7.221374045801527,21.847647058823533
1762116299,3402.47555 N,08408.56345 W,303.1,08,1.00,27.231,1.90,1.09,4.431667272949219,4.967968444824218,-7.829039428710937,-4.458015267175573,-21.85496183206107,45.66412213740458,21.894705882352945
1762116300,3402.47555 N,08408.56345 W,303.1,08,1.00,27.231,1.82,1.00,2.4396914916992185,3.69664736328125,-5.090072729492187,1.8244274809160306,-13.931297709923664,43.70229007633588,21.80058823529412
1762116301,3402.47555 N,08408.56345 W,303.1,08,1.00,27.231,1.82,1.00,1.889025109863281,3.303998291015625,-6.509834313964843,-17.450381679389313,-30.206106870229007,26.84732824427481,21.80058823529412
1762116302,3402.47555 N,08408.56345 W,303.1,08,1.00,27.231,1.82,1.00,1.0199299072265624,4.963180041503906,-6.981492041015625,-4.511450381679389,-25.083969465648856,30.702290076335878,21.847647058823533
1762116303,3402.47555 N,08408.56345 W,303.1,08,1.00,27.231,1.82,1.00,2.403778466796875,6.030993981933594,-9.217676391601563,-10.366412213740459,-33.25190839694657,30.358778625954198,21.894705882352945
1762116304,3402.47555 N,08408.56345 W,303.1,08,1.00,27.231,1.82,1.00,4.0222587890625,7.041347082519531,-7.692569934082031,3.4198473282442747,0.9618320610687023,-5.885496183206107,21.847647058823533
1762116305,3402.47555 N,08408.56345 W,303.1,08,1.00,29.564,1.82,1.00,3.7804444213867185,5.7317187744140625,-9.035717065429687,1.5877862595419847,16.625954198473284,-20.625954198473284,21.80058823529412
1762116306,3402.47555 N,08408.56345 W,303.1,08,1.00,29.564,1.82,1.00,4.209006518554688,5.154716174316406,-7.762001782226562,-2.7709923664122136,19.267175572519083,-72.91603053435115,21.847647058823533
1762116307,3402.46847 N,08408.56864 W,302.8,08,1.09,29.564,1.82,1.00,3.4907460205078125,4.285620971679688,-4.716577270507813,-0.7862595419847328,7.061068702290076,-11.885496183206106,21.80058823529412
1762116308,3402.46847 N,08408.56864 W,302.8,08,1.09,29.564,2.26,1.09,2.9975404785156248,1.7980454467773437,-4.367023828124999,1.7938931297709924,31.572519083969464,-14.412213740458014,21.847647058823533
1762116309,3402.46847 N,08408.56864 W,302.8,08,1.09,29.564,2.26,1.09,3.1507693847656246,3.1866824096679687,-9.354145886230468,12.01526717557252,0.9312977099236641,-57.274809160305345,21.80058823529412
1762116310,3402.46847 N,08408.56864 W,302.8,08,1.09,29.564,2.26,1.09,5.801150622558594,5.097255334472656,-8.33182177734375,27.564885496183205,28.770992366412212,-13.763358778625955,21.80058823529412
1762116311,3402.46847 N,08408.56864 W,302.8,08,1.09,29.564,2.26,1.09,5.013458276367187,5.872976672363281,-9.011775048828124,-17.69465648854962,29.72519083969466,8.770992366412214,21.894705882352945
1762116312,3402.46847 N,08408.56864 W,302.8,08,1.09,29.564,2.26,1.09,3.385401147460937,6.236895324707031,-9.890447058105469,-5.1679389312977095,-0.11450381679389313,10.50381679389313,21.847647058823533
1762116313,3402.46847 N,08408.56864 W,302.8,08,1.09,33.066,2.26,1.09,4.077325427246094,6.5577183471679685,-9.14824454345703,-17.6793893129771,16.519083969465647,38.55725190839695,21.941764705882356
1762116314,3402.46847 N,08408.56864 W,302.8,08,1.09,33.066,2.26,1.09,4.3263223999023435,4.6064439941406246,-7.548917834472656,-19.6793893129771,-32.87022900763359,18.702290076335878,21.847647058823533
1762116315,3402.46054 N,08408.57462 W,302.5,08,1.09,33.066,2.26,1.09,1.8315642700195311,3.9552211425781247,-6.411672045898437,-7.900763358778626,-74.29770992366412,33.74809160305343,21.988823529411768
1762116316,3402.46054 N,08408.57462 W,302.5,08,1.09,33.066,2.26,1.09,1.4628572143554686,4.896142395019531,-5.899312890625,10.17557251908397,-45.05343511450382,48.88549618320611,21.847647058823533
1762116317,3402.46054 N,08408.57462 W,302.5,08,1.09,33.066,2.26,1.09,4.522646936035156,3.4763808105468748,-5.951985327148437,24.244274809160306,-14.213740458015268,24.900763358778626,21.941764705882356
1762116318,3402.46054 N,08408.57462 W,302.5,08,1.09,33.066,2.26,1.09,1.5346832641601562,7.055712292480468,-8.221688500976562,-15.687022900763358,-34.52671755725191,33.76335877862596,21.894705882352945
1762116319,3402.46054 N,08408.57462 W,302.5,08,1.09,33.066,2.26,1.09,2.4133552734375,6.792350109863281,-7.738059765625,6.6106870229007635,1.3358778625954197,25.38167938931298,21.894705882352945
1762116320,3402.46054 N,08408.57462 W,302.5,08,1.09,33.066,2.26,1.09,2.602497204589844,6.339845996093749,-8.350975390624999,-13.374045801526718,7.885496183206107,-10.98473282442748,21.847647058823533
1762116321,3402.46054 N,08408.57462 W,302.5,08,1.09,30.466,2.26,1.09,3.047818713378906,5.863399865722656,-8.9255837890625,-6.511450381679389,30.580152671755727,-10.267175572519085,21.941764705882356
1762116322,3402.46054 N,08408.57462 W,302.5,08,1.09,30.466,2.26,1.09,3.0789433349609374,5.576095666503906,-6.426037255859375,8.473282442748092,31.946564885496183,-34.45038167938932,21.941764705882356
1762116323,3402.45313 N,08408.58044 W,302.1,08,1.00,30.466,2.26,1.09,2.4516625,3.172317199707031,-5.870582470703124,28.480916030534353,15.16030534351145,-77.8854961832061,21.941764705882356
1762116324,3402.45313 N,08408.58044 W,302.1,08,1.00,30.466,1.82,1.00,2.27927998046875,2.042254016113281,-4.572925170898437,6.8320610687022905,25.801526717557252,-38.97709923664122,21.80058823529412
1762116325,3402.45313 N,08408.58044 W,302.1,08,1.00,30.466,1.82,1.00,2.9496564453125,2.2960393920898436,-8.327033374023436,8.82442748091603,21.099236641221374,-44.05343511450382,21.847647058823533
1762116326,3402.45313 N,08408.58044 W,302.1,08,1.00,30.466,1.82,1.00,4.048595007324218,4.900930798339844,-10.196904870605469,11.396946564885496,35.11450381679389,-19.34351145038168,21.894705882352945
1762116327,3402.45313 N,08408.58044 W,302.1,08,1.00,30.466,1.82,1.00,4.395754248046875,6.212953308105468,-8.84178673095703,-17.297709923664122,20.18320610687023,21.793893129770993,21.941764705882356
1762116328,3402.45313 N,08408.58044 W,302.1,08,1.00,30.466,1.82,1.00,4.000710974121094,6.129156249999999,-9.715670336914062,0.1297709923664122,10.061068702290076,14.412213740458014,21.894705882352945
1762116329,3402.45313 N,08408.58044 W,302.1,08,1.00,30.466,1.82,1.00,3.5194764404296874,5.4779333984375,-8.444349255371094,-3.6793893129770994,-35.267175572519086,25.641221374045802,21.847647058823533
1762116330,3402.45313 N,08408.58044 W,302.1,08,1.00,36.061,1.82,1.00,3.3016040893554686,4.412513659667969,-7.426813549804687,-12.580152671755725,-44.14503816793893,21.80916030534351,21.80058823529412
1762116331,3402.45313 N,08408.58044 W,302.1,08,1.00,36.061,1.82,1.00,2.5761609863281247,3.6535517333984373,-5.080495922851562,-7.480916030534351,-18.389312977099237,31.31297709923664,21.753529411764706
1762116332,3402.44446 N,08408.58756 W,301.8,08,1.00,36.061,1.82,1.00,1.149216796875,3.380612744140625,-5.422866760253906,-5.641221374045801,-63.404580152671755,33.94656488549618,21.847647058823533
1762116333,3402.44446 N,08408.58756 W,301.8,08,1.00,36.061,1.82,1.00,0.8068459594726562,6.4356140625,-8.796296899414061,3.2213740458015265,-42.50381679389313,39.961832061068705,21.847647058823533
1762116334,3402.44446 N,08408.58756 W,301.8,08,1.00,36.061,1.82,1.00,2.7581203125,6.926425402832031,-7.714117749023437,-27.541984732824428,-48.152671755725194,9.007633587786259,21.894705882352945
1762116335,3402.44446 N,08408.58756 W,301.8,08,1.00,36.061,1.82,1.00,2.5713725830078125,6.356605407714843,-8.951920007324219,-1.4274809160305344,5.198473282442748,3.435114503816794,21.847647058823533
1762116336,3402.44446 N,08408.58756 W,301.8,08,1.00,36.061,1.82,1.00,2.482787121582031,5.298368273925781,-8.494627490234375,-26.38167938931298,42.41984732824427,-26.610687022900763,21.847647058823533
1762116337,3402.44446 N,08408.58756 W,301.8,08,1.00,36.061,1.82,1.00,3.1100679565429687,5.6311623046875,-7.716511950683593,10.282442748091603,42.091603053435115,-41.091603053435115,21.80058823529412
1762116338,3402.44446 N,08408.58756 W,301.8,08,1.00,36.061,1.82,1.00,3.871424084472656,3.0621839233398433,-5.552153649902343,26.65648854961832,21.290076335877863,-59.19847328244275,21.80058823529412
1762116339,3402.44446 N,08408.58756 W,301.8,08,1.00,35.814,1.82,1.00,2.896984008789062,2.8467057739257813,-7.52737001953125,31.129770992366414,26.931297709923665,-58.404580152671755,21.847647058823533
1762116340,3402.44446 N,08408.58756 W,301.8,08,1.00,35.814,1.82,1.00,3.0454245117187497,4.1563340820312495,-11.118672509765624,23.68702290076336,7.152671755725191,-16.801526717557252,21.847647058823533
1762116341,3402.43561 N,08408.59461 W,301.2,08,1.00,35.814,1.82,1.00,5.085284326171875,6.076483813476562,-8.645462194824217,-15.0,30.84732824427481,15.458015267175572,21.847647058823533
1762116342,3402.43561 N,08408.59461 W,301.2,08,1.00,35.814,1.82,1.00,3.385401147460937,5.027823486328125,-9.045293872070312,-1.0305343511450382,44.41984732824427,2.3053435114503817,21.894705882352945
1762116343,3402.43561 N,08408.59461 W,301.2,08,1.00,35.814,1.82,1.00,3.5314474487304683,5.664681127929687,-8.106766821289062,-13.50381679389313,-7.870229007633588,39.152671755725194,21.847647058823533
1762116344,3402.43561 N,08408.59461 W,301.2,08,1.00,35.814,1.82,1.00,3.574543078613281,3.584119885253906,-5.367800122070312,-31.053435114503817,-37.06870229007634,54.33587786259542,21.941764705882356
1762116345,3402.43561 N,08408.59461 W,301.2,08,1.00,35.814,1.82,1.00,0.9026140258789062,5.884947680664062,-8.875305554199219,-39.67175572519084,-48.603053435114504,73.77862595419847,21.894705882352945
1762116347,3402.43561 N,08408.59461 W,301.2,08,1.00,35.814,1.82,1.00,1.5801730957031248,7.165845568847656,-8.779537487792968,-21.755725190839694,-17.702290076335878,41.42748091603053,21.941764705882356
1762116348,3402.43561 N,08408.59461 W,301.2,08,1.00,35.814,1.82,1.00,3.4620156005859375,7.208941198730468,-7.455543969726562,-24.977099236641223,-23.198473282442748,24.53435114503817,21.847647058823533
1762116349,3402.43561 N,08408.59461 W,301.2,08,1.00,35.996,1.82,1.00,3.6655227416992187,6.605602380371093,-8.451531860351562,-1.7709923664122138,38.35114503816794,-27.129770992366414,21.894705882352945
1762116350,3402.43561 N,08408.59461 W,301.2,08,1.00,35.996,1.82,1.00,3.706224169921875,5.597643481445312,-7.273584643554687,22.221374045801525,26.61832061068702,-43.916030534351144,21.753529411764706
1762116351,3402.42637 N,08408.60102 W,300.8,09,0.99,35.996,1.82,1.00,2.7916391357421872,2.1811177124023438,-5.099649536132812,41.6793893129771,28.19083969465649,-64.16030534351145,21.894705882352945
1762116352,3402.42637 N,08408.60102 W,300.8,09,0.99,35.996,1.80,0.99,3.6176387084960937,2.6982652709960937,-9.138667736816405,36.916030534351144,-1.4045801526717556,-50.67175572519084,21.847647058823533
1762116353,3402.42637 N,08408.60102 W,300.8,09,0.99,35.996,1.80,0.99,3.754108203125,4.247313745117188,-10.663774194335938,33.656488549618324,1.8931297709923665,-39.30534351145038,21.753529411764706
1762116354,3402.42637 N,08408.60102 W,300.8,09,0.99,35.996,1.80,0.99,3.5865140869140624,5.363011718749999,-9.085995300292968,-29.396946564885496,22.595419847328245,43.45038167938932,21.80058823529412
1762116355,3402.42637 N,08408.60102 W,300.8,09,0.99,35.996,1.80,0.99,4.829104748535156,6.117185241699218,-8.827421520996094,-28.061068702290076,-12.091603053435115,57.045801526717554,21.847647058823533
1762116356,3402.42637 N,08408.60102 W,300.8,09,0.99,35.996,1.80,0.99,3.8091748413085935,4.75009609375,-7.867346655273437,-19.00763358778626,-38.595419847328245,44.458015267175576,21.80058823529412
1762116357,3402.42637 N,08408.60102 W,300.8,09,0.99,35.996,1.80,0.99,1.8267758666992187,3.7804444213867185,-5.932831713867187,-3.900763358778626,-36.70992366412214,47.534351145038165,21.753529411764706
1762116358,3402.42637 N,08408.60102 W,300.8,09,0.99,33.350,1.80,0.99,1.3623007446289062,4.838681555175781,-6.138733056640625,-9.244274809160306,-36.12977099236641,56.36641221374046,21.894705882352945
1762116359,3402.42637 N,08408.60102 W,300.8,09,0.99,33.350,1.80,0.99,0.5267243652343749,6.212953308105468,-7.1035963256835934,-9.938931297709924,-39.31297709923664,22.549618320610687,21.847647058823533
1762116360,3402.41789 N,08408.60694 W,300.1,08,0.99,33.350,1.80,0.99,2.3535002319335936,6.64630380859375,-9.478644372558593,-6.152671755725191,-32.465648854961835,13.580152671755725,21.753529411764706
1762116361,3402.41789 N,08408.60694 W,300.1,08,0.99,33.350,1.80,0.99,2.7724855224609373,6.56968935546875,-9.962273107910155,-4.427480916030534,-24.045801526717558,-16.65648854961832,21.706470588235295
1762116362,3402.41789 N,08408.60694 W,300.1,08,0.99,33.350,1.80,0.99,3.0310593017578125,6.121973645019531,-9.112331518554686,0.4961832061068702,19.061068702290076,-17.221374045801525,21.753529411764706
1762116363,3402.41789 N,08408.60694 W,300.1,08,0.99,33.350,1.80,0.99,2.798821740722656,4.778826513671874,-6.976703637695312,-4.816793893129771,17.14503816793893,-49.29007633587786,21.706470588235295
1762116364,3402.41789 N,08408.60694 W,300.1,08,0.99,33.350,1.80,0.99,2.437297290039062,2.4205378784179685,-5.228936425781249,30.977099236641223,26.297709923664122,-38.778625954198475,21.753529411764706
1762116365,3402.41789 N,08408.60694 W,300.1,08,0.99,33.350,1.80,0.99,2.7940333374023436,2.81558115234375,-8.999804040527343,32.02290076335878,14.977099236641221,-55.52671755725191,21.753529411764706
1762116366,3402.41789 N,08408.60694 W,300.1,08,0.99,33.350,1.80,0.99,4.285620971679688,5.473144995117187,-10.548852514648438,-8.748091603053435,27.625954198473284,7.702290076335878,21.753529411764706
1762116367,3402.41789 N,08408.60694 W,300.1,08,0.99,33.333,1.80,0.99,3.1699229980468746,6.5577183471679685,-9.550470422363281,-23.53435114503817,-7.32824427480916,20.557251908396946,21.659411764705883
1762116368,3402.41789 N,08408.60694 W,300.1,08,0.99,33.333,1.80,0.99,2.70065947265625,4.673481640625,-6.119579443359375,-15.183206106870228,-23.732824427480917,31.885496183206108,21.753529411764706
1762116369,3402.41027 N,08408.61510 W,299.7,08,0.99,33.333,1.80,0.99,1.5777788940429687,4.979939453125,-6.179434484863281,-3.068702290076336,-42.61832061068702,47.908396946564885,21.847647058823533
1762116370,3402.41027 N,08408.61510 W,299.7,08,0.99,33.333,1.80,0.99,1.9871873779296874,6.950367419433594,-8.901641772460938,-13.404580152671755,-41.595419847328245,20.984732824427482,21.706470588235295
1762116371,3402.41027 N,08408.61510 W,299.7,08,0.99,33.333,1.80,0.99,2.6408044311523438,6.4739212890625,-9.275137231445312,-9.610687022900763,3.4122137404580153,-11.183206106870228,21.753529411764706
1762116372,3402.41027 N,08408.61510 W,299.7,08,0.99,33.333,1.80,0.99,2.7629087158203123,6.076483813476562,-7.070077502441406,5.3893129770992365,9.931297709923664,-22.610687022900763,21.753529411764706
1762116373,3402.41027 N,08408.61510 W,299.7,08,0.99,33.333,1.80,0.99,3.3399113159179685,3.0334535034179684,-4.778826513671874,20.85496183206107,2.0763358778625953,-51.10687022900763,21.753529411764706
1762116374,3402.41027 N,08408.61510 W,299.7,08,0.99,33.333,1.80,0.99,3.248931652832031,2.4061726684570313,-7.376535314941406,8.557251908396946,16.83969465648855,-3.0076335877862594,21.659411764705883
1762116375,3402.41027 N,08408.61510 W,299.7,08,0.99,33.333,1.80,0.99,4.247313745117188,5.494692810058593,-9.715670336914062,17.38167938931298,11.274809160305344,-13.442748091603054,21.61235294117647
1762116376,3402.41027 N,08408.61510 W,299.7,08,0.99,33.863,1.80,0.99,3.7158009765625,6.734889270019531,-8.650250598144531,-19.603053435114504,29.206106870229007,25.801526717557252,21.753529411764706
1762116377,3402.41027 N,08408.61510 W,299.7,08,0.99,33.863,1.80,0.99,4.067748620605468,6.136338854980468,-8.389282617187499,-8.938931297709924,-17.396946564885496,34.35114503816794,21.706470588235295
1762116378,3402.40205 N,08408.62376 W,299.1,09,1.02,33.863,1.80,0.99,3.584119885253906,4.57771357421875,-3.706224169921875,1.5954198473282444,-32.595419847328245,7.229007633587786,21.659411764705883
1762116379,3402.40205 N,08408.62376 W,299.1,09,1.02,33.863,2.22,1.02,1.9488801513671874,3.517082238769531,-5.683834741210937,15.755725190839694,-13.198473282442748,-7.572519083969466,21.753529411764706
1762116380,3402.40205 N,08408.62376 W,299.1,09,1.02,33.863,2.22,1.02,-0.4908113403320312,1.9800047729492187,-8.614337573242187,-50.45038167938932,-51.12977099236641,-250.13740458015266,21.847647058823533
1762116381,3402.40205 N,08408.62376 W,299.1,09,1.02,33.863,2.22,1.02,2.6695348510742187,4.728548278808593,-6.552929943847656,-30.938931297709924,-9.01526717557252,-4.748091603053435,21.706470588235295
1762116382,3402.40205 N,08408.62376 W,299.1,09,1.02,33.863,2.22,1.02,3.749319799804687,6.5409589355468745,-9.689334118652344,-7.3816793893129775,59.17557251908397,-31.603053435114504,21.753529411764706
1762116383,3402.40205 N,08408.62376 W,299.1,09,1.02,33.863,2.22,1.02,3.0550013183593747,6.720524060058593,-8.02536396484375,-2.4732824427480917,-2.8091603053435112,0.44274809160305345,21.659411764705883
1762116384,3402.40205 N,08408.62376 W,299.1,09,1.02,33.863,2.22,1.02,2.068590234375,4.479551306152343,-7.1395093505859375,2.1068702290076335,-39.17557251908397,24.770992366412212,21.80058823529412
1762116385,3402.40205 N,08408.62376 W,299.1,09,1.02,37.588,2.22,1.02,3.0789433349609374,7.654262707519531,-7.922413293457031,-14.854961832061068,-8.625954198473282,15.86259541984733,21.753529411764706
1762116386,3402.40205 N,08408.62376 W,299.1,09,1.02,37.588,2.22,1.02,2.6144682128906247,5.063736511230468,-6.325480786132812,-14.572519083969466,-22.328244274809162,27.412213740458014,21.753529411764706
1762116387,3402.39237 N,08408.63354 W,298.3,09,1.08,37.588,2.22,1.02,3.5697546752929687,3.4763808105468748,-7.958326318359375,17.00763358778626,11.061068702290076,-22.52671755725191,21.706470588235295
1762116388,3402.39237 N,08408.63354 W,298.3,09,1.08,37.588,2.27,1.08,3.545812658691406,6.4356140625,-8.147468249511718,17.221374045801525,16.740458015267176,4.183206106870229,21.80058823529412
1762116389,3402.39237 N,08408.63354 W,298.3,09,1.08,37.588,2.27,1.08,2.6408044311523438,5.540182641601562,-8.2743609375,2.213740458015267,-0.5648854961832062,3.572519083969466,21.847647058823533
1762116390,3402.39237 N,08408.63354 W,298.3,09,1.08,37.588,2.27,1.08,1.4149731811523436,3.9504327392578125,-6.6271501953125,0.9770992366412213,-3.33587786259542,22.732824427480917,21.753529411764706
1762116391,3402.39237 N,08408.63354 W,298.3,09,1.08,37.588,2.27,1.08,2.013523596191406,4.321533996582031,-9.291896643066405,-4.8396946564885495,0.022900763358778626,14.687022900763358,21.753529411764706
1762116392,3402.39237 N,08408.63354 W,298.3,09,1.08,37.588,2.27,1.08,3.1387983764648437,4.8650177734375,-7.845798840332031,-14.442748091603054,29.198473282442748,6.099236641221374,21.80058823529412
1762116393,3402.39237 N,08408.63354 W,298.3,09,1.08,37.588,2.27,1.08,2.7653029174804686,3.912125512695312,-4.685452648925781,-7.809160305343512,-4.412213740458015,-25.541984732824428,21.80058823529412
1762116394,3402.39237 N,08408.63354 W,298.3,09,1.08,39.047,2.27,1.08,3.5960908935546874,3.6008792968749996,-8.904035974121093,15.664122137404581,3.633587786259542,-26.595419847328245,21.80058823529412
1762116395,3402.39237 N,08408.63354 W,298.3,09,1.08,39.047,2.27,1.08,4.786009118652344,4.934449621582031,-8.98304462890625,4.648854961832061,16.47328244274809,-9.458015267175572,21.80058823529412
1762116396,3402.38246 N,08408.64417 W,297.3,07,1.08,39.047,2.27,1.08,4.69263525390625,6.3709706176757805,-9.241618408203124,-14.465648854961833,13.84732824427481,10.068702290076336,21.847647058823533
1762116397,3402.38246 N,08408.64417 W,297.3,07,1.08,39.047,2.27,1.08,5.7891796142578125,6.069301208496094,-9.265560424804686,-20.30534351145038,-8.030534351145038,9.511450381679388,21.847647058823533
1762116398,3402.38246 N,08408.64417 W,297.3,07,1.08,39.047,2.27,1.08,4.84586416015625,5.999869360351562,-7.206546997070312,-10.961832061068701,-30.00763358778626,12.572519083969466,21.847647058823533
1762116399,3402.38246 N,08408.64417 W,297.3,07,1.08,39.047,2.27,1.08,3.0406361083984375,3.526659045410156,-4.92247861328125,-15.488549618320612,-46.35114503816794,-4.786259541984733,21.753529411764706
1762116400,3402.38246 N,08408.64417 W,297.3,07,1.08,39.047,2.27,1.08,2.8802245971679685,5.5545478515625,-6.964732629394531,-10.969465648854962,-44.099236641221374,31.938931297709924,21.80058823529412
1762116401,3402.38246 N,08408.64417 W,297.3,07,1.08,39.047,2.27,1.08,2.8993782104492185,6.488286499023437,-10.283096130371094,-11.49618320610687,-3.687022900763359,1.8396946564885497,21.847647058823533
1762116402,3402.38246 N,08408.64417 W,297.3,07,1.08,39.047,2.27,1.08,1.7717092285156248,8.185775476074218,-7.182604980468749,-16.740458015267176,8.022900763358779,3.4732824427480917,21.753529411764706
1762116403,3402.38246 N,08408.64417 W,297.3,07,1.08,38.784,2.27,1.08,2.731784094238281,7.625532287597656,-7.429207751464843,-14.366412213740459,9.770992366412214,-5.267175572519084,21.80058823529412
1762116404,3402.38246 N,08408.64417 W,297.3,07,1.08,38.784,2.27,1.08,2.3127988037109373,6.907271789550781,-5.396530541992187,10.129770992366412,2.3053435114503817,15.923664122137405,21.80058823529412
1762116405,3402.37449 N,08408.65653 W,295.1,08,1.02,38.784,2.27,1.08,3.3877953491210935,4.537012145996093,-4.527435339355469,3.068702290076336,20.282442748091604,-67.23664122137404,21.894705882352945
1762116406,3402.37449 N,08408.65653 W,295.1,08,1.02,38.784,2.22,1.02,3.227383837890625,3.4715924072265625,-4.754884497070313,10.427480916030534,12.030534351145038,-45.42748091603053,21.80058823529412
1762116407,3402.37449 N,08408.65653 W,295.1,08,1.02,38.784,2.22,1.02,2.4564509033203126,2.7629087158203123,-4.541800549316406,12.610687022900763,-7.5038167938931295,-65.08396946564885,21.753529411764706
1762116408,3402.37449 N,08408.65653 W,295.1,08,1.02,38.784,2.22,1.02,3.399766357421875,3.189076611328125,-7.3932947265625,41.02290076335878,11.801526717557252,-41.87022900763359,21.847647058823533
1762116409,3402.37449 N,08408.65653 W,295.1,08,1.02,38.784,2.22,1.02,4.359841223144531,4.019864587402344,-9.390058911132812,18.290076335877863,47.18320610687023,-15.511450381679388,21.80058823529412
1762116410,3402.37449 N,08408.65653 W,295.1,08,1.02,38.784,2.22,1.02,4.144363073730468,6.282385156249999,-9.356540087890625,-21.18320610687023,-6.030534351145038,-7.3816793893129775,21.847647058823533
1762116411,3402.37449 N,08408.65653 W,295.1,08,1.02,38.784,2.22,1.02,3.4620156005859375,6.167463476562499,-8.437166650390624,-13.15267175572519,12.98473282442748,17.17557251908397,21.753529411764706
1762116412,3402.37449 N,08408.65653 W,295.1,08,1.02,38.284,2.22,1.02,4.065354418945312,6.452373474121093,-9.074024291992187,-11.129770992366412,-1.4045801526717556,60.152671755725194,21.847647058823533
1762116413,3402.37449 N,08408.65653 W,295.1,08,1.02,38.284,2.22,1.02,3.744531396484375,5.9208607055664055,-8.544905725097657,-10.396946564885496,11.206106870229007,23.27480916030534,21.847647058823533
1762116414,3402.36728 N,08408.66814 W,293.3,08,1.02,38.284,2.22,1.02,2.099714855957031,3.6463691284179687,-5.322310290527343,-10.244274809160306,-44.099236641221374,48.29007633587786,21.894705882352945
1762116415,3402.36728 N,08408.66814 W,293.3,08,1.02,38.284,2.22,1.02,1.3766659545898436,3.768473413085937,-5.025429284667968,-18.778625954198475,-58.603053435114504,40.3206106870229,21.753529411764706
1762116416,3402.36728 N,08408.66814 W,293.3,08,1.02,38.284,2.22,1.02,1.4508862060546874,5.331887097167969,-6.967126831054687,-27.19083969465649,-46.11450381679389,37.48854961832061,21.847647058823533
1762116417,3402.36728 N,08408.66814 W,293.3,08,1.02,38.284,2.22,1.02,2.602497204589844,7.273584643554687,-10.764330664062498,-2.0381679389312977,-14.854961832061068,36.14503816793893,21.753529411764706
1762116418,3402.36728 N,08408.66814 W,293.3,08,1.02,38.284,2.22,1.02,2.5570073730468748,8.32463917236328,-7.8338278320312495,-4.778625954198473,-29.50381679389313,3.6412213740458017,21.847647058823533
1762116419,3402.36728 N,08408.66814 W,293.3,08,1.02,38.284,2.22,1.02,2.0781670410156248,7.601590270996093,-7.137115148925781,-14.732824427480915,-13.305343511450381,7.3816793893129775,21.80058823529412
1762116420,3402.36728 N,08408.66814 W,293.3,08,1.02,38.284,2.22,1.02,3.347093920898437,7.196970190429687,-7.790732202148437,-18.0,7.175572519083969,10.580152671755725,21.706470588235295
1762116421,3402.36728 N,08408.66814 W,293.3,08,1.02,34.702,2.22,1.02,3.095702746582031,6.710947253417968,-7.539341027832031,9.068702290076336,36.656488549618324,-21.595419847328245,21.80058823529412
1762116422,3402.36728 N,08408.66814 W,293.3,08,1.02,34.702,2.22,1.02,4.237736938476562,4.371812231445312,-6.059724401855468,0.8931297709923665,4.221374045801527,-55.97709923664122,21.706470588235295
1762116423,3402.36181 N,08408.67929 W,290.9,08,1.02,34.702,2.22,1.02,2.703053674316406,2.5809493896484375,-3.0621839233398433,19.68702290076336,31.396946564885496,-59.19083969465649,21.753529411764706
1762116424,3402.36181 N,08408.67929 W,290.9,08,1.02,34.702,2.22,1.02,3.0047230834960934,2.118868469238281,-5.623979699707031,16.015267175572518,25.16793893129771,-52.11450381679389,21.753529411764706
1762116425,3402.36181 N,08408.67929 W,290.9,08,1.02,34.702,2.22,1.02,4.168305090332031,4.060566015625,-9.686939916992188,6.061068702290076,47.267175572519086,-14.564885496183207,21.753529411764706
1762116426,3402.36181 N,08408.67929 W,290.9,08,1.02,34.702,2.22,1.02,5.1882349975585935,5.84185205078125,-8.420407238769531,3.099236641221374,19.15267175572519,-4.419847328244275,21.80058823529412
1762116427,3402.36181 N,08408.67929 W,290.9,08,1.02,34.702,2.22,1.02,4.510675927734375,6.0884548217773435,-8.336610180664062,-7.526717557251908,14.954198473282442,6.801526717557252,21.753529411764706
1762116428,3402.36181 N,08408.67929 W,290.9,08,1.02,34.702,2.22,1.02,4.764461303710937,6.9360022094726554,-8.40843623046875,-16.17557251908397,-1.9541984732824427,26.106870229007633,21.659411764705883
1762116429,3402.36181 N,08408.67929 W,290.9,08,1.02,34.702,2.22,1.02,2.849099975585937,4.173093493652344,-5.286397265624999,-21.27480916030534,-44.3587786259542,70.80152671755725,21.847647058823533
1762116430,3402.36181 N,08408.67929 W,290.9,08,1.02,32.850,2.22,1.02,1.1611878051757811,4.096479040527344,-5.331887097167969,-5.938931297709924,-38.10687022900763,36.47328244274809,21.80058823529412
1762116431,3402.36181 N,08408.67929 W,290.9,08,1.02,32.850,2.22,1.02,2.6408044311523438,7.175422375488281,-7.275978845214843,-34.06870229007634,-47.70229007633588,50.282442748091604,21.80058823529412
1762116432,3402.35663 N,08408.68955 W,289.3,08,1.02,32.850,2.22,1.02,4.199429711914062,7.769184387207031,-7.922413293457031,-3.099236641221374,11.557251908396946,8.740458015267176,21.753529411764706
1762116433,3402.35663 N,08408.68955 W,289.3,08,1.02,32.850,2.22,1.02,3.6463691284179687,7.062894897460937,-8.20971749267578,-10.84732824427481,21.3206106870229,16.984732824427482,21.847647058823533
1762116434,3402.35663 N,08408.68955 W,289.3,08,1.02,32.850,2.22,1.02,3.7708676147460936,6.907271789550781,-6.306327172851562,-1.5648854961832062,66.38931297709924,-4.938931297709924,21.753529411764706
1762116435,3402.35663 N,08408.68955 W,289.3,08,1.02,32.850,2.22,1.02,3.749319799804687,5.839457849121094,-6.7803791015625,23.938931297709924,21.389312977099237,-48.74045801526717,21.706470588235295
1762116436,3402.35663 N,08408.68955 W,289.3,08,1.02,32.850,2.22,1.02,3.9528269409179684,3.189076611328125,-4.821922143554687,0.7709923664122137,-4.786259541984733,-16.625954198473284,21.706470588235295
1762116437,3402.35663 N,08408.68955 W,289.3,08,1.02,32.850,2.22,1.02,4.314351391601562,3.912125512695312,-7.905653881835937,25.31297709923664,-9.587786259541986,-23.297709923664122,21.753529411764706
1762116438,3402.35663 N,08408.68955 W,289.3,08,1.02,32.850,2.22,1.02,5.566518859863281,5.590460876464843,-8.949525805664061,1.5877862595419847,14.16793893129771,-15.076335877862595,21.706470588235295
1762116439,3402.35663 N,08408.68955 W,289.3,08,1.02,31.840,2.22,1.02,3.9504327392578125,5.219359619140625,-9.193734375,-1.9236641221374047,4.358778625954199,17.366412213740457,21.753529411764706
1762116440,3402.35663 N,08408.68955 W,289.3,08,1.02,31.840,2.22,1.02,4.084508032226562,6.600813977050781,-7.46272657470703,-20.35114503816794,9.366412213740459,-0.5343511450381679,21.659411764705883
1762116441,3402.35104 N,08408.69892 W,287.9,08,1.02,31.840,2.22,1.02,3.7612908081054686,6.007051965332031,-4.7381250854492185,-25.61832061068702,-1.4885496183206106,23.442748091603054,21.706470588235295
1762116443,3402.35104 N,08408.69892 W,287.9,08,1.02,31.840,2.22,1.02,1.9129671264648436,5.935225915527344,-5.571307263183593,-16.82442748091603,-52.70992366412214,-7.8320610687022905,21.61235294117647
1762116444,3402.35104 N,08408.69892 W,287.9,08,1.02,31.840,2.22,1.02,2.0733786376953125,6.351817004394531,-7.936778503417968,-9.396946564885496,0.8625954198473282,42.83969465648855,21.706470588235295
1762116445,3402.35104 N,08408.69892 W,287.9,08,1.02,31.840,2.22,1.02,4.070142822265625,7.6279264892578125,-6.069301208496094,4.33587786259542,22.091603053435115,29.061068702290076,21.659411764705883
1762116446,3402.35104 N,08408.69892 W,287.9,08,1.02,31.840,2.22,1.02,2.8514941772460936,4.5968671875,-5.791573815917968,-15.49618320610687,15.236641221374045,7.99236641221374,21.61235294117647
1762116447,3402.35104 N,08408.69892 W,287.9,08,1.02,31.840,2.22,1.02,2.8227637573242186,4.872200378417968,-6.102820031738281,-20.091603053435115,27.72519083969466,3.183206106870229,21.753529411764706
1762116448,3402.35104 N,08408.69892 W,287.9,08,1.02,31.002,2.22,1.02,3.881000891113281,4.967968444824218,-6.507440112304687,25.572519083969464,-11.32824427480916,-5.083969465648855,21.61235294117647
1762116449,3402.35104 N,08408.69892 W,287.9,08,1.02,31.002,2.22,1.02,4.611232397460937,3.8570588745117185,-2.779668127441406,-11.938931297709924,11.038167938931299,39.80152671755725,21.706470588235295
1762116450,3402.34569 N,08408.70778 W,286.1,08,1.02,31.002,2.22,1.02,3.373430139160156,1.8459294799804686,-3.5314474487304683,-122.38931297709924,79.36641221374046,145.68702290076337,21.659411764705883
1762116451,3402.34569 N,08408.70778 W,286.1,08,1.02,31.002,2.22,1.02,0.16759411621093748,4.951209033203125,-7.690175732421874,29.52671755725191,-76.33587786259542,-105.29770992366412,21.753529411764706
1762116452,3402.34569 N,08408.70778 W,286.1,08,1.02,31.002,2.22,1.02,-2.262520568847656,5.307945080566406,-8.79150849609375,50.099236641221374,-45.85496183206107,-22.732824427480917,21.706470588235295
1762116453,3402.34569 N,08408.70778 W,286.1,08,1.02,31.002,2.22,1.02,-2.4947581298828125,6.236895324707031,-12.322955944824217,65.0381679389313,-68.07633587786259,-109.95419847328245,21.753529411764706
1762116454,3402.34569 N,08408.70778 W,286.1,08,1.02,31.002,2.22,1.02,-0.3112462158203125,4.151545678710937,-9.066841687011719,-9.282442748091603,2.9389312977099236,-16.83206106870229,21.659411764705883
1762116455,3402.34569 N,08408.70778 W,286.1,08,1.02,31.002,2.22,1.02,-0.7062894897460937,3.9145197143554684,-9.746794958496093,2.7099236641221376,-7.427480916030534,18.244274809160306,21.56529411764706
1762116456,3402.34569 N,08408.70778 W,286.1,08,1.02,32.000,2.22,1.02,2.473210314941406,4.127603662109375,-5.425260961914062,-0.5343511450381679,14.992366412213741,7.732824427480916,21.706470588235295
1762116457,3402.34569 N,08408.70778 W,286.1,08,1.02,32.000,2.22,1.02,0.8954314208984374,5.693411547851563,-2.2936451904296873,-7.564885496183206,54.3206106870229,14.007633587786259,21.659411764705883
1762116458,3402.34043 N,08408.71692 W,285.3,08,1.02,32.000,2.22,1.02,1.8028338500976562,6.423643054199219,-9.210493786621093,35.38931297709924,39.63358778625954,27.87786259541985,21.56529411764706
1762116459,3402.34043 N,08408.71692 W,285.3,08,1.02,32.000,2.22,1.02,3.0454245117187497,5.051765502929687,-7.594407666015624,-6.931297709923665,22.51145038167939,0.44274809160305345,21.659411764705883
1762116460,3402.34043 N,08408.71692 W,285.3,08,1.02,32.000,2.22,1.02,2.9951462768554684,3.0980969482421874,-9.1554271484375,8.86259541984733,-5.534351145038168,22.198473282442748,21.56529411764706
1762116461,3402.34043 N,08408.71692 W,285.3,08,1.02,32.000,2.22,1.02,0.2059013427734375,5.963956335449218,-12.607865942382812,23.946564885496183,-23.374045801526716,-0.366412213740458,21.56529411764706
1762116462,3402.34043 N,08408.71692 W,285.3,08,1.02,32.000,2.22,1.02,1.917755529785156,4.778826513671874,-9.849745629882811,-6.32824427480916,-48.66412213740458,-28.114503816793892,21.56529411764706
1762116463,3402.34043 N,08408.71692 W,285.3,08,1.02,32.000,2.22,1.02,1.4820108276367188,3.825934252929687,-8.595183959960938,-8.992366412213741,-35.68702290076336,-79.27480916030534,21.51823529411765
1762116464,3402.34043 N,08408.71692 W,285.3,08,1.02,33.007,2.22,1.02,1.8339584716796873,8.920795385742187,-12.208034265136718,20.068702290076335,-81.46564885496183,82.74045801526718,21.471176470588237
1762116465,3402.34043 N,08408.71692 W,285.3,08,1.02,33.007,2.22,1.02,0.4333505004882812,3.632003918457031,-7.321468676757812,-47.87786259541985,41.3587786259542,-26.83969465648855,21.56529411764706
1762116466,3402.33543 N,08408.72662 W,285.6,08,1.02,33.007,2.22,1.02,1.5969325073242187,4.503493322753906,-8.568847741699217,8.16030534351145,15.923664122137405,-31.259541984732824,20.76529411764706
1762116467,3402.33543 N,08408.72662 W,285.6,08,1.02,33.007,2.22,1.02,3.2058360229492187,7.362170104980469,-8.214505895996094,-9.305343511450381,-48.64885496183206,2.816793893129771,21.56529411764706
1762116468,3402.33543 N,08408.72662 W,285.6,08,1.02,33.007,2.22,1.02,3.303998291015625,6.72291826171875,-6.459556079101562,1.5801526717557253,-27.015267175572518,13.305343511450381,21.51823529411765
1762116469,3402.33543 N,08408.72662 W,285.6,08,1.02,33.007,2.22,1.02,0.9361328491210937,5.710170959472656,-7.829039428710937,16.916030534351144,-10.664122137404581,-5.824427480916031,21.56529411764706
1762116470,3402.33543 N,08408.72662 W,285.6,08,1.02,33.007,2.22,1.02,0.6440402465820312,5.121197351074218,-8.559270935058594,-11.259541984732824,-3.6412213740458017,31.717557251908396,21.51823529411765
1762116471,3402.33543 N,08408.72662 W,285.6,08,1.02,33.007,2.22,1.02,3.6439749267578123,5.269637854003906,-6.950367419433594,-10.702290076335878,2.0381679389312977,11.885496183206106,21.471176470588237
1762116472,3402.33543 N,08408.72662 W,285.6,08,1.02,33.007,2.22,1.02,2.29843359375,4.450820886230469,-8.37012900390625,-1.0229007633587786,-5.519083969465649,7.763358778625954,21.51823529411765
1762116473,3402.33543 N,08408.72662 W,285.6,08,1.02,33.748,2.22,1.02,1.4030021728515625,5.341463903808593,-7.953537915039062,-3.198473282442748,-5.625954198473282,-1.2061068702290076,21.471176470588237
1762116474,3402.33543 N,08408.72662 W,285.6,08,1.02,33.748,2.22,1.02,1.429338391113281,4.685452648925781,-8.10197841796875,0.6641221374045801,-2.984732824427481,-0.10687022900763359,21.377058823529413
1762116475,3402.33082 N,08408.73650 W,285.0,09,1.02,33.748,2.22,1.02,4.2521021484374995,4.240131140136718,-11.659762084960937,5.465648854961832,58.770992366412216,-91.59541984732824,20.718235294117648
1762116476,3402.33082 N,08408.73650 W,285.0,09,1.02,33.748,2.22,1.02,-2.5665841796874997,2.8036101440429686,-5.130774157714844,-38.213740458015266,15.557251908396946,29.64885496183206,22.177058823529414
1762116477,3402.33082 N,08408.73650 W,285.0,09,1.02,33.748,2.22,1.02,1.8626888916015625,6.528987927246093,-10.455478649902343,-1.7404580152671756,6.717557251908397,54.89312977099237,21.56529411764706
1762116478,3402.33082 N,08408.73650 W,285.0,09,1.02,33.748,2.22,1.02,2.8131869506835936,0.0143652099609375,-7.807491613769531,63.412213740458014,20.755725190839694,-27.297709923664122,21.377058823529413
1762116479,3402.33082 N,08408.73650 W,285.0,09,1.02,33.748,2.22,1.02,1.0007762939453124,0.9193734375,-4.8506525634765625,-2.099236641221374,49.67175572519084,-11.374045801526718,21.424117647058825
1762116480,3402.33082 N,08408.73650 W,285.0,09,1.02,33.748,2.22,1.02,0.7852981445312499,8.693346228027343,-13.541604589843748,24.946564885496183,8.01526717557252,80.6412213740458,21.377058823529413
1762116481,3402.33082 N,08408.73650 W,285.0,09,1.02,33.748,2.22,1.02,0.5243301635742187,1.7429788085937499,-7.654262707519531,-17.12213740458015,59.50381679389313,-122.66412213740458,21.28294117647059
1762116482,3402.33082 N,08408.73650 W,285.0,09,1.02,32.922,2.22,1.02,4.096479040527344,1.8076222534179687,-9.777919580078125,19.16030534351145,-24.740458015267176,-15.816793893129772,21.377058823529413
1762116483,3402.33082 N,08408.73650 W,285.0,09,1.02,32.922,2.22,1.02,1.0965443603515623,2.379836450195312,-12.332532751464843,-0.648854961832061,-42.603053435114504,-34.81679389312977,21.28294117647059
1762116484,3402.32640 N,08408.74650 W,284.4,09,1.02,32.922,2.22,1.02,0.8762778076171874,2.3535002319335936,-9.112331518554686,6.916030534351145,-92.8473282442748,140.54198473282443,21.235882352941175
1762116485,3402.32640 N,08408.74650 W,284.4,09,1.02,32.922,2.22,1.02,2.645592834472656,3.756502404785156,-8.836998327636719,3.3740458015267176,-6.0,29.076335877862597,21.330000000000002
1762116486,3402.32640 N,08408.74650 W,284.4,09,1.02,32.922,2.22,1.02,1.7597382202148437,3.660734338378906,-6.279990954589843,-10.748091603053435,-5.732824427480916,72.98473282442748,21.188823529411764
1762116487,3402.32640 N,08408.74650 W,284.4,09,1.02,32.922,2.22,1.02,1.4245499877929686,3.430890979003906,-9.452308154296874,-1.8778625954198473,-26.18320610687023,59.66412213740458,21.330000000000002
1762116488,3402.32640 N,08408.74650 W,284.4,09,1.02,32.922,2.22,1.02,1.7812860351562498,2.990357873535156,-10.658985791015624,-25.65648854961832,-22.16030534351145,54.85496183206107,21.188823529411764
1762116489,3402.32640 N,08408.74650 W,284.4,09,1.02,32.922,2.22,1.02,1.0654197387695312,1.01514150390625,-2.959233251953125,-8.954198473282442,7.412213740458015,-53.48091603053435,21.188823529411764
1762116490,3402.32640 N,08408.74650 W,284.4,09,1.02,32.922,2.22,1.02,1.6424223388671875,4.450820886230469,-15.567099194335936,-22.18320610687023,69.98473282442748,65.49618320610686,21.330000000000002
1762116491,3402.32640 N,08408.74650 W,284.4,09,1.02,33.308,2.22,1.02,1.7549498168945312,-0.488417138671875,-4.472368701171875,-50.06870229007634,8.450381679389313,11.022900763358779,21.188823529411764
1762116492,3402.32640 N,08408.74650 W,284.4,09,1.02,33.308,2.22,1.02,0.1484405029296875,4.211400720214844,-8.695740429687499,-35.152671755725194,57.00763358778626,-109.64885496183206,21.188823529411764
1762116493,3402.32221 N,08408.75671 W,283.7,09,0.96,33.308,2.22,1.02,0.9169792358398436,8.86812294921875,-16.455348010253907,-43.51145038167939,-65.45801526717557,97.90839694656489,21.188823529411764
1762116494,3402.32221 N,08408.75671 W,283.7,09,0.96,33.308,1.78,0.96,1.6160861206054686,-0.7326257080078125,1.8028338500976562,-8.793893129770993,-11.16793893129771,-8.84732824427481,21.04764705882353
1762116495,3402.32221 N,08408.75671 W,283.7,09,0.96,33.308,1.78,0.96,0.507570751953125,0.4908113403320312,-4.077325427246094,-1.2061068702290076,-25.50381679389313,-95.92366412213741,21.09470588235294
1762116496,3402.32221 N,08408.75671 W,283.7,09,0.96,33.308,1.78,0.96,0.1388636962890625,9.253589416503905,-15.674838269042969,53.6412213740458,-95.38931297709924,65.66412213740458,21.04764705882353
1762116497,3402.32221 N,08408.75671 W,283.7,09,0.96,33.308,1.78,0.96,1.1851298217773436,-0.4070142822265625,-6.9144543945312495,25.52671755725191,30.51145038167939,-75.80152671755725,20.953529411764706
1762116498,3402.32221 N,08408.75671 W,283.7,09,0.96,33.308,1.78,0.96,0.16759411621093748,1.448492004394531,-4.479551306152343,-42.23664122137404,45.06106870229008,-57.82442748091603,21.04764705882353
1762116499,3402.32221 N,08408.75671 W,283.7,09,0.96,33.308,1.78,0.96,2.360682836914062,7.584830859375,-14.64533155517578,20.755725190839694,-64.96946564885496,84.01526717557252,21.000588235294117
1762116500,3402.32221 N,08408.75671 W,283.7,09,0.96,33.738,1.78,0.96,1.16837041015625,2.81558115234375,-13.788207360839843,11.213740458015268,65.74045801526718,-108.10687022900764,20.953529411764706
1762116501,3402.32221 N,08408.75671 W,283.7,09,0.96,33.738,1.78,0.96,-1.9823989746093749,1.8363526733398436,-3.8857892944335934,-23.015267175572518,-0.45038167938931295,-3.435114503816794,21.09470588235294
1762116502,3402.31802 N,08408.76710 W,283.0,09,0.96,33.738,1.78,0.96,-1.4317325927734375,7.491456994628906,-16.29733070068359,5.877862595419847,-57.10687022900763,37.030534351145036,20.906470588235294
1762116503,3402.31802 N,08408.76710 W,283.0,09,0.96,33.738,1.78,0.96,4.53940634765625,2.2026655273437497,-10.943895788574219,-28.870229007633586,53.93129770992366,-85.04580152671755,21.000588235294117
1762116504,3402.31802 N,08408.76710 W,283.0,09,0.96,33.738,1.78,0.96,-0.7398083129882812,1.2234370483398436,-3.0310593017578125,13.366412213740459,-9.32824427480916,-54.61832061068702,20.906470588235294
1762116505,3402.31802 N,08408.76710 W,283.0,09,0.96,33.738,1.78,0.96,-0.3016694091796875,5.518634826660156,-10.943895788574219,-27.519083969465647,2.801526717557252,51.30534351145038,20.906470588235294
1762116506,3402.31802 N,08408.76710 W,283.0,09,0.96,33.738,1.78,0.96,1.369483349609375,-0.6248866333007812,-3.5027170288085934,17.69465648854962,-39.717557251908396,59.13740458015267,20.906470588235294
1762116507,3402.31802 N,08408.76710 W,283.0,09,0.96,33.738,1.78,0.96,2.8706477905273435,5.616797094726562,-17.274164978027343,36.87786259541985,81.94656488549619,-144.9083969465649,20.906470588235294
1762116508,3402.31802 N,08408.76710 W,283.0,09,0.96,33.738,1.78,0.96,-1.5586252807617187,2.212242333984375,-0.4908113403320312,-40.33587786259542,-4.099236641221374,-4.0,20.76529411764706
1762116509,3402.31802 N,08408.76710 W,283.0,09,0.96,32.868,1.78,0.96,4.149151477050781,6.095637426757812,-7.268796240234375,5.106870229007634,-54.267175572519086,47.36641221374046,20.81235294117647
1762116510,3402.31802 N,08408.76710 W,283.0,09,0.96,32.868,1.78,0.96,5.118803149414062,7.912836486816405,-18.212692028808593,1.633587786259542,88.64885496183206,-125.40458015267176,20.859411764705882
1762116511,3402.31382 N,08408.77726 W,282.6,09,0.96,32.868,1.78,0.96,-1.9919757812499999,2.693476867675781,-2.528276953125,-35.76335877862596,25.396946564885496,82.05343511450381,20.76529411764706
1762116512,3402.31382 N,08408.77726 W,282.6,09,0.96,32.868,1.78,0.96,3.9887399658203124,6.174646081542968,-10.83376251220703,23.65648854961832,-93.45038167938931,97.70992366412214,20.76529411764706
1762116513,3402.31382 N,08408.77726 W,282.6,09,0.96,32.868,1.78,0.96,3.383006945800781,2.023100402832031,-5.7125651611328125,3.816793893129771,43.38167938931298,-53.3206106870229,20.76529411764706
1762116514,3402.31382 N,08408.77726 W,282.6,09,0.96,32.868,1.78,0.96,-0.97683427734375,1.2330138549804688,-3.6727053466796873,34.35114503816794,7.595419847328245,-82.53435114503817,20.01235294117647
1762116515,3402.31382 N,08408.77726 W,282.6,09,0.96,32.868,1.78,0.96,2.0446482177734375,10.797849487304687,-17.547103967285157,-34.213740458015266,-70.86259541984732,114.92366412213741,20.718235294117648
1762116516,3402.31382 N,08408.77726 W,282.6,09,0.96,32.868,1.78,0.96,2.442085693359375,0.258573779296875,-2.408566870117187,-3.1297709923664123,-18.84732824427481,-15.297709923664122,20.76529411764706
1762116517,3402.31382 N,08408.77726 W,282.6,09,0.96,32.868,1.78,0.96,1.2761094848632812,5.865794067382812,-9.651026892089844,30.0,12.977099236641221,-130.77862595419847,20.624117647058824
1762116518,3402.31382 N,08408.77726 W,282.6,09,0.96,30.682,1.78,0.96,3.6846763549804686,7.429207751464843,-12.263100903320312,-40.48091603053435,-16.35114503816794,145.15267175572518,20.624117647058824
1762116519,3402.31382 N,08408.77726 W,282.6,09,0.96,30.682,1.78,0.96,1.7812860351562498,-1.7860744384765623,-2.463633508300781,5.3816793893129775,-39.83969465648855,64.01526717557252,19.96529411764706
1762116520,3402.30979 N,08408.78692 W,282.0,09,0.96,30.682,1.78,0.96,2.5330653564453125,5.2433016357421875,-14.18564483642578,-12.389312977099237,64.6030534351145,-106.13740458015268,21.424117647058825
1762116521,3402.30979 N,08408.78692 W,282.0,09,0.96,30.682,1.78,0.96,-1.7812860351562498,5.379771130371093,-7.862558251953125,-57.19847328244275,-15.893129770992367,94.55725190839695,20.577058823529413
1762116522,3402.30979 N,08408.78692 W,282.0,09,0.96,30.682,1.78,0.96,1.9608511596679685,0.5027823486328125,-4.560954162597656,1.6717557251908397,-59.48854961832061,61.48091603053435,20.577058823529413
1762116523,3402.30979 N,08408.78692 W,282.0,09,0.96,30.682,1.78,0.96,2.770091320800781,4.472368701171875,-12.334926953124999,69.9618320610687,49.61068702290076,53.00763358778626,20.624117647058824
1762116524,3402.30979 N,08408.78692 W,282.0,09,0.96,30.682,1.78,0.96,3.4668040039062498,2.8371289672851563,-10.649408984374999,-17.778625954198475,34.31297709923664,34.79389312977099,20.624117647058824
1762116525,3402.30979 N,08408.78692 W,282.0,09,0.96,30.682,1.78,0.96,3.009511486816406,4.240131140136718,-9.919177478027343,-24.709923664122137,2.0839694656488548,-38.2442748091603,20.48294117647059
1762116526,3402.30979 N,08408.78692 W,282.0,09,0.96,30.682,1.78,0.96,0.5434837768554687,2.1547814941406247,-7.316680273437499,-4.7251908396946565,9.450381679389313,-21.595419847328245,20.624117647058824
1762116527,3402.30979 N,08408.78692 W,282.0,09,0.96,26.833,1.78,0.96,1.189918225097656,3.6296097167968746,-7.089231115722656,40.93129770992366,-43.83969465648855,-28.9618320610687,20.577058823529413
1762116528,3402.30979 N,08408.78692 W,282.0,09,0.96,26.833,1.78,0.96,2.463633508300781,1.889025109863281,-5.710170959472656,6.374045801526718,-10.748091603053435,-34.48091603053435,20.577058823529413
1762116529,3402.30578 N,08408.79551 W,282.2,08,1.18,26.833,1.78,0.96,1.9656395629882812,4.0222587890625,-7.352593298339843,31.427480916030536,-28.786259541984734,-25.14503816793893,20.624117647058824
1762116530,3402.30578 N,08408.79551 W,282.2,08,1.18,26.833,1.92,1.18,2.473210314941406,2.5641899780273434,-6.9144543945312495,-47.93129770992366,15.664122137404581,19.64885496183206,20.671176470588236
1762116531,3402.30578 N,08408.79551 W,282.2,08,1.18,26.833,1.92,1.18,1.9105729248046874,2.786850732421875,-7.0078282592773435,6.763358778625954,-15.549618320610687,-41.23664122137404,20.48294117647059
1762116532,3402.30578 N,08408.79551 W,282.2,08,1.18,26.833,1.92,1.18,3.27526787109375,5.013458276367187,-6.746860278320312,13.83206106870229,7.816793893129771,-127.29770992366412,20.577058823529413
1762116533,3402.30578 N,08408.79551 W,282.2,08,1.18,26.833,1.92,1.18,2.379836450195312,7.9104422851562495,-16.888698510742188,-81.3969465648855,-73.09160305343511,85.87022900763358,20.577058823529413
1762116534,3402.30578 N,08408.79551 W,282.2,08,1.18,26.833,1.92,1.18,0.9911994873046874,-0.9720458740234375,-1.3192051147460937,11.297709923664122,25.068702290076335,14.099236641221374,20.53
1762116535,3402.30578 N,08408.79551 W,282.2,08,1.18,26.833,1.92,1.18,3.268085266113281,2.990357873535156,-6.057330200195312,36.717557251908396,64.70992366412214,-117.72519083969466,20.577058823529413
1762116536,3402.30578 N,08408.79551 W,282.2,08,1.18,23.151,1.92,1.18,3.0813375366210938,5.370194323730469,-18.085799340820312,-91.08396946564885,-45.50381679389313,61.038167938931295,20.435882352941178
1762116537,3402.30578 N,08408.79551 W,282.2,08,1.18,23.151,1.92,1.18,2.9376854370117185,-2.142810485839844,-7.448361364746093,-67.70229007633588,58.13740458015267,-93.41984732824427,20.435882352941178
1762116539,3402.30239 N,08408.80267 W,280.4,08,1.18,23.151,1.92,1.18,-0.6488286499023437,2.4516625,-2.3678654418945313,-72.8854961832061,-24.82442748091603,-39.31297709923664,20.388823529411766
1762116540,3402.30239 N,08408.80267 W,280.4,08,1.18,23.151,1.92,1.18,3.1268273681640624,5.456385583496093,-11.21683477783203,14.32824427480916,2.900763358778626,137.51908396946564,20.435882352941178
1762116541,3402.30239 N,08408.80267 W,280.4,08,1.18,23.151,1.92,1.18,4.189852905273438,3.4739866088867184,-9.624690673828125,-16.389312977099237,-9.091603053435115,21.66412213740458,20.48294117647059
1762116542,3402.30239 N,08408.80267 W,280.4,08,1.18,23.151,1.92,1.18,4.647145422363281,4.429273071289062,-10.192116467285155,-23.442748091603054,-33.13740458015267,20.0381679389313,20.388823529411766
1762116543,3402.30239 N,08408.80267 W,280.4,08,1.18,23.151,1.92,1.18,4.4196962646484375,3.028665100097656,-8.492233288574218,30.480916030534353,-9.068702290076336,27.633587786259543,20.435882352941178
1762116544,3402.30239 N,08408.80267 W,280.4,08,1.18,23.151,1.92,1.18,3.9145197143554684,3.670311145019531,-7.601590270996093,6.2748091603053435,-4.244274809160306,11.877862595419847,20.48294117647059
1762116545,3402.30239 N,08408.80267 W,280.4,08,1.18,20.320,1.92,1.18,1.6352397338867186,3.4835634155273434,-6.2009822998046875,-1.717557251908397,3.5801526717557253,23.442748091603054,20.341764705882355
1762116546,3402.30239 N,08408.80267 W,280.4,08,1.18,20.320,1.92,1.18,-0.03591302490234375,3.4644098022460934,-8.530540515136718,10.030534351145038,-22.015267175572518,-0.15267175572519084,20.388823529411766
1762116547,3402.29938 N,08408.80893 W,279.0,07,1.28,20.320,1.92,1.18,-0.6512228515624999,3.1483751831054687,-10.338162768554687,21.435114503816795,19.358778625954198,5.32824427480916,20.435882352941178
1762116548,3402.29938 N,08408.80893 W,279.0,07,1.28,20.320,2.01,1.28,0.7948749511718749,3.327940307617187,-12.679691992187498,20.641221374045802,-44.70229007633588,-7.633587786259542,20.435882352941178
1762116549,3402.29938 N,08408.80893 W,279.0,07,1.28,20.320,2.01,1.28,1.2832920898437499,2.839523168945312,-13.596671228027343,31.61832061068702,-51.045801526717554,-5.351145038167939,20.388823529411766
1762116550,3402.29938 N,08408.80893 W,279.0,07,1.28,20.320,2.01,1.28,2.2170307373046874,3.890577697753906,-10.137049829101562,-23.671755725190838,4.549618320610687,8.83206106870229,20.341764705882355
1762116551,3402.29938 N,08408.80893 W,279.0,07,1.28,20.320,2.01,1.28,2.5426421630859375,3.375824340820312,-10.144232434082031,-12.961832061068701,18.03053435114504,-21.923664122137403,20.388823529411766
1762116552,3402.29938 N,08408.80893 W,279.0,07,1.28,20.320,2.01,1.28,1.70467158203125,3.0789433349609374,-10.263942517089843,-6.488549618320611,35.87786259541985,10.625954198473282,20.388823529411766
1762116553,3402.29938 N,08408.80893 W,279.0,07,1.28,18.434,2.01,1.28,1.8698714965820311,4.106055847167968,-12.71081661376953,-21.87786259541985,46.35114503816794,19.65648854961832,20.341764705882355
1762116554,3402.29938 N,08408.80893 W,279.0,07,1.28,18.434,2.01,1.28,3.201047619628906,4.276044165039062,-11.762712756347655,-27.213740458015266,9.564885496183207,-2.4427480916030535,20.435882352941178
1762116555,3402.29680 N,08408.81465 W,278.4,07,1.28,18.434,2.01,1.28,0.3854664672851562,5.267243652343749,-5.200206005859375,-24.740458015267176,-0.25190839694656486,64.91603053435115,20.388823529411766
1762116556,3402.29680 N,08408.81465 W,278.4,07,1.28,18.434,2.01,1.28,2.7916391357421872,2.4899697265625,-3.746925598144531,-21.358778625954198,28.27480916030534,-17.18320610687023,20.435882352941178
1762116557,3402.29680 N,08408.81465 W,278.4,07,1.28,18.434,2.01,1.28,2.4349030883789062,2.6791116577148437,-4.438849877929687,-0.015267175572519083,10.633587786259541,-26.366412213740457,20.341764705882355
1762116558,3402.29680 N,08408.81465 W,278.4,07,1.28,18.434,2.01,1.28,3.1028853515624997,2.8419173706054686,-6.698976245117187,15.290076335877863,-53.6412213740458,25.916030534351144,20.341764705882355
1762116559,3402.29680 N,08408.81465 W,278.4,07,1.28,18.434,2.01,1.28,2.2960393920898436,4.266467358398438,-9.80665,27.65648854961832,-2.8931297709923665,-25.198473282442748,20.294705882352943
1762116560,3402.29680 N,08408.81465 W,278.4,07,1.28,18.434,2.01,1.28,3.5769372802734374,2.8658593872070313,-9.782707983398437,18.671755725190838,-9.732824427480915,-0.32061068702290074,20.294705882352943
1762116561,3402.29680 N,08408.81465 W,278.4,07,1.28,16.589,2.01,1.28,2.422932080078125,2.896984008789062,-11.516109985351562,-10.770992366412214,1.282442748091603,-9.916030534351146,20.294705882352943
1762116562,3402.29680 N,08408.81465 W,278.4,07,1.28,16.589,2.01,1.28,2.5474305664062498,3.892971899414062,-12.121843005371092,-49.786259541984734,-42.954198473282446,-4.801526717557252,20.24764705882353
1762116563,3402.29365 N,08408.81961 W,280.6,07,1.28,16.589,2.01,1.28,5.882553479003906,5.590460876464843,-9.150638745117186,-21.267175572519083,23.748091603053435,-20.114503816793892,20.294705882352943
1762116564,3402.29365 N,08408.81961 W,280.6,07,1.28,16.589,2.01,1.28,3.9911341674804683,6.028599780273437,-9.430760339355468,-5.0534351145038165,0.8854961832061069,-5.694656488549619,20.341764705882355
1762116565,3402.29365 N,08408.81961 W,280.6,07,1.28,16.589,2.01,1.28,4.319139794921875,3.892971899414062,-10.36210478515625,18.641221374045802,46.64885496183206,25.00763358778626,20.341764705882355
1762116566,3402.29365 N,08408.81961 W,280.6,07,1.28,16.589,2.01,1.28,4.350264416503906,0.488417138671875,-12.571952917480468,67.13740458015268,111.61068702290076,-122.80152671755725,20.24764705882353
1762116567,3402.29365 N,08408.81961 W,280.6,07,1.28,16.589,2.01,1.28,1.6615759521484375,5.324704492187499,-13.543998791503906,-1.1068702290076335,-47.06106870229008,77.44274809160305,20.24764705882353
1762116568,3402.29365 N,08408.81961 W,280.6,07,1.28,16.589,2.01,1.28,2.4133552734375,4.127603662109375,-10.390835205078124,27.0,-50.038167938931295,42.33587786259542,20.20058823529412
1762116569,3402.29365 N,08408.81961 W,280.6,07,1.28,15.372,2.01,1.28,2.932897033691406,3.4452561889648434,-8.37012900390625,-10.183206106870228,-8.145038167938932,11.580152671755725,20.294705882352943
1762116570,3402.29365 N,08408.81961 W,280.6,07,1.28,15.372,2.01,1.28,2.9089550170898435,3.2561142578125,-7.096413720703125,2.931297709923664,19.938931297709924,11.419847328244275,20.294705882352943
1762116571,3402.29186 N,08408.82462 W,280.9,07,1.28,15.372,2.01,1.28,1.5466542724609373,3.8762124877929685,-6.004657763671875,4.786259541984733,5.770992366412214,7.4961832061068705,20.20058823529412
1762116572,3402.29186 N,08408.82462 W,280.9,07,1.28,15.372,2.01,1.28,0.8690952026367187,5.396530541992187,-7.654262707519531,-89.41221374045801,-5.564885496183206,11.129770992366412,20.20058823529412
1762116573,3402.29186 N,08408.82462 W,280.9,07,1.28,15.372,2.01,1.28,-2.8850130004882812,2.6791116577148437,-8.597578161621094,-22.709923664122137,21.442748091603054,-0.37404580152671757,20.20058823529412
1762116574,3402.29186 N,08408.82462 W,280.9,07,1.28,15.372,2.01,1.28,-0.9217676391601562,1.905784521484375,-11.731588134765625,2.381679389312977,24.801526717557252,1.786259541984733,20.294705882352943
1762116575,3402.29186 N,08408.82462 W,280.9,07,1.28,15.372,2.01,1.28,-1.01514150390625,1.39821376953125,-5.928043310546875,-7.4961832061068705,-43.29770992366412,38.51908396946565,20.24764705882353
1762116576,3402.29186 N,08408.82462 W,280.9,07,1.28,15.372,2.01,1.28,0.201112939453125,4.019864587402344,-6.074089611816406,22.389312977099237,-2.7938931297709924,83.35114503816794,20.24764705882353
1762116577,3402.29186 N,08408.82462 W,280.9,07,1.28,12.226,2.01,1.28,1.3407529296874998,4.642357019042969,-18.650830932617186,21.572519083969464,108.6412213740458,-133.55725190839695,20.20058823529412
1762116578,3402.29186 N,08408.82462 W,280.9,07,1.28,12.226,2.01,1.28,-3.4668040039062498,3.9935283691406247,-7.745242370605468,19.114503816793892,59.16030534351145,58.61832061068702,20.20058823529412
1762116579,3402.29030 N,08408.82879 W,281.0,08,1.18,12.226,2.01,1.28,3.768473413085937,4.496310717773437,-9.545682019042967,32.38167938931298,-68.46564885496183,84.43511450381679,20.15352941176471
1762116580,3402.29030 N,08408.82879 W,281.0,08,1.18,12.226,1.92,1.18,5.449202978515625,-1.8315642700195311,-11.834538806152343,17.603053435114504,43.16793893129771,-152.38931297709922,20.106470588235297
1762116581,3402.29030 N,08408.82879 W,281.0,08,1.18,12.226,1.92,1.18,-1.1276689819335937,2.7198130859375,-0.6967126831054687,-35.091603053435115,-11.045801526717558,-25.709923664122137,20.15352941176471
1762116582,3402.29030 N,08408.82879 W,281.0,08,1.18,12.226,1.92,1.18,9.674968908691406,3.0142998901367184,-19.6133,-26.633587786259543,-132.3969465648855,34.61832061068702,20.15352941176471
1762116583,3402.29030 N,08408.82879 W,281.0,08,1.18,12.226,1.92,1.18,5.140350964355468,5.363011718749999,-14.243105676269531,87.52671755725191,69.55725190839695,-156.26717557251908,20.059411764705885
1762116584,3402.29030 N,08408.82879 W,281.0,08,1.18,12.226,1.92,1.18,-1.4724340209960938,0.8595183959960937,-2.9951462768554684,-24.61832061068702,-50.030534351145036,-71.58015267175573,20.059411764705885
1762116585,3402.29030 N,08408.82879 W,281.0,08,1.18,11.832,1.92,1.18,3.6487633300781246,9.198522778320312,-14.353238952636717,21.53435114503817,-90.79389312977099,109.95419847328245,20.059411764705885
1762116586,3402.29030 N,08408.82879 W,281.0,08,1.18,11.832,1.92,1.18,2.583343591308594,1.7022773803710936,-11.353304272460937,114.31297709923665,65.6793893129771,-141.04580152671755,19.96529411764706
1762116587,3402.28977 N,08408.83270 W,281.0,09,0.96,11.832,1.92,1.18,0.7230489013671875,2.0973206542968748,-3.366247534179687,-2.5801526717557253,-21.31297709923664,-69.53435114503817,19.96529411764706
1762116588,3402.28977 N,08408.83270 W,281.0,09,0.96,11.832,1.78,0.96,3.7301661865234372,5.540182641601562,-9.847351428222655,-12.061068702290076,-84.45801526717557,96.09160305343511,20.671176470588236
1762116589,3402.28977 N,08408.83270 W,281.0,09,0.96,11.832,1.78,0.96,4.9823336547851556,7.223306408691406,-18.401833959960936,114.09923664122137,112.41984732824427,-76.31297709923665,19.96529411764706
1762116590,3402.28977 N,08408.83270 W,281.0,09,0.96,11.832,1.78,0.96,1.9967641845703124,0.8475473876953125,-1.9752163696289062,-59.20610687022901,-63.97709923664122,18.870229007633586,20.671176470588236
1762116591,3402.28977 N,08408.83270 W,281.0,09,0.96,11.832,1.78,0.96,3.497928625488281,2.482787121582031,-6.969521032714844,-31.114503816793892,-60.6412213740458,44.0763358778626,19.918235294117647
1762116592,3402.28977 N,08408.83270 W,281.0,09,0.96,11.832,1.78,0.96,1.7214309936523438,5.533000036621093,-16.371550952148436,47.87786259541985,65.51908396946565,-190.85496183206106,19.918235294117647
1762116593,3402.28977 N,08408.83270 W,281.0,09,0.96,11.896,1.78,0.96,-1.8842367065429686,2.8419173706054686,-2.7269956909179687,-21.633587786259543,0.9312977099236641,76.0,19.871176470588235
1762116594,3402.28977 N,08408.83270 W,281.0,09,0.96,11.896,1.78,0.96,2.5665841796874997,0.258573779296875,-2.3127988037109373,29.81679389312977,-18.49618320610687,40.282442748091604,19.871176470588235
1762116595,3402.28969 N,08408.83656 W,280.8,09,0.96,11.896,1.78,0.96,2.2266075439453124,3.840299462890625,-10.740388647460938,-19.15267175572519,34.725190839694655,31.0,19.871176470588235
1762116596,3402.28969 N,08408.83656 W,280.8,09,0.96,11.896,1.78,0.96,1.5275006591796874,5.755660791015624,-9.311050256347656,5.717557251908397,20.458015267175572,-18.732824427480917,20.671176470588236
1762116597,3402.28969 N,08408.83656 W,280.8,09,0.96,11.896,1.78,0.96,1.3742717529296875,3.806780639648437,-9.636661682128906,-67.92366412213741,23.114503816793892,63.64885496183206,19.824117647058824
1762116598,3402.28969 N,08408.83656 W,280.8,09,0.96,11.896,1.78,0.96,1.5849614990234373,5.805939025878906,-11.997344519042969,-14.86259541984733,-14.297709923664122,10.045801526717558,19.777058823529412
1762116599,3402.28969 N,08408.83656 W,280.8,09,0.96,11.896,1.78,0.96,1.2473790649414063,5.796362219238281,-11.717222924804688,9.358778625954198,-86.50381679389314,-25.72519083969466,19.871176470588235
1762116600,3402.28969 N,08408.83656 W,280.8,09,0.96,11.896,1.78,0.96,2.5067291381835934,4.062960217285156,-12.418724011230468,-6.061068702290076,-38.66412213740458,4.984732824427481,19.918235294117647
1762116601,3402.28969 N,08408.83656 W,280.8,09,0.96,12.133,1.78,0.96,2.825157958984375,3.801992236328125,-8.066065393066406,-0.35877862595419846,-12.732824427480915,22.541984732824428,19.73
1762116602,3402.28969 N,08408.83656 W,280.8,09,0.96,12.133,1.78,0.96,2.863465185546875,3.5673604736328124,-6.471527087402343,-45.13740458015267,-3.1908396946564888,46.61068702290076,19.777058823529412
1762116603,3402.28940 N,08408.84053 W,280.9,09,0.96,12.133,1.78,0.96,3.4452561889648434,1.3287819213867187,-5.947196923828125,38.00763358778626,10.259541984732824,38.61068702290076,19.777058823529412
1762116604,3402.28940 N,08408.84053 W,280.9,09,0.96,12.133,1.78,0.96,-0.04548983154296875,3.6846763549804686,-4.477157104492187,-12.961832061068701,-32.06870229007634,54.19083969465649,19.777058823529412
1762116605,3402.28940 N,08408.84053 W,280.9,09,0.96,12.133,1.78,0.96,1.2593500732421874,3.9528269409179684,-5.212177014160156,24.236641221374047,-26.221374045801525,15.01526717557252,19.777058823529412
1762116606,3402.28940 N,08408.84053 W,280.9,09,0.96,12.133,1.78,0.96,0.4213794921875,4.376600634765625,-7.022193469238281,-9.259541984732824,9.50381679389313,56.587786259541986,19.68294117647059
1762116607,3402.28940 N,08408.84053 W,280.9,09,0.96,12.133,1.78,0.96,1.0534487304687499,2.2864625854492187,-7.584830859375,13.801526717557252,88.12977099236642,112.68702290076335,19.777058823529412
1762116608,3402.28940 N,08408.84053 W,280.9,09,0.96,12.133,1.78,0.96,1.2665326782226562,3.201047619628906,-5.84185205078125,9.717557251908397,-13.778625954198473,48.98473282442748,19.68294117647059
1762116609,3402.28940 N,08408.84053 W,280.9,09,0.96,11.608,1.78,0.96,0.15562310791015624,4.335899206542969,-5.9400143188476555,25.129770992366414,-46.13740458015267,32.099236641221374,19.68294117647059
1762116610,3402.28940 N,08408.84053 W,280.9,09,0.96,11.608,1.78,0.96,-0.74699091796875,3.8235400512695312,-6.691793640136718,36.030534351145036,-1.099236641221374,2.0076335877862594,19.824117647058824
1762116611,3402.28785 N,08408.84400 W,282.0,09,0.96,11.608,1.78,0.96,-0.7278373046875,5.087678527832031,-9.45470235595703,-23.83206106870229,40.49618320610687,34.10687022900763,19.68294117647059
1762116612,3402.28785 N,08408.84400 W,282.0,09,0.96,11.608,1.78,0.96,2.133233679199219,8.667010009765624,-9.641450085449218,-30.206106870229007,-7.396946564885496,27.84732824427481,19.73
1762116613,3402.28785 N,08408.84400 W,282.0,09,0.96,11.608,1.78,0.96,2.4013842651367185,5.887341882324218,-10.55364091796875,-16.221374045801525,31.893129770992367,25.709923664122137,19.73
1762116614,3402.28785 N,08408.84400 W,282.0,09,0.96,11.608,1.78,0.96,3.1220389648437497,4.910507604980468,-9.488221179199218,21.954198473282442,27.053435114503817,-40.274809160305345,19.824117647058824
1762116615,3402.28785 N,08408.84400 W,282.0,09,0.96,11.608,1.78,0.96,4.2688615600585935,4.642357019042969,-5.944802722167968,-5.396946564885496,16.885496183206108,-19.259541984732824,19.73
1762116616,3402.28785 N,08408.84400 W,282.0,09,0.96,11.608,1.78,0.96,3.1459809814453124,3.900154504394531,-6.7085530517578125,-24.099236641221374,5.961832061068702,-33.05343511450382,19.73
1762116617,3402.28785 N,08408.84400 W,282.0,09,0.96,11.608,1.78,0.96,2.3870190551757813,3.0741549316406247,-4.781220715332031,-22.923664122137403,31.251908396946565,5.450381679389313,19.68294117647059
1762116618,3402.28785 N,08408.84400 W,282.0,09,0.96,10.376,1.78,0.96,2.4516625,3.342305517578125,-5.090072729492187,-1.9618320610687023,40.595419847328245,-27.236641221374047,19.777058823529412
1762116619,3402.28785 N,08408.84400 W,282.0,09,0.96,10.376,1.78,0.96,1.2401964599609374,2.4660277099609376,-6.4739212890625,-12.679389312977099,84.9618320610687,-11.16030534351145,19.73
1762116620,3402.28581 N,08408.84619 W,281.4,09,0.96,10.376,1.78,0.96,1.8650830932617186,3.0047230834960934,-8.291120349121094,9.32824427480916,44.80152671755725,-30.435114503816795,19.73
1762116621,3402.28581 N,08408.84619 W,281.4,09,0.96,10.376,1.78,0.96,1.1659762084960936,5.645527514648437,-7.275978845214843,5.8396946564885495,-24.81679389312977,-44.47328244274809,19.68294117647059
1762116622,3402.28581 N,08408.84619 W,281.4,09,0.96,10.376,1.78,0.96,1.1444283935546875,1.7381904052734374,-6.406883642578125,-42.954198473282446,64.47328244274809,23.00763358778626,19.635882352941177
1762116623,3402.28581 N,08408.84619 W,281.4,09,0.96,10.376,1.78,0.96,1.5634136840820312,3.418919970703125,-5.410895751953125,13.106870229007633,37.038167938931295,-34.152671755725194,19.635882352941177
1762116624,3402.28581 N,08408.84619 W,281.4,09,0.96,10.376,1.78,0.96,3.0071172851562498,3.5051112304687497,-8.200140686035155,-0.45038167938931295,32.221374045801525,-17.00763358778626,19.777058823529412
1762116625,3402.28581 N,08408.84619 W,281.4,09,0.96,10.376,1.78,0.96,3.1938650146484373,1.62805712890625,-4.292803576660156,0.5648854961832062,14.702290076335878,-22.52671755725191,19.635882352941177
1762116626,3402.28581 N,08408.84619 W,281.4,09,0.96,10.376,1.78,0.96,2.5354595581054684,2.214636535644531,-10.517727893066406,7.595419847328245,56.10687022900763,-96.41984732824427,19.635882352941177
1762116627,3402.28581 N,08408.84619 W,281.4,09,0.96,10.990,1.78,0.96,1.2114660400390624,3.076549133300781,-7.517793212890624,10.83969465648855,-12.977099236641221,-23.82442748091603,19.777058823529412
1762116628,3402.28581 N,08408.84619 W,281.4,09,0.96,10.990,1.78,0.96,3.42849677734375,2.059013427734375,-6.093243225097656,20.549618320610687,5.908396946564886,-39.587786259541986,19.73
1762116629,3402.28284 N,08408.84699 W,281.6,09,0.96,10.990,1.78,0.96,5.911283898925781,1.3120225097656248,-7.096413720703125,-32.458015267175576,-0.6870229007633588,-82.22900763358778,19.73
1762116630,3402.28284 N,08408.84699 W,281.6,09,0.96,10.990,1.78,0.96,1.8914193115234375,1.9201497314453124,-6.476315490722656,14.51908396946565,-60.82442748091603,-66.99236641221374,19.68294117647059
1762116631,3402.28284 N,08408.84699 W,281.6,09,0.96,10.990,1.78,0.96,2.2194249389648437,2.4564509033203126,-6.490680700683593,26.068702290076335,2.3587786259541983,-41.16030534351145,19.68294117647059
1762116632,3402.28284 N,08408.84699 W,281.6,09,0.96,10.990,1.78,0.96,1.0438719238281249,3.1028853515624997,-7.934384301757812,41.908396946564885,-12.877862595419847,-23.404580152671755,19.68294117647059
1762116633,3402.28284 N,08408.84699 W,281.6,09,0.96,10.990,1.78,0.96,1.2593500732421874,4.189852905273438,-10.759542260742187,4.656488549618321,-18.923664122137403,-24.061068702290076,19.68294117647059
1762116634,3402.28284 N,08408.84699 W,281.6,09,0.96,10.990,1.78,0.96,0.8499415893554687,16.9701013671875,-10.081983190917969,-66.90839694656489,-66.6793893129771,-250.13740458015266,19.635882352941177
1762116635,3402.28284 N,08408.84699 W,281.6,09,0.96,10.990,1.78,0.96,-2.360682836914062,-0.23223756103515625,-11.796231579589843,-42.29007633587786,17.290076335877863,17.916030534351144,19.68294117647059
1762116637,3402.28284 N,08408.84699 W,281.6,09,0.96,12.394,1.78,0.96,1.3048399047851562,0.36391865234375,-10.884040747070312,26.458015267175572,6.625954198473282,27.49618320610687,19.73
1762116638,3402.28284 N,08408.84699 W,281.6,09,0.96,12.394,1.78,0.96,-0.20350714111328125,-0.02633621826171875,-5.413289953613281,75.65648854961832,31.015267175572518,-28.770992366412212,19.588823529411766
1762116639,3402.27965 N,08408.84618 W,281.7,09,0.96,12.394,1.78,0.96,-0.32561142578124996,0.1292868896484375,-15.931017846679687,-32.083969465648856,5.137404580152672,-115.53435114503817,19.68294117647059
1762116640,3402.27965 N,08408.84618 W,281.7,09,0.96,12.394,1.78,0.96,-5.049371301269531,1.1611878051757811,-14.726734411621093,12.083969465648854,2.381679389312977,67.41984732824427,19.68294117647059
1762116641,3402.27965 N,08408.84618 W,281.7,09,0.96,12.394,1.78,0.96,2.231395947265625,0.5626373901367188,-2.999934680175781,-64.2442748091603,6.763358778625954,19.709923664122137,19.68294117647059
1762116642,3402.27965 N,08408.84618 W,281.7,09,0.96,12.394,1.78,0.96,-2.0566192260742184,0.02154781494140625,-5.104437939453125,-2.2748091603053435,-21.641221374045802,-71.76335877862596,19.68294117647059
1762116643,3402.27965 N,08408.84618 W,281.7,09,0.96,12.394,1.78,0.96,-4.359841223144531,-3.0119056884765625,-19.201497314453125,63.87786259541985,3.7557251908396947,150.75572519083968,19.541764705882354
1762116644,3402.27965 N,08408.84618 W,281.7,09,0.96,12.394,1.78,0.96,5.585672473144531,-2.2361843505859373,-8.942343200683593,-19.931297709923665,-15.84732824427481,-97.89312977099236,19.635882352941177
1762116645,3402.27965 N,08408.84618 W,281.7,09,0.96,12.394,1.78,0.96,-0.1149216796875,0.9002198242187499,-8.080430603027343,12.549618320610687,-53.458015267175576,-8.557251908396946,19.588823529411766
1762116646,3402.27965 N,08408.84618 W,281.7,09,0.96,12.013,1.78,0.96,-3.6679169433593746,4.225765930175781,-13.893552233886718,-30.16030534351145,-41.20610687022901,46.06106870229008,19.635882352941177
1762116647,3402.27965 N,08408.84618 W,281.7,09,0.96,12.013,1.78,0.96,-1.199495031738281,1.5705962890624998,-11.109095703125,-42.16030534351145,-1.6870229007633588,46.56488549618321,19.541764705882354
1762116648,3402.27652 N,08408.84391 W,281.9,09,0.96,12.013,1.78,0.96,-2.530671154785156,0.3184288208007812,-10.764330664062498,7.541984732824427,7.404580152671755,38.038167938931295,19.494705882352942
1762116649,3402.27652 N,08408.84391 W,281.9,09,0.96,12.013,1.78,0.96,-0.833182177734375,1.7908628417968748,-10.85291612548828,5.1679389312977095,1.8931297709923665,-41.045801526717554,19.494705882352942
1762116650,3402.27652 N,08408.84391 W,281.9,09,0.96,12.013,1.78,0.96,-1.0414777221679687,3.8690298828125,-11.652579479980469,18.572519083969464,-38.20610687022901,-26.0,19.541764705882354
1762116651,3402.27652 N,08408.84391 W,281.9,09,0.96,12.013,1.78,0.96,0.7517793212890624,3.0741549316406247,-11.891999645996092,-16.68702290076336,18.236641221374047,15.404580152671755,19.494705882352942
1762116652,3402.27652 N,08408.84391 W,281.9,09,0.96,12.013,1.78,0.96,-1.0271125122070313,3.246537451171875,-11.97100830078125,-11.381679389312977,-10.511450381679388,9.603053435114504,19.541764705882354
1762116653,3402.27652 N,08408.84391 W,281.9,09,0.96,12.013,1.78,0.96,0.5434837768554687,4.220977526855468,-14.097059374999999,17.427480916030536,26.72519083969466,-25.3206106870229,19.588823529411766
1762116654,3402.27652 N,08408.84391 W,281.9,09,0.96,12.013,1.78,0.96,0.8499415893554687,3.6655227416992187,-8.851363537597656,0.7709923664122137,-14.038167938931299,-23.419847328244273,19.494705882352942
1762116655,3402.27652 N,08408.84391 W,281.9,09,0.96,13.620,1.78,0.96,1.678335363769531,3.6272155151367187,-6.308721374511719,-36.732824427480914,23.47328244274809,-14.297709923664122,19.635882352941177
1762116656,3402.27652 N,08408.84391 W,281.9,09,0.96,13.620,1.78,0.96,1.7693150268554687,3.057395520019531,-5.980715747070312,-25.954198473282442,29.35114503816794,-24.396946564885496,19.588823529411766
1762116657,3402.27347 N,08408.84125 W,282.1,09,0.96,13.620,1.78,0.96,1.7501614135742187,2.29843359375,-4.781220715332031,-53.541984732824424,2.427480916030534,-31.34351145038168,19.588823529411766
1762116658,3402.27347 N,08408.84125 W,282.1,09,0.96,13.620,1.78,0.96,1.5658078857421873,2.24097275390625,-5.274426257324219,-55.35114503816794,11.511450381679388,-48.93129770992366,19.494705882352942
1762116659,3402.27347 N,08408.84125 W,282.1,09,0.96,13.620,1.78,0.96,2.29843359375,1.7812860351562498,-6.64630380859375,48.274809160305345,16.27480916030534,-33.534351145038165,19.494705882352942
1762116660,3402.27347 N,08408.84125 W,282.1,09,0.96,13.620,1.78,0.96,1.426944189453125,1.7884686401367187,-8.573636145019531,-69.70992366412214,-39.9236641221374,-99.86259541984732,19.541764705882354
1762116661,3402.27347 N,08408.84125 W,282.1,09,0.96,13.620,1.78,0.96,2.5761609863281247,1.7381904052734374,-11.326968054199218,-18.572519083969464,6.366412213740458,29.213740458015266,19.541764705882354
1762116662,3402.27347 N,08408.84125 W,282.1,09,0.96,13.620,1.78,0.96,-0.5578489868164063,5.2624552490234375,-11.743559143066406,-36.12213740458015,-22.267175572519083,-0.8931297709923665,19.494705882352942
1762116663,3402.27347 N,08408.84125 W,282.1,09,0.96,13.620,1.78,0.96,1.3814543579101561,0.8834604125976562,-13.974955090332031,-68.65648854961832,64.52671755725191,61.595419847328245,19.588823529411766
1762116664,3402.27347 N,08408.84125 W,282.1,09,0.96,14.774,1.78,0.96,-0.4070142822265625,3.727771984863281,-14.161702819824217,47.045801526717554,-48.954198473282446,-40.221374045801525,19.40058823529412
1762116665,3402.27347 N,08408.84125 W,282.1,09,0.96,14.774,1.78,0.96,1.0390835205078124,4.149151477050781,-10.98699141845703,6.9541984732824424,11.427480916030534,8.251908396946565,19.40058823529412
1762116666,3402.27003 N,08408.83851 W,282.4,09,0.96,14.774,1.78,0.96,2.5953145996093747,4.264073156738281,-8.482656481933594,-12.50381679389313,-23.85496183206107,45.404580152671755,19.40058823529412
1762116667,3402.27003 N,08408.83851 W,282.4,09,0.96,14.774,1.78,0.96,1.7429788085937499,1.6256629272460936,-10.225635290527343,-29.82442748091603,38.221374045801525,-34.81679389312977,19.494705882352942
1762116668,3402.27003 N,08408.83851 W,282.4,09,0.96,14.774,1.78,0.96,-0.258573779296875,-7.053318090820312,-5.092466931152344,17.129770992366414,-72.29007633587786,-121.07633587786259,19.541764705882354
1762116669,3402.27003 N,08408.83851 W,282.4,09,0.96,14.774,1.78,0.96,2.6599580444335937,7.8338278320312495,-15.655684655761718,8.526717557251908,-39.0763358778626,103.51908396946565,19.353529411764708
1762116670,3402.27003 N,08408.83851 W,282.4,09,0.96,14.774,1.78,0.96,4.386177441406249,-1.8004396484374998,-3.210624426269531,-30.458015267175572,19.6793893129771,-37.56488549618321,19.44764705882353
1762116671,3402.27003 N,08408.83851 W,282.4,09,0.96,14.774,1.78,0.96,-3.076549133300781,2.422932080078125,-0.24660277099609373,65.83206106870229,-58.954198473282446,-78.9618320610687,19.40058823529412
1762116672,3402.27003 N,08408.83851 W,282.4,09,0.96,14.774,1.78,0.96,2.2457611572265623,3.4069489624023435,-11.537657800292967,32.587786259541986,-49.58015267175573,23.47328244274809,19.44764705882353
1762116673,3402.27003 N,08408.83851 W,282.4,09,0.96,15.356,1.78,0.96,0.51714755859375,2.636016027832031,-19.6133,11.931297709923664,29.18320610687023,-79.35114503816794,19.40058823529412
1762116674,3402.27003 N,08408.83851 W,282.4,09,0.96,15.356,1.78,0.96,-2.370259643554687,2.987963671875,-2.3774422485351563,-67.29770992366412,19.404580152671755,33.58015267175573,19.44764705882353
1762116675,3402.26632 N,08408.83596 W,282.3,09,0.96,15.356,1.78,0.96,0.8164227661132812,1.1037269653320312,-3.3303345092773435,119.80152671755725,-102.93129770992367,33.725190839694655,19.306470588235296
1762116676,3402.26632 N,08408.83596 W,282.3,09,0.96,15.356,1.78,0.96,2.636016027832031,5.88015927734375,-18.356344128417966,-39.87022900763359,110.7175572519084,-72.23664122137404,19.306470588235296
1762116677,3402.26632 N,08408.83596 W,282.3,09,0.96,15.356,1.78,0.96,-1.9919757812499999,2.2960393920898436,-7.8721350585937495,-23.53435114503817,55.83969465648855,10.908396946564885,19.259411764705884
1762116678,3402.26632 N,08408.83596 W,282.3,09,0.96,15.356,1.78,0.96,-1.608903515625,4.187458703613281,-9.840168823242188,-17.106870229007633,-14.091603053435115,34.06106870229008,19.40058823529412
1762116679,3402.26632 N,08408.83596 W,282.3,09,0.96,15.356,1.78,0.96,-1.429338391113281,5.667075329589843,-11.602301245117188,10.541984732824428,-38.916030534351144,-31.83969465648855,19.259411764705884
1762116680,3402.26632 N,08408.83596 W,282.3,09,0.96,15.356,1.78,0.96,1.7453730102539062,5.609614489746093,-8.762778076171875,1.213740458015267,-13.17557251908397,0.04580152671755725,19.259411764705884
1762116681,3402.26632 N,08408.83596 W,282.3,09,0.96,15.356,1.78,0.96,3.1555577880859373,3.0023288818359375,-11.901576452636718,-16.053435114503817,27.47328244274809,41.93129770992366,19.353529411764708
1762116682,3402.26632 N,08408.83596 W,282.3,09,0.96,15.220,1.78,0.96,0.9576806640625,5.200206005859375,-10.828974108886719,-13.083969465648854,-11.954198473282442,-15.648854961832061,19.306470588235296
1762116683,3402.26632 N,08408.83596 W,282.3,09,0.96,15.220,1.78,0.96,-0.0909796630859375,5.2433016357421875,-13.364433666992186,27.80916030534351,11.236641221374045,-126.45801526717557,19.306470588235296
1762116684,3402.26254 N,08408.83366 W,282.3,09,1.41,15.220,1.78,0.96,-0.201112939453125,5.130774157714844,-12.184092248535155,33.282442748091604,-52.595419847328245,-81.34351145038168,19.306470588235296
1762116685,3402.26254 N,08408.83366 W,282.3,09,1.41,15.220,2.34,1.41,2.308010400390625,4.560954162597656,-7.244854223632812,-11.183206106870228,24.702290076335878,-11.564885496183207,19.259411764705884
1762116686,3402.26254 N,08408.83366 W,282.3,09,1.41,15.220,2.34,1.41,1.2018892333984375,4.050989208984375,-7.268796240234375,-53.6412213740458,56.80152671755725,-25.14503816793893,19.306470588235296
1762116687,3402.26254 N,08408.83366 W,282.3,09,1.41,15.220,2.34,1.41,1.7405846069335937,1.637633935546875,-4.352658618164062,-9.534351145038167,58.19083969465649,-6.641221374045801,19.306470588235296
1762116688,3402.26254 N,08408.83366 W,282.3,09,1.41,15.220,2.34,1.41,1.3144167114257812,2.080561242675781,-6.124367846679687,-9.419847328244275,14.427480916030534,-46.62595419847328,18.459411764705884
1762116689,3402.26254 N,08408.83366 W,282.3,09,1.41,15.220,2.34,1.41,0.14604630126953125,2.1643583007812497,-9.588777648925781,-3.3282442748091605,30.862595419847327,19.916030534351144,19.212352941176473
1762116690,3402.26254 N,08408.83366 W,282.3,09,1.41,15.220,2.34,1.41,-2.7748797241210936,3.526659045410156,-15.382745666503906,42.57251908396947,-90.8473282442748,-112.81679389312977,19.212352941176473
1762116691,3402.26254 N,08408.83366 W,282.3,09,1.41,15.047,2.34,1.41,-0.19632453613281248,5.2456958374023435,-13.845668200683592,-3.9389312977099236,-10.702290076335878,18.68702290076336,18.553529411764707
1762116692,3402.26254 N,08408.83366 W,282.3,09,1.41,15.047,2.34,1.41,3.0358477050781247,5.236119030761718,-9.265560424804686,-53.06106870229008,23.480916030534353,22.85496183206107,18.459411764705884
1762116693,3402.25879 N,08408.83142 W,282.3,09,1.41,15.047,2.34,1.41,2.104503259277344,3.507505432128906,-4.498704919433593,-29.16030534351145,22.366412213740457,46.87786259541985,19.212352941176473
1762116694,3402.25879 N,08408.83142 W,282.3,09,1.41,15.047,2.34,1.41,2.128445275878906,3.0789433349609374,-4.991910461425781,-27.267175572519083,50.81679389312977,83.06106870229007,19.918235294117647
1762116695,3402.25879 N,08408.83142 W,282.3,09,1.41,15.047,2.34,1.41,2.7246014892578123,1.1252747802734375,-7.738059765625,33.06870229007634,17.076335877862597,32.42748091603053,18.459411764705884
1762116696,3402.25879 N,08408.83142 W,282.3,09,1.41,15.047,2.34,1.41,-0.8020575561523438,4.474762902832031,-6.054935998535156,-8.251908396946565,-33.58015267175573,43.12977099236641,19.212352941176473
1762116697,3402.25879 N,08408.83142 W,282.3,09,1.41,15.047,2.34,1.41,0.7613561279296874,2.9448680419921875,-7.232883215332031,-46.221374045801525,-42.01526717557252,28.633587786259543,19.259411764705884
1762116698,3402.25879 N,08408.83142 W,282.3,09,1.41,15.047,2.34,1.41,-2.1499930908203124,3.1866824096679687,-10.149020837402343,-11.091603053435115,-91.54961832061069,-30.564885496183205,18.459411764705884
1762116699,3402.25879 N,08408.83142 W,282.3,09,1.41,15.047,2.34,1.41,-2.023100402832031,1.838746875,-12.785036865234375,19.290076335877863,-28.053435114503817,-24.374045801526716,19.16529411764706
1762116700,3402.25879 N,08408.83142 W,282.3,09,1.41,15.051,2.34,1.41,-1.8650830932617186,5.853823059082031,-10.649408984374999,38.29007633587786,19.03053435114504,-20.641221374045802,19.11823529411765
1762116701,3402.25879 N,08408.83142 W,282.3,09,1.41,15.051,2.34,1.41,2.73896669921875,1.6807295654296874,-8.86094034423828,25.03053435114504,35.06106870229008,-20.328244274809162,18.506470588235295
1762116702,3402.25522 N,08408.82868 W,282.3,09,0.96,15.051,2.34,1.41,2.920926025390625,2.085349645996094,-5.664681127929687,-28.12213740458015,56.25954198473283,-53.79389312977099,19.918235294117647
1762116703,3402.25522 N,08408.82868 W,282.3,09,0.96,15.051,1.78,0.96,2.4349030883789062,0.6368576416015624,-4.862623571777344,-25.65648854961832,47.44274809160305,-27.083969465648856,19.16529411764706
1762116704,3402.25522 N,08408.82868 W,282.3,09,0.96,15.051,1.78,0.96,1.4532804077148436,1.0941501586914062,-5.892130285644531,10.83969465648855,63.732824427480914,-50.94656488549618,18.459411764705884
1762116705,3402.25522 N,08408.82868 W,282.3,09,0.96,15.051,1.78,0.96,-1.429338391113281,1.8818425048828125,-8.128314636230469,46.343511450381676,7.916030534351145,44.916030534351144,18.459411764705884
1762116706,3402.25522 N,08408.82868 W,282.3,09,0.96,15.051,1.78,0.96,0.38786066894531246,2.729389892578125,-11.52329259033203,54.458015267175576,-40.52671755725191,84.48091603053435,18.459411764705884
1762116707,3402.25522 N,08408.82868 W,282.3,09,0.96,15.051,1.78,0.96,-0.2346317626953125,3.603273498535156,-9.176974963378905,0.3893129770992366,-12.022900763358779,-6.251908396946565,19.11823529411765
1762116708,3402.25522 N,08408.82868 W,282.3,09,0.96,15.460,1.78,0.96,1.5275006591796874,1.0342951171875,-9.435548742675781,-18.267175572519083,3.145038167938931,24.442748091603054,19.212352941176473
1762116709,3402.25522 N,08408.82868 W,282.3,09,0.96,15.460,1.78,0.96,2.3319524169921872,4.546588952636719,-10.960655200195312,-40.152671755725194,-79.93893129770993,79.57251908396947,19.918235294117647
1762116710,3402.25198 N,08408.82518 W,282.4,09,0.96,15.460,1.78,0.96,2.4301146850585935,2.882618798828125,-7.611167077636718,6.587786259541985,4.083969465648855,41.17557251908397,19.16529411764706
1762116711,3402.25198 N,08408.82518 W,282.4,09,0.96,15.460,1.78,0.96,0.6344634399414062,2.528276953125,-11.516109985351562,-46.56488549618321,-11.198473282442748,22.770992366412212,18.459411764705884
1762116712,3402.25198 N,08408.82518 W,282.4,09,0.96,15.460,1.78,0.96,3.459621398925781,2.6336218261718747,-6.323086584472656,-15.687022900763358,13.17557251908397,-29.83969465648855,18.459411764705884
1762116713,3402.25198 N,08408.82518 W,282.4,09,0.96,15.460,1.78,0.96,1.0678139404296874,1.1875240234375,-8.262389929199218,-5.091603053435114,-6.320610687022901,-10.251908396946565,19.918235294117647
1762116714,3402.25198 N,08408.82518 W,282.4,09,0.96,15.460,1.78,0.96,-1.0079588989257813,1.1109095703125,-12.050016955566406,-13.427480916030534,-59.595419847328245,-70.77099236641222,18.459411764705884
1762116715,3402.25198 N,08408.82518 W,282.4,09,0.96,15.460,1.78,0.96,0.6081272216796875,2.540247961425781,-12.287042919921875,24.404580152671755,18.81679389312977,73.99236641221374,19.11823529411765
1762116716,3402.25198 N,08408.82518 W,282.4,09,0.96,17.824,1.78,0.96,1.0606313354492187,2.4779987182617185,-12.598289135742187,2.7557251908396947,11.755725190839694,0.4732824427480916,19.11823529411765
1762116717,3402.25198 N,08408.82518 W,282.4,09,0.96,17.824,1.78,0.96,2.243366955566406,2.750937707519531,-8.137891442871092,9.17557251908397,-25.87786259541985,17.244274809160306,19.11823529411765
1762116718,3402.24901 N,08408.82055 W,282.4,09,0.96,17.824,1.78,0.96,0.7924807495117187,1.8148048583984373,-3.8474820678710935,-28.625954198473284,5.236641221374046,52.969465648854964,19.918235294117647
1762116719,3402.24901 N,08408.82055 W,282.4,09,0.96,17.824,1.78,0.96,0.6871358764648438,2.729389892578125,-7.326257080078125,-0.9618320610687023,-20.931297709923665,10.587786259541986,19.212352941176473
1762116720,3402.24901 N,08408.82055 W,282.4,09,0.96,17.824,1.78,0.96,-2.080561242675781,2.806004345703125,-9.062053283691405,-5.717557251908397,-6.99236641221374,-13.595419847328245,19.16529411764706
1762116721,3402.24901 N,08408.82055 W,282.4,09,0.96,17.824,1.78,0.96,-1.0558429321289062,3.1483751831054687,-11.686098303222655,-16.580152671755727,-3.7404580152671754,-17.541984732824428,19.071176470588238
1762116722,3402.24901 N,08408.82055 W,282.4,09,0.96,17.824,1.78,0.96,-1.8148048583984373,2.6815058593749996,-11.643002673339844,-24.64885496183206,-1.717557251908397,6.916030534351145,19.16529411764706
1762116723,3402.24901 N,08408.82055 W,282.4,09,0.96,17.824,1.78,0.96,0.5027823486328125,2.750937707519531,-7.000645654296875,-5.3893129770992365,2.931297709923664,-5.763358778625954,19.16529411764706
1762116724,3402.24901 N,08408.82055 W,282.4,09,0.96,22.753,1.78,0.96,-1.2641384765625,2.2601263671875,-10.481814868164061,-26.328244274809162,-22.16793893129771,-12.381679389312977,19.918235294117647
1762116725,3402.24901 N,08408.82055 W,282.4,09,0.96,22.753,1.78,0.96,2.8850130004882812,2.2002713256835937,-9.560047229003906,0.13740458015267176,-2.564885496183206,-14.427480916030534,19.16529411764706
1762116726,3402.24622 N,08408.81411 W,282.4,09,0.96,22.753,1.78,0.96,1.2617442749023438,3.2537200561523436,-12.883199133300781,7.740458015267175,8.381679389312977,-120.23664122137404,19.11823529411765
1762116727,3402.24622 N,08408.81411 W,282.4,09,0.96,22.753,1.78,0.96,-2.2481553588867187,5.702988354492187,-11.793837377929687,-73.38931297709924,-22.595419847328245,154.7175572519084,19.16529411764706
1762116728,3402.24622 N,08408.81411 W,282.4,09,0.96,22.753,1.78,0.96,2.8036101440429686,-3.3782185424804685,-1.608903515625,-6.7251908396946565,14.961832061068701,40.274809160305345,19.071176470588238
1762116729,3402.24622 N,08408.81411 W,282.4,09,0.96,22.753,1.78,0.96,-0.6536170532226562,2.6431986328124997,-10.702081420898438,50.274809160305345,5.717557251908397,-143.08396946564886,19.11823529411765
1762116730,3402.24622 N,08408.81411 W,282.4,09,0.96,22.753,1.78,0.96,-1.3335703247070312,8.975862023925782,-19.6133,-41.32824427480916,-43.23664122137404,143.70229007633588,19.11823529411765
1762116731,3402.24622 N,08408.81411 W,282.4,09,0.96,22.753,1.78,0.96,3.7517140014648436,-4.067748620605468,-1.2832920898437499,48.99236641221374,-17.435114503816795,84.51908396946565,19.16529411764706
1762116733,3402.24622 N,08408.81411 W,282.4,09,0.96,23.184,1.78,0.96,2.999934680175781,3.603273498535156,-12.373234179687499,33.38167938931298,110.5114503816794,-96.46564885496183,19.071176470588238
1762116734,3402.24622 N,08408.81411 W,282.4,09,0.96,23.184,1.78,0.96,-1.838746875,7.920019091796875,-8.971073620605468,5.641221374045801,-39.61068702290076,99.06106870229007,19.024117647058823
1762116735,3402.24380 N,08408.80683 W,282.2,09,0.96,23.184,1.78,0.96,2.1308394775390624,-1.898601916503906,-1.9033903198242186,-31.12213740458015,-22.763358778625953,64.81679389312977,19.16529411764706
1762116736,3402.24380 N,08408.80683 W,282.2,09,0.96,23.184,1.78,0.96,4.3622354248046875,1.8411410766601561,-10.687716210937499,4.412213740458015,-21.557251908396946,-85.02290076335878,18.93
1762116737,3402.24380 N,08408.80683 W,282.2,09,0.96,23.184,1.78,0.96,-1.0941501586914062,7.812280017089844,-13.891158032226562,13.625954198473282,-11.938931297709924,106.3206106870229,19.16529411764706
1762116738,3402.24380 N,08408.80683 W,282.2,09,0.96,23.184,1.78,0.96,4.3813890380859375,-3.651157531738281,-0.28969840087890625,-22.137404580152673,-19.198473282442748,-46.93129770992366,19.071176470588238
1762116739,3402.24380 N,08408.80683 W,282.2,09,0.96,23.184,1.78,0.96,-0.42377369384765623,2.370259643554687,-3.718195178222656,44.786259541984734,-7.106870229007634,-101.16793893129771,19.024117647058823
1762116740,3402.24380 N,08408.80683 W,282.2,09,0.96,23.184,1.78,0.96,4.714183068847656,13.5990654296875,-19.6133,-67.02290076335878,-138.2824427480916,52.51908396946565,19.071176470588238
1762116741,3402.24380 N,08408.80683 W,282.2,09,0.96,22.349,1.78,0.96,2.952050646972656,-3.1555577880859373,-5.288791467285156,4.778625954198473,73.87022900763358,-62.19083969465649,19.024117647058823
1762116742,3402.24380 N,08408.80683 W,282.2,09,0.96,22.349,1.78,0.96,-0.8714894042968749,2.786850732421875,-2.839523168945312,45.81679389312977,-36.19083969465649,-88.08396946564885,18.97705882352941
1762116743,3402.24163 N,08408.79967 W,282.0,09,0.96,22.349,1.78,0.96,2.8993782104492185,9.141061938476563,-10.031704956054687,-18.801526717557252,-89.8854961832061,45.05343511450382,18.97705882352941
1762116744,3402.24163 N,08408.79967 W,282.0,09,0.96,22.349,1.78,0.96,4.371812231445312,6.495469104003906,-13.986926098632813,64.06870229007633,80.31297709923665,-203.31297709923663,19.071176470588238
1762116745,3402.24163 N,08408.79967 W,282.0,09,0.96,22.349,1.78,0.96,-4.228160131835938,5.367800122070312,-1.197100830078125,-24.206106870229007,39.30534351145038,70.5114503816794,19.024117647058823
1762116746,3402.24163 N,08408.79967 W,282.0,09,0.96,22.349,1.78,0.96,2.8730419921875,-0.45489831542968745,-3.5529952636718747,28.954198473282442,-26.480916030534353,41.32824427480916,19.071176470588238
1762116747,3402.24163 N,08408.79967 W,282.0,09,0.96,22.349,1.78,0.96,0.0718260498046875,6.770802294921874,-18.49041942138672,55.79389312977099,97.61068702290076,-149.6793893129771,18.93
1762116748,3402.24163 N,08408.79967 W,282.0,09,0.96,22.349,1.78,0.96,-0.5530605834960938,2.93050283203125,-7.884106066894531,-7.99236641221374,37.969465648854964,-45.786259541984734,18.93
1762116749,3402.24163 N,08408.79967 W,282.0,09,0.96,20.374,1.78,0.96,0.32082302246093747,5.248090039062499,-9.179369165039063,-25.068702290076335,-13.251908396946565,10.98473282442748,19.024117647058823
1762116750,3402.24163 N,08408.79967 W,282.0,09,0.96,20.374,1.78,0.96,0.24899697265624998,7.819462622070312,-11.058817468261719,5.106870229007634,-8.213740458015268,-53.83969465648855,18.97705882352941
1762116751,3402.23945 N,08408.79317 W,281.9,09,0.96,20.374,1.78,0.96,1.6208745239257811,7.764395983886718,-9.014169250488282,20.34351145038168,-7.549618320610687,-12.229007633587786,18.97705882352941
1762116752,3402.23945 N,08408.79317 W,281.9,09,0.96,20.374,1.78,0.96,-0.19871873779296872,4.6998178588867185,-6.706158850097656,-45.19847328244275,-6.419847328244275,41.16793893129771,19.071176470588238
1762116753,3402.23945 N,08408.79317 W,281.9,09,0.96,20.374,1.78,0.96,-1.5107412475585937,5.877765075683594,-11.367669482421874,-65.90839694656489,20.778625954198475,22.82442748091603,19.071176470588238
1762116754,3402.23945 N,08408.79317 W,281.9,09,0.96,20.374,1.78,0.96,-3.1292215698242187,2.2266075439453124,-12.387599389648436,11.969465648854962,5.2748091603053435,-6.572519083969466,18.97705882352941
1762116755,3402.23945 N,08408.79317 W,281.9,09,0.96,20.374,1.78,0.96,0.9720458740234375,5.973533142089844,-11.537657800292967,-4.236641221374046,21.541984732824428,-6.236641221374046,18.97705882352941
1762116756,3402.23945 N,08408.79317 W,281.9,09,0.96,20.374,1.78,0.96,2.6910826660156246,4.477157104492187,-6.986280444335937,-9.274809160305344,18.221374045801525,-14.145038167938932,19.024117647058823
1762116757,3402.23945 N,08408.79317 W,281.9,09,0.96,19.901,1.78,0.96,0.41419688720703124,4.436455676269531,-12.514492077636717,-5.923664122137405,25.770992366412212,1.816793893129771,19.024117647058823
1762116758,3402.23945 N,08408.79317 W,281.9,09,0.96,19.901,1.78,0.96,2.932897033691406,3.88818349609375,-9.0788126953125,28.885496183206108,-40.534351145038165,-38.229007633587784,19.024117647058823
1762116759,3402.23596 N,08408.78766 W,281.8,09,0.96,19.901,1.78,0.96,0.2825157958984375,4.88417138671875,-6.174646081542968,-17.03053435114504,37.89312977099237,0.5419847328244275,18.97705882352941
1762116760,3402.23596 N,08408.78766 W,281.8,09,0.96,19.901,1.78,0.96,0.8978256225585937,4.012681982421875,-5.4707507934570305,-14.068702290076336,20.572519083969464,-1.7938931297709924,18.93
1762116761,3402.23596 N,08408.78766 W,281.8,09,0.96,19.901,1.78,0.96,0.47884033203125,2.8323405639648436,-5.444414575195312,-30.47328244274809,39.67175572519084,11.923664122137405,18.97705882352941
1762116762,3402.23596 N,08408.78766 W,281.8,09,0.96,19.901,1.78,0.96,0.7757213378906249,1.39821376953125,-5.858611462402344,-21.9618320610687,13.16793893129771,-30.213740458015266,18.882941176470588
1762116763,3402.23596 N,08408.78766 W,281.8,09,0.96,19.901,1.78,0.96,3.1842882080078123,0.9050082275390624,-4.333505004882812,-10.366412213740459,0.7251908396946565,-63.55725190839695,18.93
1762116764,3402.23596 N,08408.78766 W,281.8,09,0.96,19.901,1.78,0.96,0.6823474731445313,1.3239935180664062,-7.513004809570312,5.229007633587786,41.97709923664122,-26.091603053435115,18.97705882352941
1762116765,3402.23596 N,08408.78766 W,281.8,09,0.96,20.054,1.78,0.96,-1.1540052001953125,1.1156979736328125,-10.615890161132812,-36.42748091603053,48.3206106870229,-5.900763358778626,19.071176470588238
1762116766,3402.23596 N,08408.78766 W,281.8,09,0.96,20.054,1.78,0.96,-1.16837041015625,2.4492682983398435,-13.153743920898437,-47.3587786259542,-3.0839694656488548,39.13740458015267,18.93
1762116767,3402.23166 N,08408.78333 W,281.9,09,0.96,20.054,1.78,0.96,-1.8938135131835936,3.555389465332031,-13.397952490234374,-35.587786259541986,-16.786259541984734,-29.389312977099237,18.93
1762116768,3402.23166 N,08408.78333 W,281.9,09,0.96,20.054,1.78,0.96,0.8259995727539062,3.0214824951171875,-12.026074938964843,-18.282442748091604,16.251908396946565,43.33587786259542,18.97705882352941
1762116769,3402.23166 N,08408.78333 W,281.9,09,0.96,20.054,1.78,0.96,1.0989385620117187,6.60799658203125,-11.494562170410155,-25.923664122137403,52.94656488549618,39.396946564885496,18.93
1762116770,3402.23166 N,08408.78333 W,281.9,09,0.96,20.054,1.78,0.96,1.0199299072265624,4.065354418945312,-11.252747802734374,0.21374045801526717,-27.106870229007633,20.412213740458014,18.97705882352941
1762116771,3402.23166 N,08408.78333 W,281.9,09,0.96,20.054,1.78,0.96,4.053383410644531,3.1747114013671873,-7.671022119140624,-13.900763358778626,-23.564885496183205,24.564885496183205,19.024117647058823
1762116772,3402.23166 N,08408.78333 W,281.9,09,0.96,20.054,1.78,0.96,2.806004345703125,3.4811692138671875,-6.461950280761719,4.8396946564885495,11.297709923664122,56.66412213740458,18.93
1762116773,3402.23166 N,08408.78333 W,281.9,09,0.96,18.504,1.78,0.96,3.42849677734375,1.9680337646484374,-2.3487118286132813,1.099236641221374,-24.282442748091604,-10.099236641221374,19.024117647058823
1762116774,3402.23166 N,08408.78333 W,281.9,09,0.96,18.504,1.78,0.96,1.5849614990234373,2.0638018310546875,-6.749254479980468,22.206106870229007,-25.53435114503817,34.17557251908397,18.882941176470588
1762116775,3402.22760 N,08408.77968 W,281.7,09,0.96,18.504,1.78,0.96,0.36152445068359373,3.5146880371093747,-8.702923034667968,-1.183206106870229,-6.557251908396947,23.51145038167939,18.97705882352941
1762116776,3402.22760 N,08408.77968 W,281.7,09,0.96,18.504,1.78,0.96,-1.3096283081054687,3.612850305175781,-12.076353173828124,37.16030534351145,-14.32824427480916,-31.35114503816794,18.882941176470588
1762116777,3402.22760 N,08408.77968 W,281.7,09,0.96,18.504,1.78,0.96,2.1715409057617188,4.912901806640625,-10.149020837402343,-46.76335877862596,27.916030534351144,36.58015267175573,19.071176470588238
1762116778,3402.22760 N,08408.77968 W,281.7,09,0.96,18.504,1.78,0.96,2.461239306640625,5.513846423339843,-9.935936889648437,17.27480916030534,-31.96946564885496,-25.15267175572519,18.97705882352941
1762116779,3402.22760 N,08408.77968 W,281.7,09,0.96,18.504,1.78,0.96,3.6391865234374996,3.2800562744140622,-7.924807495117187,-40.13740458015267,42.25190839694657,11.938931297709924,18.93
1762116780,3402.22760 N,08408.77968 W,281.7,09,0.96,18.504,1.78,0.96,2.9951462768554684,2.408566870117187,-3.919308117675781,-22.99236641221374,35.38931297709924,-50.79389312977099,18.97705882352941
1762116781,3402.22760 N,08408.77968 W,281.7,09,0.96,16.157,1.78,0.96,2.379836450195312,1.8219874633789062,-4.88417138671875,-25.763358778625953,51.93129770992366,-36.49618320610687,18.97705882352941
1762116782,3402.22760 N,08408.77968 W,281.7,09,0.96,16.157,1.78,0.96,2.9735984619140625,3.0334535034179684,-7.802703210449218,-13.732824427480915,22.198473282442748,-26.83969465648855,18.97705882352941
1762116783,3402.22374 N,08408.77628 W,281.7,09,0.96,16.157,1.78,0.96,2.3726538452148436,1.9871873779296874,-8.588001354980468,-12.297709923664122,31.480916030534353,9.648854961832061,18.882941176470588
1762116784,3402.22374 N,08408.77628 W,281.7,09,0.96,16.157,1.78,0.96,1.6424223388671875,4.841075756835937,-13.254300390625,60.603053435114504,-58.23664122137404,-78.34351145038168,18.97705882352941
1762116785,3402.22374 N,08408.77628 W,281.7,09,0.96,16.157,1.78,0.96,1.0103531005859374,5.070919116210937,-12.210428466796873,-69.1145038167939,24.251908396946565,57.83969465648855,19.024117647058823
1762116786,3402.22374 N,08408.77628 W,281.7,09,0.96,16.157,1.78,0.96,3.5721488769531247,4.587290380859375,-12.217611071777343,10.305343511450381,-18.374045801526716,9.595419847328245,18.93
1762116787,3402.22374 N,08408.77628 W,281.7,09,0.96,16.157,1.78,0.96,3.6391865234374996,2.250549560546875,-5.430049365234375,-18.748091603053435,31.27480916030534,38.603053435114504,18.97705882352941
1762116788,3402.22374 N,08408.77628 W,281.7,09,0.96,16.157,1.78,0.96,1.458068811035156,3.8690298828125,-6.730100866699218,25.519083969465647,-21.47328244274809,9.13740458015267,18.882941176470588
1762116789,3402.22374 N,08408.77628 W,281.7,09,0.96,13.781,1.78,0.96,0.18914193115234373,5.456385583496093,-10.144232434082031,42.98473282442748,-43.52671755725191,12.923664122137405,19.024117647058823
1762116790,3402.22374 N,08408.77628 W,281.7,09,0.96,13.781,1.78,0.96,1.649604943847656,3.816357446289062,-12.31577333984375,-18.48854961832061,38.81679389312977,15.908396946564885,18.93
1762116791,3402.22102 N,08408.77263 W,281.6,09,0.96,13.781,1.78,0.96,4.8506525634765625,4.103661645507812,-12.643778967285156,16.908396946564885,-6.083969465648855,-54.099236641221374,19.024117647058823
1762116792,3402.22102 N,08408.77263 W,281.6,09,0.96,13.781,1.78,0.96,3.066972326660156,3.928884924316406,-5.616797094726562,-38.63358778625954,-25.870229007633586,92.98473282442748,19.024117647058823
1762116793,3402.22102 N,08408.77263 W,281.6,09,0.96,13.781,1.78,0.96,3.0262708984374997,1.9033903198242186,-7.137115148925781,23.908396946564885,2.3893129770992365,-82.03053435114504,19.024117647058823
1762116794,3402.22102 N,08408.77263 W,281.6,09,0.96,13.781,1.78,0.96,1.2425906616210938,2.549824768066406,-13.797784167480469,-4.358778625954199,29.015267175572518,-32.80152671755725,18.97705882352941
1762116795,3402.22102 N,08408.77263 W,281.6,09,0.96,13.781,1.78,0.96,2.7916391357421872,3.9695863525390624,-9.442731347656249,-18.52671755725191,-8.908396946564885,-3.6717557251908395,18.97705882352941
1762116796,3402.22102 N,08408.77263 W,281.6,09,0.96,13.781,1.78,0.96,4.015076184082031,5.288791467285156,-11.109095703125,-12.51908396946565,-29.106870229007633,24.12213740458015,19.071176470588238
1762116797,3402.22102 N,08408.77263 W,281.6,09,0.96,10.372,1.78,0.96,4.163516687011718,3.277662072753906,-5.80354482421875,-14.534351145038167,-8.564885496183207,36.038167938931295,19.071176470588238
1762116798,3402.22102 N,08408.77263 W,281.6,09,0.96,10.372,1.78,0.96,2.3630770385742186,2.2936451904296873,-4.180276098632812,-3.5114503816793894,13.083969465648854,13.183206106870228,19.024117647058823
1762116799,3402.21937 N,08408.76926 W,281.5,09,0.96,10.372,1.78,0.96,0.33518823242187495,5.45877978515625,-10.16338604736328,-14.740458015267176,9.305343511450381,26.908396946564885,19.071176470588238
1762116800,3402.21937 N,08408.76926 W,281.5,09,0.96,10.372,1.78,0.96,2.308010400390625,4.647145422363281,-9.49300958251953,-6.877862595419847,0.8931297709923665,9.0,18.97705882352941
1762116801,3402.21937 N,08408.76926 W,281.5,09,0.96,10.372,1.78,0.96,4.283226770019531,3.83072265625,-8.487444885253906,9.67175572519084,-3.9923664122137406,-40.97709923664122,19.071176470588238
1762116802,3402.21937 N,08408.76926 W,281.5,09,0.96,10.372,1.78,0.96,2.9855694702148434,1.3670891479492187,-4.898536596679687,-28.213740458015266,44.29007633587786,-20.85496183206107,19.071176470588238
1762116803,3402.21937 N,08408.76926 W,281.5,09,0.96,10.372,1.78,0.96,2.1547814941406247,2.722207287597656,-8.935160595703124,23.740458015267176,-12.893129770992367,-15.412213740458014,19.11823529411765
1762116804,3402.21937 N,08408.76926 W,281.5,09,0.96,10.372,1.78,0.96,2.379836450195312,5.348646508789062,-12.811373083496093,5.870229007633588,-45.6412213740458,-15.251908396946565,18.97705882352941
1762116805,3402.21937 N,08408.76926 W,281.5,09,0.96,8.852,1.78,0.96,2.9735984619140625,6.138733056640625,-10.71884083251953,-19.80916030534351,-23.49618320610687,20.106870229007633,19.024117647058823
1762116806,3402.21937 N,08408.76926 W,281.5,09,0.96,8.852,1.78,0.96,3.380612744140625,3.423708374023437,-5.6215854980468745,6.916030534351145,-11.98473282442748,25.96946564885496,19.071176470588238
1762116807,3402.21813 N,08408.76658 W,281.5,09,0.96,8.852,1.78,0.96,0.5410895751953124,4.012681982421875,-7.129932543945312,27.267175572519083,-5.7251908396946565,21.793893129770993,19.024117647058823
1762116808,3402.21813 N,08408.76658 W,281.5,09,0.96,8.852,1.78,0.96,0.9648632690429687,5.078101721191406,-10.984597216796875,11.49618320610687,-34.01526717557252,-1.9618320610687023,19.024117647058823
1762116809,3402.21813 N,08408.76658 W,281.5,09,0.96,8.852,1.78,0.96,1.2737152832031249,4.735730883789063,-11.48498536376953,9.053435114503817,-1.3358778625954197,-15.229007633587786,19.11823529411765
1762116810,3402.21813 N,08408.76658 W,281.5,09,0.96,8.852,1.78,0.96,1.01514150390625,2.616862414550781,-5.930437512207031,-13.572519083969466,9.251908396946565,16.221374045801525,19.024117647058823
1762116811,3402.21813 N,08408.76658 W,281.5,09,0.96,8.852,1.78,0.96,-0.5626373901367188,2.5953145996093747,-14.381969372558594,12.038167938931299,-56.12213740458015,-84.00763358778626,19.11823529411765
1762116812,3402.21813 N,08408.76658 W,281.5,09,0.96,8.852,1.78,0.96,2.2266075439453124,3.909731311035156,-11.054029064941405,-9.106870229007633,19.47328244274809,12.717557251908397,19.11823529411765
1762116813,3402.21813 N,08408.76658 W,281.5,09,0.96,9.447,1.78,0.96,2.8993782104492185,2.123656872558594,-5.935225915527344,6.0458015267175576,5.083969465648855,32.152671755725194,19.11823529411765
1762116814,3402.21813 N,08408.76658 W,281.5,09,0.96,9.447,1.78,0.96,-0.411802685546875,5.147533569335937,-8.611943371582031,-25.641221374045802,-48.98473282442748,40.83969465648855,19.071176470588238
1762116815,3402.21641 N,08408.76421 W,281.5,09,0.96,9.447,1.78,0.96,2.35589443359375,4.548983154296875,-10.17056865234375,-5.908396946564886,43.93129770992366,52.00763358778626,19.11823529411765
1762116816,3402.21641 N,08408.76421 W,281.5,09,0.96,9.447,1.78,0.96,3.5601778686523438,4.814739538574218,-9.694122521972655,3.8091603053435112,25.31297709923664,-13.312977099236642,19.16529411764706
1762116817,3402.21641 N,08408.76421 W,281.5,09,0.96,9.447,1.78,0.96,2.501940734863281,3.134009973144531,-5.406107348632812,3.2442748091603053,13.916030534351146,-1.4122137404580153,19.16529411764706
1762116818,3402.21641 N,08408.76421 W,281.5,09,0.96,9.447,1.78,0.96,2.308010400390625,2.50912333984375,-9.368511096191405,36.778625954198475,-12.282442748091603,-15.618320610687023,19.11823529411765
1762116819,3402.21641 N,08408.76421 W,281.5,09,0.96,9.447,1.78,0.96,-0.15083470458984374,4.235342736816406,-13.256694592285156,15.84732824427481,-42.61068702290076,-45.79389312977099,19.871176470588235
1762116820,3402.21641 N,08408.76421 W,281.5,09,0.96,9.447,1.78,0.96,0.7757213378906249,4.61602080078125,-11.645396875,-5.290076335877862,5.687022900763359,3.7251908396946565,19.11823529411765
1762116821,3402.21641 N,08408.76421 W,281.5,09,0.96,11.357,1.78,0.96,2.942473840332031,2.1547814941406247,-7.431601953125,10.801526717557252,-2.0229007633587788,33.61832061068702,19.11823529411765
1762116822,3402.21641 N,08408.76421 W,281.5,09,0.96,11.357,1.78,0.96,1.649604943847656,2.2481553588867187,-4.438849877929687,-33.6412213740458,23.870229007633586,50.43511450381679,19.871176470588235
1762116823,3402.21358 N,08408.76268 W,281.5,09,0.96,11.357,1.78,0.96,2.1739351074218747,4.544194750976562,-6.794744311523437,23.282442748091604,-43.412213740458014,17.076335877862597,19.071176470588238
1762116824,3402.21358 N,08408.76268 W,281.5,09,0.96,11.357,1.78,0.96,1.2569558715820313,3.438073583984375,-11.518504187011718,22.480916030534353,-39.091603053435115,-24.595419847328245,19.071176470588238
1762116825,3402.21358 N,08408.76268 W,281.5,09,0.96,11.357,1.78,0.96,0.6536170532226562,4.778826513671874,-11.128249316406249,-12.98473282442748,6.465648854961832,31.572519083969464,18.459411764705884
1762116826,3402.21358 N,08408.76268 W,281.5,09,0.96,11.357,1.78,0.96,3.071760729980469,2.829946362304687,-7.972691528320312,14.068702290076336,-2.7938931297709924,-31.717557251908396,18.506470588235295
1762116827,3402.21358 N,08408.76268 W,281.5,09,0.96,11.357,1.78,0.96,2.205059729003906,0.8786720092773437,-5.415684155273437,-34.213740458015266,21.14503816793893,-0.8549618320610687,19.16529411764706
1762116829,3402.21358 N,08408.76268 W,281.5,09,0.96,11.357,1.78,0.96,0.7302315063476562,2.712630480957031,-12.339715356445312,-18.137404580152673,3.9923664122137406,19.580152671755727,19.16529411764706
1762116830,3402.21358 N,08408.76268 W,281.5,09,0.96,13.480,1.78,0.96,1.47482822265625,2.8107927490234372,-11.173739147949219,-46.99236641221374,34.770992366412216,3.0916030534351147,19.071176470588238
1762116831,3402.21358 N,08408.76268 W,281.5,09,0.96,13.480,1.78,0.96,1.8746598999023436,3.411737365722656,-8.456320263671875,11.274809160305344,-4.587786259541985,38.595419847328245,19.918235294117647
1762116832,3402.21005 N,08408.76209 W,281.2,09,1.04,13.480,1.78,0.96,2.5139117431640625,2.2744915771484373,-4.1563340820312495,4.99236641221374,-6.312977099236641,49.06106870229008,19.871176470588235
1762116833,3402.21005 N,08408.76209 W,281.2,09,1.04,13.480,1.84,1.04,0.46686932373046874,2.1787235107421874,-5.343858105468749,0.5954198473282443,14.793893129770993,0.916030534351145,19.918235294117647
1762116834,3402.21005 N,08408.76209 W,281.2,09,1.04,13.480,1.84,1.04,-1.3311761230468748,3.9312791259765625,-12.67250938720703,-9.725190839694656,4.984732824427481,15.946564885496183,19.918235294117647
1762116835,3402.21005 N,08408.76209 W,281.2,09,1.04,13.480,1.84,1.04,-0.6967126831054687,3.797203833007812,-12.030863342285155,13.007633587786259,15.198473282442748,37.587786259541986,19.306470588235296
1762116836,3402.21005 N,08408.76209 W,281.2,09,1.04,13.480,1.84,1.04,3.375824340820312,2.9831752685546875,-7.6231380859375,12.954198473282442,-8.335877862595419,-26.396946564885496,18.553529411764707
1762116837,3402.21005 N,08408.76209 W,281.2,09,1.04,13.480,1.84,1.04,2.6336218261718747,0.93852705078125,-5.257666845703125,-38.74809160305343,32.68702290076336,-27.213740458015266,18.506470588235295
1762116838,3402.21005 N,08408.76209 W,281.2,09,1.04,15.134,1.84,1.04,2.375048046875,1.8028338500976562,-8.56166513671875,-17.061068702290076,1.0305343511450382,-0.9465648854961832,19.212352941176473
1762116839,3402.21005 N,08408.76209 W,281.2,09,1.04,15.134,1.84,1.04,3.1028853515624997,3.3446997192382812,-11.693280908203125,-28.076335877862597,15.16030534351145,-12.442748091603054,18.459411764705884
1762116840,3402.20610 N,08408.76218 W,281.0,09,1.03,15.134,1.84,1.04,4.886565588378906,3.0693665283203124,-9.892841259765625,36.969465648854964,46.29007633587786,35.6793893129771,18.459411764705884
1762116841,3402.20610 N,08408.76218 W,281.0,09,1.03,15.134,1.85,1.03,2.858676782226562,2.9759926635742184,-4.484339709472656,-16.229007633587788,-4.969465648854962,39.51145038167939,18.506470588235295
1762116842,3402.20610 N,08408.76218 W,281.0,09,1.03,15.134,1.85,1.03,0.948103857421875,3.6631285400390623,-8.647856396484375,1.9312977099236641,2.068702290076336,-2.946564885496183,19.259411764705884
1762116843,3402.20610 N,08408.76218 W,281.0,09,1.03,15.134,1.85,1.03,1.43652099609375,4.431667272949219,-10.91037696533203,6.267175572519084,9.587786259541986,50.38931297709924,19.212352941176473
1762116844,3402.20610 N,08408.76218 W,281.0,09,1.03,15.134,1.85,1.03,-0.8092401611328125,3.383006945800781,-11.568782421875,28.389312977099237,-3.1908396946564888,-15.732824427480915,19.212352941176473
1762116845,3402.20610 N,08408.76218 W,281.0,09,1.03,15.134,1.85,1.03,3.7038299682617186,2.5617957763671875,-5.717353564453124,-20.702290076335878,10.267175572519085,-44.93129770992366,19.11823529411765
1762116846,3402.20610 N,08408.76218 W,281.0,09,1.03,18.855,1.85,1.03,2.04943662109375,1.3479355346679687,-6.301538769531249,-34.36641221374046,24.083969465648856,-18.0381679389313,19.212352941176473
1762116847,3402.20610 N,08408.76218 W,281.0,09,1.03,18.855,1.85,1.03,2.4779987182617185,-0.44053310546874996,-12.76827745361328,46.20610687022901,57.221374045801525,-32.961832061068705,19.212352941176473
1762116848,3402.20117 N,08408.76227 W,280.6,08,1.03,18.855,1.85,1.03,1.4532804077148436,4.620809204101562,-11.008539233398437,-25.114503816793892,15.442748091603054,16.412213740458014,19.212352941176473
1762116849,3402.20117 N,08408.76227 W,280.6,08,1.03,18.855,1.85,1.03,1.4125789794921875,4.599261389160156,-8.396465222167969,-5.129770992366412,-45.35114503816794,23.923664122137403,19.212352941176473
1762116850,3402.20117 N,08408.76227 W,280.6,08,1.03,18.855,1.85,1.03,0.9576806640625,2.5905261962890624,-4.376600634765625,-5.488549618320611,11.335877862595419,40.083969465648856,19.306470588235296
1762116851,3402.20117 N,08408.76227 W,280.6,08,1.03,18.855,1.85,1.03,0.3854664672851562,4.170699291992188,-9.708487731933593,-15.908396946564885,9.801526717557252,29.015267175572518,19.871176470588235
1762116852,3402.20117 N,08408.76227 W,280.6,08,1.03,18.855,1.85,1.03,-0.488417138671875,4.053383410644531,-11.082759484863281,2.6030534351145036,-10.022900763358779,-19.900763358778626,18.459411764705884
1762116853,3402.20117 N,08408.76227 W,280.6,08,1.03,18.855,1.85,1.03,1.2330138549804688,3.873818286132812,-9.866505041503906,-42.38167938931298,-4.091603053435114,31.580152671755727,19.306470588235296
1762116854,3402.20117 N,08408.76227 W,280.6,08,1.03,20.969,1.85,1.03,3.2249896362304686,1.4341267944335936,-6.0333881835937495,-17.900763358778626,41.091603053435115,-64.18320610687023,19.212352941176473
1762116855,3402.20117 N,08408.76227 W,280.6,08,1.03,20.969,1.85,1.03,3.5410242553710933,1.867477294921875,-9.114725720214842,25.221374045801525,-5.625954198473282,-40.43511450381679,19.259411764705884
1762116856,3402.19562 N,08408.76243 W,280.3,09,1.03,20.969,1.85,1.03,0.9145850341796874,1.465251416015625,-12.176909643554687,-10.083969465648854,48.030534351145036,10.145038167938932,19.353529411764708
1762116857,3402.19562 N,08408.76243 W,280.3,09,1.03,20.969,1.85,1.03,3.1100679565429687,3.3542765258789062,-11.525686791992188,-13.83206106870229,-30.572519083969464,-10.702290076335878,19.259411764705884
1762116858,3402.19562 N,08408.76243 W,280.3,09,1.03,20.969,1.85,1.03,3.2920272827148436,3.1771056030273437,-6.323086584472656,10.183206106870228,-8.366412213740459,21.946564885496183,19.918235294117647
1762116859,3402.19562 N,08408.76243 W,280.3,09,1.03,20.969,1.85,1.03,1.16837041015625,4.005499377441406,-7.395688928222656,7.877862595419847,-18.48854961832061,20.549618320610687,19.306470588235296
1762116860,3402.19562 N,08408.76243 W,280.3,09,1.03,20.969,1.85,1.03,1.9656395629882812,6.1267620483398435,-11.106701501464842,35.00763358778626,-20.267175572519083,-6.320610687022901,19.306470588235296
1762116861,3402.19562 N,08408.76243 W,280.3,09,1.03,20.969,1.85,1.03,1.6903063720703124,3.842693664550781,-11.422736120605467,37.10687022900763,16.85496183206107,-60.87786259541985,19.306470588235296
1762116862,3402.19562 N,08408.76243 W,280.3,09,1.03,22.517,1.85,1.03,4.199429711914062,2.39420166015625,-5.465962390136719,-14.664122137404581,-11.778625954198473,-13.641221374045802,19.212352941176473
1762116863,3402.19562 N,08408.76243 W,280.3,09,1.03,22.517,1.85,1.03,2.3965958618164063,1.6352397338867186,-7.563283044433593,-12.725190839694656,9.534351145038167,12.427480916030534,19.306470588235296
1762116864,3402.18954 N,08408.76255 W,280.3,09,0.96,22.517,1.85,1.03,-1.4030021728515625,3.411737365722656,-13.000515014648437,16.96946564885496,-13.541984732824428,15.67175572519084,19.259411764705884
1762116865,3402.18954 N,08408.76255 W,280.3,09,0.96,22.517,1.78,0.96,0.7254431030273437,3.4931402221679684,-11.640608471679688,-14.404580152671755,-14.305343511450381,-24.9618320610687,19.306470588235296
1762116866,3402.18954 N,08408.76255 W,280.3,09,0.96,22.517,1.78,0.96,2.925714428710937,3.0358477050781247,-6.696582043457031,-5.877862595419847,-28.68702290076336,34.83206106870229,19.353529411764708
1762116867,3402.18954 N,08408.76255 W,280.3,09,0.96,22.517,1.78,0.96,1.5801730957031248,4.659116430664063,-7.721300354003906,-3.015267175572519,-20.633587786259543,19.251908396946565,19.40058823529412
1762116868,3402.18954 N,08408.76255 W,280.3,09,0.96,22.517,1.78,0.96,1.4173673828125,4.496310717773437,-10.314220751953124,1.6946564885496183,26.786259541984734,21.72519083969466,19.40058823529412
1762116869,3402.18954 N,08408.76255 W,280.3,09,0.96,22.517,1.78,0.96,2.3367408203125,4.228160131835938,-9.050082275390624,2.786259541984733,-19.595419847328245,-12.694656488549619,19.494705882352942
1762116870,3402.18954 N,08408.76255 W,280.3,09,0.96,21.299,1.78,0.96,2.408566870117187,2.578555187988281,-4.984727856445312,-28.099236641221374,16.557251908396946,-2.2519083969465647,19.353529411764708
1762116871,3402.18954 N,08408.76255 W,280.3,09,0.96,21.299,1.78,0.96,2.81558115234375,1.7908628417968748,-8.695740429687499,17.053435114503817,8.358778625954198,-42.778625954198475,19.40058823529412
1762116872,3402.18324 N,08408.76268 W,280.2,09,0.96,21.299,1.78,0.96,1.5514426757812498,4.642357019042969,-10.793061083984375,4.282442748091603,-24.984732824427482,2.687022900763359,19.44764705882353
1762116873,3402.18324 N,08408.76268 W,280.2,09,0.96,21.299,1.78,0.96,4.261678955078125,7.0078282592773435,-8.611943371582031,25.81679389312977,-7.572519083969466,34.18320610687023,19.44764705882353
1762116874,3402.18324 N,08408.76268 W,280.2,09,0.96,21.299,1.78,0.96,3.5194764404296874,3.4548329956054684,-5.035006091308594,12.045801526717558,10.251908396946565,-0.15267175572519084,19.40058823529412
1762116875,3402.18324 N,08408.76268 W,280.2,09,0.96,21.299,1.78,0.96,1.3814543579101561,3.5482068603515624,-5.240907434082031,1.5419847328244274,-41.45038167938932,13.427480916030534,19.40058823529412
1762116876,3402.18324 N,08408.76268 W,280.2,09,0.96,21.299,1.78,0.96,0.03591302490234375,5.925649108886718,-11.372457885742186,14.702290076335878,-54.18320610687023,-17.099236641221374,19.40058823529412
1762116877,3402.18324 N,08408.76268 W,280.2,09,0.96,21.299,1.78,0.96,1.0797849487304687,5.597643481445312,-11.769895361328125,-21.419847328244273,17.213740458015266,19.35114503816794,19.40058823529412
1762116878,3402.18324 N,08408.76268 W,280.2,09,0.96,21.728,1.78,0.96,2.961627453613281,3.2920272827148436,-7.129932543945312,-5.984732824427481,3.4732824427480917,-16.87786259541985,19.44764705882353
1762116879,3402.18324 N,08408.76268 W,280.2,09,0.96,21.728,1.78,0.96,1.7214309936523438,2.6527754394531247,-6.457161877441406,-17.16793893129771,6.282442748091603,12.068702290076336,19.494705882352942
1762116880,3402.17725 N,08408.76302 W,280.2,08,1.41,21.728,1.78,0.96,2.530671154785156,5.272032055664062,-12.222399475097655,8.49618320610687,-38.954198473282446,-24.53435114503817,19.40058823529412
1762116881,3402.17725 N,08408.76302 W,280.2,08,1.41,21.728,2.34,1.41,3.6367923217773437,5.1140147460937495,-11.937489477539062,-11.396946564885496,-7.824427480916031,3.366412213740458,19.541764705882354
1762116882,3402.17725 N,08408.76302 W,280.2,08,1.41,21.728,2.34,1.41,2.4157494750976563,2.300827795410156,-4.012681982421875,1.9465648854961832,5.175572519083969,41.97709923664122,19.44764705882353
1762116883,3402.17725 N,08408.76302 W,280.2,08,1.41,21.728,2.34,1.41,0.6943184814453125,4.7117888671875,-7.9655089233398435,-3.8931297709923665,-16.374045801526716,8.801526717557252,19.40058823529412
1762116884,3402.17725 N,08408.76302 W,280.2,08,1.41,21.728,2.34,1.41,1.1731588134765625,5.652710119628906,-11.801019982910155,7.0,-22.96946564885496,-8.702290076335878,19.494705882352942
1762116885,3402.17725 N,08408.76302 W,280.2,08,1.41,21.728,2.34,1.41,2.3127988037109373,4.321533996582031,-10.831368310546875,-24.50381679389313,-25.9618320610687,-35.23664122137404,19.494705882352942
1762116886,3402.17725 N,08408.76302 W,280.2,08,1.41,23.679,2.34,1.41,2.4109610717773435,2.269703173828125,-4.448426684570312,-25.595419847328245,17.404580152671755,15.145038167938932,19.494705882352942
1762116887,3402.17725 N,08408.76302 W,280.2,08,1.41,23.679,2.34,1.41,2.602497204589844,2.1883003173828124,-8.585607153320312,8.32824427480916,28.435114503816795,7.66412213740458,19.494705882352942
1762116888,3402.17052 N,08408.76306 W,280.4,09,0.96,23.679,2.34,1.41,2.185906115722656,3.6152445068359373,-11.994950317382811,6.213740458015267,-46.25190839694657,-25.221374045801525,19.494705882352942
1762116889,3402.17052 N,08408.76306 W,280.4,09,0.96,23.679,1.78,0.96,1.3766659545898436,4.273649963378906,-9.121908325195312,-3.5114503816793894,17.137404580152673,1.6412213740458015,19.494705882352942
1762116890,3402.17052 N,08408.76306 W,280.4,09,0.96,23.679,1.78,0.96,2.360682836914062,4.814739538574218,-7.685387329101562,-14.183206106870228,-20.786259541984734,6.969465648854962,19.588823529411766
1762116891,3402.17052 N,08408.76306 W,280.4,09,0.96,23.679,1.78,0.96,2.5809493896484375,2.4756045166015626,-5.439626171875,9.473282442748092,20.34351145038168,39.16030534351145,19.541764705882354
1762116892,3402.17052 N,08408.76306 W,280.4,09,0.96,23.679,1.78,0.96,-0.9983820922851562,3.919308117675781,-8.846575134277343,14.259541984732824,-25.053435114503817,1.3282442748091603,19.541764705882354
1762116893,3402.17052 N,08408.76306 W,280.4,09,0.96,23.679,1.78,0.96,1.8746598999023436,4.745307690429687,-10.335768566894531,6.435114503816794,4.572519083969466,12.526717557251908,19.635882352941177
1762116894,3402.17052 N,08408.76306 W,280.4,09,0.96,24.421,1.78,0.96,1.8195932617187498,2.4205378784179685,-12.536039892578124,7.412213740458015,-15.786259541984732,-36.587786259541986,19.541764705882354
1762116895,3402.17052 N,08408.76306 W,280.4,09,0.96,24.421,1.78,0.96,1.9512743530273435,1.4820108276367188,-5.346252307128906,-42.02290076335878,50.06106870229008,3.595419847328244,19.541764705882354
1762116896,3402.16376 N,08408.76307 W,280.5,09,0.96,24.421,1.78,0.96,0.8595183959960937,1.1324573852539062,-8.137891442871092,-2.068702290076336,11.938931297709924,-31.022900763358777,19.541764705882354
1762116897,3402.16376 N,08408.76307 W,280.5,09,0.96,24.421,1.78,0.96,0.30885201416015623,1.4245499877929686,-12.090718383789062,-2.267175572519084,9.923664122137405,-60.13740458015267,19.635882352941177
1762116898,3402.16376 N,08408.76307 W,280.5,09,0.96,24.421,1.78,0.96,0.9648632690429687,3.3111808959960936,-7.723694555664062,-1.7709923664122138,-17.290076335877863,26.87786259541985,19.588823529411766
1762116899,3402.16376 N,08408.76307 W,280.5,09,0.96,24.421,1.78,0.96,0.22266075439453123,1.6903063720703124,-12.966996191406249,28.213740458015266,-1.8244274809160306,-29.045801526717558,19.541764705882354
1762116900,3402.16376 N,08408.76307 W,280.5,09,0.96,24.421,1.78,0.96,1.197100830078125,2.901772412109375,-10.364498986816406,1.2290076335877862,-20.206106870229007,-11.465648854961833,19.541764705882354
1762116901,3402.16376 N,08408.76307 W,280.5,09,0.96,24.421,1.78,0.96,2.9568390502929685,2.042254016113281,-6.275202551269531,-17.061068702290076,15.450381679389313,18.251908396946565,19.588823529411766
1762116902,3402.16376 N,08408.76307 W,280.5,09,0.96,24.205,1.78,0.96,-0.0047884033203125,2.710236279296875,-5.592855078125,0.9389312977099237,13.16793893129771,40.969465648854964,19.541764705882354
1762116903,3402.16376 N,08408.76307 W,280.5,09,0.96,24.205,1.78,0.96,-0.6775590698242188,3.057395520019531,-9.507374792480467,19.48854961832061,-27.30534351145038,-4.106870229007634,19.635882352941177
1762116904,3402.15700 N,08408.76295 W,280.6,09,0.96,24.205,1.78,0.96,0.5267243652343749,4.929661218261718,-10.534487304687499,-38.587786259541986,48.091603053435115,26.938931297709924,19.635882352941177
1762116905,3402.15700 N,08408.76295 W,280.6,09,0.96,24.205,1.78,0.96,0.3950432739257812,4.817133740234374,-12.629413757324219,-42.70229007633588,16.00763358778626,-34.62595419847328,19.541764705882354
1762116906,3402.15700 N,08408.76295 W,280.6,09,0.96,24.205,1.78,0.96,3.296815686035156,3.919308117675781,-9.80665,5.3893129770992365,-33.656488549618324,-12.954198473282442,19.635882352941177
1762116907,3402.15700 N,08408.76295 W,280.6,09,0.96,24.205,1.78,0.96,2.3415292236328122,3.897760302734375,-6.004657763671875,-14.13740458015267,-8.610687022900763,-7.0458015267175576,19.588823529411766
1762116908,3402.15700 N,08408.76295 W,280.6,09,0.96,24.205,1.78,0.96,1.9129671264648436,0.699106884765625,-6.64630380859375,0.648854961832061,3.3282442748091605,-16.412213740458014,19.588823529411766
1762116909,3402.15700 N,08408.76295 W,280.6,09,0.96,24.205,1.78,0.96,2.1116858642578125,0.9624690673828125,-9.710881933593749,-16.15267175572519,-19.12213740458015,-0.6183206106870229,19.588823529411766
1762116910,3402.15700 N,08408.76295 W,280.6,09,0.96,23.151,1.78,0.96,0.45968671875,1.7621324218749999,-10.522516296386717,-39.38167938931298,-22.954198473282442,40.87786259541985,19.635882352941177
1762116911,3402.15700 N,08408.76295 W,280.6,09,0.96,23.151,1.78,0.96,1.1444283935546875,3.7110125732421873,-8.55448253173828,7.465648854961832,-65.3587786259542,99.30534351145039,19.588823529411766
1762116912,3402.15034 N,08408.76279 W,280.5,09,0.96,23.151,1.78,0.96,2.741360900878906,0.8092401611328125,-8.434772448730468,-16.702290076335878,-0.21374045801526717,65.64885496183206,19.635882352941177
1762116913,3402.15034 N,08408.76279 W,280.5,09,0.96,23.151,1.78,0.96,2.1499930908203124,3.418919970703125,-8.844180932617187,2.435114503816794,-5.854961832061068,-54.76335877862596,19.588823529411766
1762116914,3402.15034 N,08408.76279 W,280.5,09,0.96,23.151,1.78,0.96,-2.109291662597656,3.995922570800781,-13.41950030517578,10.885496183206106,-11.580152671755725,3.5572519083969465,19.68294117647059
1762116915,3402.15034 N,08408.76279 W,280.5,09,0.96,23.151,1.78,0.96,3.1699229980468746,3.459621398925781,-9.830592016601562,-22.47328244274809,-3.7022900763358777,2.2748091603053435,19.588823529411766
1762116916,3402.15034 N,08408.76279 W,280.5,09,0.96,23.151,1.78,0.96,2.094926452636719,2.81558115234375,-5.652710119628906,32.41984732824427,-3.5114503816793894,46.48854961832061,19.588823529411766
1762116917,3402.15034 N,08408.76279 W,280.5,09,0.96,23.151,1.78,0.96,1.22583125,0.93852705078125,-13.84087979736328,48.48091603053435,-15.67175572519084,-20.885496183206108,19.635882352941177
1762116918,3402.15034 N,08408.76279 W,280.5,09,0.96,20.845,1.78,0.96,0.6943184814453125,4.276044165039062,-10.596736547851561,5.67175572519084,2.7251908396946565,-24.48854961832061,19.635882352941177
1762116919,3402.15034 N,08408.76279 W,280.5,09,0.96,20.845,1.78,0.96,1.005564697265625,3.8666356811523435,-7.979874133300781,4.374045801526718,22.099236641221374,-38.404580152671755,19.494705882352942
1762116920,3402.14452 N,08408.76265 W,280.6,09,1.30,20.845,1.78,0.96,4.065354418945312,-1.0582371337890624,-5.916072302246094,-33.06870229007634,27.47328244274809,18.633587786259543,19.588823529411766
1762116921,3402.14452 N,08408.76265 W,280.6,09,1.30,20.845,2.26,1.30,0.9074024291992187,2.7844565307617186,-6.399701037597656,17.786259541984734,-10.129770992366412,-33.10687022900763,19.68294117647059
1762116922,3402.14452 N,08408.76265 W,280.6,09,1.30,20.845,2.26,1.30,2.252943762207031,4.460397692871093,-12.746729638671875,-6.290076335877862,-49.06870229007634,-51.36641221374046,19.635882352941177
1762116924,3402.14452 N,08408.76265 W,280.6,09,1.30,20.845,2.26,1.30,0.5530605834960938,6.076483813476562,-10.828974108886719,-5.488549618320611,-20.099236641221374,-0.26717557251908397,19.588823529411766
1762116925,3402.14452 N,08408.76265 W,280.6,09,1.30,20.845,2.26,1.30,3.0142998901367184,3.9600095458984375,-5.571307263183593,12.557251908396946,-16.450381679389313,32.14503816793893,19.588823529411766
1762116926,3402.14452 N,08408.76265 W,280.6,09,1.30,20.845,2.26,1.30,2.0183119995117185,4.240131140136718,-8.722076647949219,8.213740458015268,22.48854961832061,27.908396946564885,19.588823529411766
1762116927,3402.14452 N,08408.76265 W,280.6,09,1.30,18.989,2.26,1.30,2.5761609863281247,3.744531396484375,-11.168950744628905,-20.137404580152673,13.183206106870228,-1.816793893129771,19.588823529411766
1762116928,3402.14452 N,08408.76265 W,280.6,09,1.30,18.989,2.26,1.30,3.0430303100585934,2.693476867675781,-4.529829541015625,-26.793893129770993,-2.4885496183206106,15.19083969465649,19.635882352941177
1762116929,3402.13934 N,08408.76348 W,280.4,08,1.01,18.989,2.26,1.30,1.7214309936523438,2.1164742675781247,-12.327744348144531,-42.93129770992366,13.50381679389313,19.908396946564885,19.635882352941177
1762116930,3402.13934 N,08408.76348 W,280.4,08,1.01,18.989,2.07,1.01,3.5625720703124997,4.438849877929687,-7.762001782226562,-7.809160305343512,-14.49618320610687,21.6793893129771,19.541764705882354
1762116931,3402.13934 N,08408.76348 W,280.4,08,1.01,18.989,2.07,1.01,1.4796166259765624,3.294421484375,-5.877765075683594,-15.129770992366412,8.114503816793894,20.14503816793893,19.588823529411766
1762116932,3402.13934 N,08408.76348 W,280.4,08,1.01,18.989,2.07,1.01,1.0917559570312498,5.257666845703125,-11.908759057617187,4.824427480916031,3.0610687022900764,36.56488549618321,19.588823529411766
1762116933,3402.13934 N,08408.76348 W,280.4,08,1.01,18.989,2.07,1.01,1.637633935546875,3.9408559326171875,-10.500968481445312,20.442748091603054,-9.15267175572519,-33.06106870229008,19.588823529411766
1762116934,3402.13934 N,08408.76348 W,280.4,08,1.01,18.989,2.07,1.01,3.878606689453125,0.9241618408203125,-8.2743609375,-102.79389312977099,47.732824427480914,3.549618320610687,19.635882352941177
1762116935,3402.13934 N,08408.76348 W,280.4,08,1.01,18.989,2.07,1.01,2.999934680175781,0.8403647827148437,-7.173028173828125,32.534351145038165,-30.244274809160306,6.022900763358779,19.68294117647059
1762116936,3402.13934 N,08408.76348 W,280.4,08,1.01,17.419,2.07,1.01,-0.28012159423828126,3.0837317382812497,-11.326968054199218,-9.34351145038168,1.9770992366412214,4.137404580152672,19.635882352941177
1762116937,3402.13934 N,08408.76348 W,280.4,08,1.01,17.419,2.07,1.01,3.9911341674804683,5.851428857421874,-10.831368310546875,-16.396946564885496,48.152671755725194,30.34351145038168,19.73
1762116938,3402.13467 N,08408.76550 W,280.6,09,0.95,17.419,2.07,1.01,4.127603662109375,3.687070556640625,-5.908889697265625,-4.137404580152672,-35.221374045801525,32.88549618320611,19.635882352941177
1762116939,3402.13467 N,08408.76550 W,280.6,09,0.95,17.419,2.04,0.95,2.2098481323242187,5.252878442382812,-7.831433630371094,4.312977099236641,-20.80916030534351,-0.8625954198473282,19.68294117647059
1762116940,3402.13467 N,08408.76550 W,280.6,09,0.95,17.419,2.04,0.95,2.779668127441406,4.965574243164062,-10.465055456542968,-7.755725190839694,-0.9312977099236641,-0.1450381679389313,19.588823529411766
1762116941,3402.13467 N,08408.76550 W,280.6,09,0.95,17.419,2.04,0.95,3.31357509765625,2.636016027832031,-5.578489868164062,-1.7633587786259541,21.458015267175572,-5.801526717557252,19.588823529411766
1762116942,3402.13467 N,08408.76550 W,280.6,09,0.95,17.419,2.04,0.95,-0.5889736083984375,2.4133552734375,-10.927136376953124,11.564885496183207,69.87786259541984,9.618320610687023,19.635882352941177
1762116943,3402.13467 N,08408.76550 W,280.6,09,0.95,17.419,2.04,0.95,1.838746875,2.5234885498046875,-11.314997045898437,-29.00763358778626,20.625954198473284,32.67175572519084,19.588823529411766
1762116944,3402.13467 N,08408.76550 W,280.6,09,0.95,17.419,2.04,0.95,4.046200805664062,1.3670891479492187,-8.078036401367187,30.33587786259542,-21.923664122137403,11.0,19.68294117647059
1762116945,3402.13467 N,08408.76550 W,280.6,09,0.95,17.629,2.04,0.95,0.35194764404296874,2.549824768066406,-10.299855541992187,-14.946564885496183,25.862595419847327,28.763358778625953,19.588823529411766
1762116946,3402.13467 N,08408.76550 W,280.6,09,0.95,17.629,2.04,0.95,0.3064578125,1.9393033447265624,-11.707646118164062,-13.045801526717558,-13.450381679389313,11.587786259541986,19.588823529411766
1762116947,3402.13072 N,08408.76888 W,280.4,08,1.11,17.629,2.04,0.95,2.0542250244140625,1.8219874633789062,-4.936843823242187,-25.442748091603054,18.15267175572519,6.343511450381679,19.73
1762116948,3402.13072 N,08408.76888 W,280.4,08,1.11,17.629,2.12,1.11,0.2537853759765625,1.1444283935546875,-12.72997022705078,-29.091603053435115,-9.86259541984733,-23.290076335877863,19.68294117647059
1762116949,3402.13072 N,08408.76888 W,280.4,08,1.11,17.629,2.12,1.11,3.9336733276367184,4.843469958496094,-8.391676818847655,-27.045801526717558,10.335877862595419,26.328244274809162,19.635882352941177
1762116950,3402.13072 N,08408.76888 W,280.4,08,1.11,17.629,2.12,1.11,1.9297265380859374,1.62805712890625,-5.468356591796875,-25.65648854961832,20.206106870229007,46.18320610687023,19.68294117647059
1762116951,3402.13072 N,08408.76888 W,280.4,08,1.11,17.629,2.12,1.11,0.26815058593749996,4.017470385742187,-12.885593334960937,8.244274809160306,-30.076335877862597,-41.06106870229008,19.588823529411766
1762116952,3402.13072 N,08408.76888 W,280.4,08,1.11,17.629,2.12,1.11,3.1220389648437497,2.310404602050781,-10.014945544433592,-16.229007633587788,5.603053435114504,-2.9923664122137406,19.588823529411766
1762116953,3402.13072 N,08408.76888 W,280.4,08,1.11,17.629,2.12,1.11,2.243366955566406,2.214636535644531,-6.8593877563476555,-6.885496183206107,-0.061068702290076333,10.603053435114504,19.635882352941177
1762116954,3402.13072 N,08408.76888 W,280.4,08,1.11,17.283,2.12,1.11,2.6312276245117188,4.122815258789062,-12.543222497558594,0.48854961832061067,-32.732824427480914,-6.450381679389313,19.588823529411766
1762116955,3402.13072 N,08408.76888 W,280.4,08,1.11,17.283,2.12,1.11,4.848258361816406,2.712630480957031,-6.866570361328125,-0.9083969465648855,-22.290076335877863,37.25190839694657,19.635882352941177
1762116956,3402.12748 N,08408.77335 W,280.3,08,1.06,17.283,2.12,1.11,2.090138049316406,3.9839515624999997,-6.536170532226562,15.641221374045802,-2.969465648854962,11.717557251908397,19.588823529411766
1762116957,3402.12748 N,08408.77335 W,280.3,08,1.06,17.283,2.10,1.06,1.599326708984375,5.614402893066406,-11.891999645996092,5.320610687022901,-13.404580152671755,-3.2213740458015265,19.588823529411766
1762116958,3402.12748 N,08408.77335 W,280.3,08,1.06,17.283,2.10,1.06,2.8562825805664063,3.9408559326171875,-8.252813122558594,7.519083969465649,5.358778625954199,-12.396946564885496,19.541764705882354
1762116959,3402.12748 N,08408.77335 W,280.3,08,1.06,17.283,2.10,1.06,2.612074011230469,1.43652099609375,-5.858611462402344,-5.587786259541985,11.320610687022901,1.5877862595419847,19.635882352941177
1762116960,3402.12748 N,08408.77335 W,280.3,08,1.06,17.283,2.10,1.06,3.1507693847656246,0.51714755859375,-11.590330236816406,-30.83206106870229,17.580152671755727,3.6717557251908395,19.635882352941177
1762116961,3402.12748 N,08408.77335 W,280.3,08,1.06,17.283,2.10,1.06,4.8889597900390624,1.6543933471679686,-8.051700183105469,31.519083969465647,-29.954198473282442,2.595419847328244,19.541764705882354
1762116962,3402.12748 N,08408.77335 W,280.3,08,1.06,17.283,2.10,1.06,3.679887951660156,2.9376854370117185,-8.17141026611328,-8.587786259541986,-9.885496183206106,41.038167938931295,19.635882352941177
1762116963,3402.12748 N,08408.77335 W,280.3,08,1.06,18.127,2.10,1.06,1.6448165405273436,2.8203695556640622,-5.679046337890624,-7.183206106870229,48.404580152671755,29.34351145038168,19.635882352941177
1762116964,3402.12748 N,08408.77335 W,280.3,08,1.06,18.127,2.10,1.06,0.49799394531249996,2.528276953125,-12.07874737548828,-2.282442748091603,-21.52671755725191,11.580152671755725,19.494705882352942
1762116965,3402.12455 N,08408.77825 W,280.0,08,1.06,18.127,2.10,1.06,4.024652990722656,3.5027170288085934,-9.746794958496093,24.801526717557252,-17.34351145038168,-35.221374045801525,19.541764705882354
1762116966,3402.12455 N,08408.77825 W,280.0,08,1.06,18.127,2.10,1.06,1.867477294921875,1.4963760375976562,-4.833893151855468,-40.969465648854964,14.244274809160306,-26.129770992366414,19.588823529411766
1762116967,3402.12455 N,08408.77825 W,280.0,08,1.06,18.127,2.10,1.06,1.3862427612304686,-0.11013327636718749,-14.561534497070312,11.908396946564885,-28.412213740458014,-18.427480916030536,19.588823529411766
1762116968,3402.12455 N,08408.77825 W,280.0,08,1.06,18.127,2.10,1.06,3.076549133300781,1.695094775390625,-8.468291271972657,9.213740458015268,-42.396946564885496,13.633587786259541,19.588823529411766
1762116969,3402.12455 N,08408.77825 W,280.0,08,1.06,18.127,2.10,1.06,0.7805097412109374,2.0925322509765625,-7.630320690917968,-12.465648854961833,32.54961832061068,-9.595419847328245,19.588823529411766
1762116970,3402.12455 N,08408.77825 W,280.0,08,1.06,18.127,2.10,1.06,1.5298948608398437,3.392583752441406,-11.305420239257812,-1.213740458015267,-7.32824427480916,14.908396946564885,19.541764705882354
1762116971,3402.12455 N,08408.77825 W,280.0,08,1.06,18.127,2.10,1.06,1.8507178833007811,2.032677209472656,-9.890447058105469,6.847328244274809,-19.893129770992367,-28.702290076335878,19.588823529411766
1762116972,3402.12455 N,08408.77825 W,280.0,08,1.06,16.824,2.10,1.06,2.1643583007812497,2.1404162841796874,-7.714117749023437,-1.282442748091603,6.923664122137405,22.31297709923664,19.635882352941177
1762116973,3402.12455 N,08408.77825 W,280.0,08,1.06,16.824,2.10,1.06,3.1028853515624997,3.593696691894531,-10.089165795898436,-2.450381679389313,-16.717557251908396,38.9236641221374,19.588823529411766
1762116974,3402.12147 N,08408.78282 W,279.8,08,1.06,16.824,2.10,1.06,1.4915876342773438,2.8012159423828122,-7.335833886718749,-15.366412213740459,46.74045801526717,26.236641221374047,19.588823529411766
1762116975,3402.12147 N,08408.78282 W,279.8,08,1.06,16.824,2.10,1.06,2.195482922363281,3.9839515624999997,-9.97184991455078,-13.305343511450381,-12.13740458015267,23.633587786259543,19.541764705882354
1762116976,3402.12147 N,08408.78282 W,279.8,08,1.06,16.824,2.10,1.06,1.6352397338867186,2.8203695556640622,-6.940790612792968,-31.114503816793892,3.9160305343511452,31.221374045801525,19.541764705882354
1762116977,3402.12147 N,08408.78282 W,279.8,08,1.06,16.824,2.10,1.06,1.4341267944335936,4.61602080078125,-11.815385192871092,-7.778625954198473,-40.916030534351144,-17.31297709923664,19.68294117647059
1762116978,3402.12147 N,08408.78282 W,279.8,08,1.06,16.824,2.10,1.06,3.299209887695312,4.055777612304687,-8.291120349121094,7.305343511450381,-26.740458015267176,22.893129770992367,19.635882352941177
1762116979,3402.12147 N,08408.78282 W,279.8,08,1.06,16.824,2.10,1.06,1.7956512451171873,1.7310078002929687,-9.629479077148437,-3.4198473282442747,-7.694656488549619,18.366412213740457,19.588823529411766
1762116980,3402.12147 N,08408.78282 W,279.8,08,1.06,16.824,2.10,1.06,4.103661645507812,1.9225439331054686,-11.312602844238281,8.763358778625955,-6.152671755725191,-17.251908396946565,19.541764705882354
1762116981,3402.12147 N,08408.78282 W,279.8,08,1.06,17.547,2.10,1.06,1.8435352783203125,2.1643583007812497,-6.392518432617187,-12.259541984732824,23.46564885496183,6.290076335877862,19.588823529411766
1762116982,3402.12147 N,08408.78282 W,279.8,08,1.06,17.547,2.10,1.06,4.292803576660156,2.731784094238281,-9.394847314453125,-2.648854961832061,-8.053435114503817,-3.6564885496183206,19.635882352941177
1762116983,3402.11801 N,08408.78679 W,279.8,08,1.11,17.547,2.10,1.06,2.068590234375,2.829946362304687,-7.666233715820312,-12.557251908396946,3.931297709923664,-18.6793893129771,19.588823529411766
1762116984,3402.11801 N,08408.78679 W,279.8,08,1.11,17.547,2.13,1.11,2.47081611328125,3.6631285400390623,-11.77228956298828,7.450381679389313,-37.16793893129771,-1.7557251908396947,19.541764705882354
1762116985,3402.11801 N,08408.78679 W,279.8,08,1.11,17.547,2.13,1.11,3.0550013183593747,2.7246014892578123,-8.667010009765624,12.931297709923664,-6.290076335877862,-33.12213740458015,19.541764705882354
1762116986,3402.11801 N,08408.78679 W,279.8,08,1.11,17.547,2.13,1.11,3.277662072753906,1.1923124267578125,-5.0014872680664055,13.83969465648855,26.786259541984734,-4.358778625954199,19.73
1762116987,3402.11801 N,08408.78679 W,279.8,08,1.11,17.547,2.13,1.11,4.627991809082031,2.7724855224609373,-10.364498986816406,-6.7251908396946565,-38.25954198473283,5.083969465648855,19.635882352941177
1762116988,3402.11801 N,08408.78679 W,279.8,08,1.11,17.547,2.13,1.11,3.3542765258789062,2.2290017456054687,-5.5641246582031245,16.213740458015266,-10.709923664122137,27.46564885496183,19.588823529411766
1762116989,3402.11801 N,08408.78679 W,279.8,08,1.11,17.547,2.13,1.11,2.3678654418945313,2.109291662597656,-5.6311623046875,4.793893129770993,9.549618320610687,-4.99236641221374,19.777058823529412
1762116990,3402.11801 N,08408.78679 W,279.8,08,1.11,17.720,2.13,1.11,3.1172505615234374,3.7995980346679685,-4.498704919433593,-34.14503816793893,13.778625954198473,-2.595419847328244,19.68294117647059
1762116991,3402.11801 N,08408.78679 W,279.8,08,1.11,17.720,2.13,1.11,2.844311572265625,3.366247534179687,-9.564835632324218,-6.122137404580153,-15.16030534351145,51.33587786259542,19.824117647058824
1762116992,3402.11412 N,08408.79036 W,279.7,08,1.11,17.720,2.13,1.11,2.6312276245117188,2.133233679199219,-5.449202978515625,-0.9236641221374046,17.740458015267176,36.6793893129771,19.68294117647059
1762116993,3402.11412 N,08408.79036 W,279.7,08,1.11,17.720,2.13,1.11,1.3527239379882812,3.8570588745117185,-11.027692846679686,-16.091603053435115,-19.091603053435115,35.41984732824427,19.68294117647059
1762116994,3402.11412 N,08408.79036 W,279.7,08,1.11,17.720,2.13,1.11,2.35589443359375,4.2329485351562495,-7.625532287597656,4.3893129770992365,-36.18320610687023,27.633587786259543,19.68294117647059
1762116995,3402.11412 N,08408.79036 W,279.7,08,1.11,17.720,2.13,1.11,0.9002198242187499,2.6048914062499997,-11.305420239257812,-4.709923664122138,16.66412213740458,-29.412213740458014,19.68294117647059
1762116996,3402.11412 N,08408.79036 W,279.7,08,1.11,17.720,2.13,1.11,3.21780703125,1.7812860351562498,-9.629479077148437,8.778625954198473,17.427480916030536,-21.374045801526716,19.824117647058824
1762116997,3402.11412 N,08408.79036 W,279.7,08,1.11,17.720,2.13,1.11,2.50912333984375,2.626439221191406,-6.2009822998046875,-2.33587786259542,9.389312977099237,-43.48091603053435,19.68294117647059
1762116998,3402.11412 N,08408.79036 W,279.7,08,1.11,17.720,2.13,1.11,1.0342951171875,4.319139794921875,-13.120225097656249,-20.938931297709924,-75.65648854961832,-53.80152671755725,19.68294117647059
1762116999,3402.11412 N,08408.79036 W,279.7,08,1.11,17.748,2.13,1.11,4.2329485351562495,3.785232824707031,-8.32463917236328,-1.3511450381679388,-40.717557251908396,11.763358778625955,19.871176470588235
1762117000,3402.11412 N,08408.79036 W,279.7,08,1.11,17.748,2.13,1.11,2.501940734863281,3.9528269409179684,-5.4779333984375,2.8473282442748094,14.603053435114504,6.870229007633588,19.777058823529412
1762117001,3402.10996 N,08408.79370 W,279.8,09,0.93,17.748,2.13,1.11,3.6942531616210936,4.836287353515624,-8.86094034423828,-15.80916030534351,7.6106870229007635,12.816793893129772,19.777058823529412
1762117002,3402.10996 N,08408.79370 W,279.8,09,0.93,17.748,1.74,0.93,4.072537023925781,2.29843359375,-7.213729602050781,-16.267175572519083,-7.3816793893129775,-12.320610687022901,19.918235294117647
1762117003,3402.10996 N,08408.79370 W,279.8,09,0.93,17.748,1.74,0.93,3.3710359375,3.478775012207031,-9.775525378417969,8.564885496183207,-1.4885496183206106,21.52671755725191,19.73
1762117004,3402.10996 N,08408.79370 W,279.8,09,0.93,17.748,1.74,0.93,3.5003228271484375,4.319139794921875,-9.567229833984374,-1.5419847328244274,18.450381679389313,35.152671755725194,19.871176470588235
1762117005,3402.10996 N,08408.79370 W,279.8,09,0.93,17.748,1.74,0.93,2.5546131713867184,2.5617957763671875,-5.837063647460937,14.82442748091603,24.931297709923665,12.16793893129771,19.918235294117647
1762117006,3402.10996 N,08408.79370 W,279.8,09,0.93,17.748,1.74,0.93,1.7693150268554687,6.660669018554687,-11.396399902343749,3.4122137404580153,-57.213740458015266,-17.00763358778626,19.871176470588235
1762117007,3402.10996 N,08408.79370 W,279.8,09,0.93,17.748,1.74,0.93,3.5434184570312497,3.5913024902343746,-9.368511096191405,-17.022900763358777,-42.32824427480916,23.16030534351145,19.777058823529412
1762117008,3402.10996 N,08408.79370 W,279.8,09,0.93,17.097,1.74,0.93,2.1643583007812497,1.2713210815429687,-7.230489013671875,1.2671755725190839,19.763358778625953,2.0229007633587788,19.871176470588235
1762117009,3402.10996 N,08408.79370 W,279.8,09,0.93,17.097,1.74,0.93,4.055777612304687,3.758896606445312,-10.053252770996092,-21.18320610687023,24.015267175572518,35.19083969465649,19.871176470588235
1762117010,3402.10586 N,08408.79675 W,279.8,08,1.03,17.097,1.74,0.93,3.402160559082031,3.6487633300781246,-6.256048937988281,12.534351145038167,-15.183206106870228,22.633587786259543,19.871176470588235
1762117011,3402.10586 N,08408.79675 W,279.8,08,1.03,17.097,1.83,1.03,0.852335791015625,3.4835634155273434,-12.131419812011718,1.015267175572519,15.603053435114504,-19.221374045801525,19.871176470588235
1762117012,3402.10586 N,08408.79675 W,279.8,08,1.03,17.097,1.83,1.03,4.086902233886718,2.978386865234375,-8.932766394042968,-17.206106870229007,-5.343511450381679,-12.793893129770993,19.212352941176473
1762117013,3402.10586 N,08408.79675 W,279.8,08,1.03,17.097,1.83,1.03,2.2649147705078123,1.70467158203125,-9.102754711914063,-10.412213740458014,8.267175572519085,-7.465648854961832,20.671176470588236
1762117014,3402.10586 N,08408.79675 W,279.8,08,1.03,17.097,1.83,1.03,3.679887951660156,3.5386300537109374,-10.134655627441406,14.381679389312977,-13.80916030534351,2.8625954198473282,19.212352941176473
1762117015,3402.10586 N,08408.79675 W,279.8,08,1.03,17.097,1.83,1.03,3.3638533325195312,2.9759926635742184,-6.141127258300781,19.015267175572518,2.404580152671756,3.030534351145038,19.96529411764706
1762117016,3402.10586 N,08408.79675 W,279.8,08,1.03,17.097,1.83,1.03,4.00310517578125,4.489128112792969,-9.03332286376953,-9.854961832061068,7.877862595419847,4.679389312977099,19.871176470588235
1762117017,3402.10586 N,08408.79675 W,279.8,08,1.03,15.313,1.83,1.03,3.0119056884765625,2.2170307373046874,-6.825868933105468,-6.6106870229007635,11.145038167938932,-7.656488549618321,20.671176470588236
1762117018,3402.10586 N,08408.79675 W,279.8,08,1.03,15.313,1.83,1.03,4.690241052246093,5.628768103027343,-9.76116016845703,-2.931297709923664,-10.83969465648855,2.6564885496183206,19.212352941176473
1762117019,3402.10194 N,08408.79930 W,279.8,09,0.93,15.313,1.83,1.03,4.082113830566406,3.564966271972656,-7.620743884277343,21.480916030534353,-21.51145038167939,39.30534351145038,19.918235294117647
1762117020,3402.10194 N,08408.79930 W,279.8,09,0.93,15.313,1.74,0.93,2.923320227050781,5.068524914550781,-8.384494213867187,-2.9923664122137406,0.6793893129770993,23.541984732824428,19.918235294117647
1762117021,3402.10194 N,08408.79930 W,279.8,09,0.93,15.313,1.74,0.93,1.917755529785156,5.080495922851562,-9.45470235595703,-26.72519083969466,34.82442748091603,25.671755725190838,20.01235294117647
1762117022,3402.10194 N,08408.79930 W,279.8,09,0.93,15.313,1.74,0.93,4.678270043945313,2.1835119140624997,-8.89924757080078,-2.717557251908397,-1.1526717557251909,-19.96946564885496,19.96529411764706
1762117024,3402.10194 N,08408.79930 W,279.8,09,0.93,15.313,1.74,0.93,2.93050283203125,1.3551181396484375,-7.955932116699218,-0.8854961832061069,16.221374045801525,-13.977099236641221,19.259411764705884
1762117025,3402.10194 N,08408.79930 W,279.8,09,0.93,15.313,1.74,0.93,3.584119885253906,1.0749965454101562,-11.52329259033203,-16.862595419847327,2.5419847328244276,-7.5038167938931295,20.059411764705885
1762117026,3402.10194 N,08408.79930 W,279.8,09,0.93,15.313,1.74,0.93,1.6639701538085936,4.206612316894531,-7.841010437011718,8.045801526717558,-22.099236641221374,10.030534351145038,20.671176470588236
1762117027,3402.10194 N,08408.79930 W,279.8,09,0.93,13.150,1.74,0.93,-0.21308394775390624,3.2154128295898436,-8.073247998046874,10.335877862595419,-27.87786259541985,11.114503816793894,19.96529411764706
1762117028,3402.10194 N,08408.79930 W,279.8,09,0.93,13.150,1.74,0.93,3.21780703125,3.404554760742187,-10.54645831298828,-11.709923664122137,30.045801526717558,-30.938931297709924,20.059411764705885
1762117029,3402.09854 N,08408.80121 W,279.9,09,0.93,13.150,1.74,0.93,3.8091748413085935,1.0271125122070313,-7.987056738281249,24.213740458015266,-3.236641221374046,-21.244274809160306,20.059411764705885
1762117030,3402.09854 N,08408.80121 W,279.9,09,0.93,13.150,1.74,0.93,1.5969325073242187,2.2385785522460937,-9.581595043945311,-1.381679389312977,17.35114503816794,-17.30534351145038,19.96529411764706
1762117031,3402.09854 N,08408.80121 W,279.9,09,0.93,13.150,1.74,0.93,4.125209460449218,3.0837317382812497,-10.230423693847655,-39.23664122137404,15.687022900763358,-1.6946564885496183,20.106470588235297
1762117032,3402.09854 N,08408.80121 W,279.9,09,0.93,13.150,1.74,0.93,2.896984008789062,3.507505432128906,-9.165003955078124,8.412213740458014,-78.68702290076335,19.16793893129771,20.01235294117647
1762117033,3402.09854 N,08408.80121 W,279.9,09,0.93,13.150,1.74,0.93,3.4452561889648434,1.7453730102539062,-9.840168823242188,96.03053435114504,-18.35114503816794,-19.106870229007633,20.106470588235297
1762117034,3402.09854 N,08408.80121 W,279.9,09,0.93,13.150,1.74,0.93,1.3862427612304686,2.4301146850585935,-9.840168823242188,-12.351145038167939,-5.106870229007634,-47.045801526717554,20.15352941176471
1762117035,3402.09854 N,08408.80121 W,279.9,09,0.93,10.346,1.74,0.93,2.365471240234375,1.6615759521484375,-8.588001354980468,-79.44274809160305,29.435114503816795,-46.29770992366412,20.106470588235297
1762117036,3402.09854 N,08408.80121 W,279.9,09,0.93,10.346,1.74,0.93,-0.6703764648437499,0.5243301635742187,-8.066065393066406,64.97709923664122,-3.7709923664122136,12.274809160305344,20.059411764705885
1762117037,3402.09552 N,08408.80184 W,279.8,09,0.93,10.346,1.74,0.93,3.7134067749023436,4.905719201660156,-8.489839086914062,27.709923664122137,-12.557251908396946,-52.2442748091603,20.20058823529412
1762117038,3402.09552 N,08408.80184 W,279.8,09,0.93,10.346,1.74,0.93,-0.3758896606445312,5.030217687988281,-8.729259252929687,-85.68702290076335,15.893129770992367,104.23664122137404,20.106470588235297
1762117039,3402.09552 N,08408.80184 W,279.8,09,0.93,10.346,1.74,0.93,-1.2737152832031249,4.316745593261719,-8.492233288574218,-2.6793893129770994,-1.9618320610687023,1.0076335877862594,20.20058823529412
1762117040,3402.09552 N,08408.80184 W,279.8,09,0.93,10.346,1.74,0.93,0.8379705810546875,1.0199299072265624,-7.807491613769531,3.0381679389312977,7.580152671755725,-66.95419847328245,20.24764705882353
1762117041,3402.09552 N,08408.80184 W,279.8,09,0.93,10.346,1.74,0.93,1.3024457031249999,2.8514941772460936,-9.181763366699219,-11.725190839694656,-1.4045801526717556,13.625954198473282,20.106470588235297
1762117042,3402.09552 N,08408.80184 W,279.8,09,0.93,10.346,1.74,0.93,1.0199299072265624,2.8131869506835936,-9.373299499511718,-1.5419847328244274,-0.8091603053435115,2.2290076335877864,20.20058823529412
1762117043,3402.09552 N,08408.80184 W,279.8,09,0.93,9.088,1.74,0.93,1.1875240234375,2.7916391357421872,-9.320627062988281,-4.847328244274809,3.5114503816793894,7.450381679389313,20.24764705882353
1762117044,3402.09552 N,08408.80184 W,279.8,09,0.93,9.088,1.74,0.93,0.9026140258789062,3.0597897216796874,-9.349357482910156,-5.847328244274809,-2.3435114503816794,3.931297709923664,20.294705882352943
1762117045,3402.09296 N,08408.80097 W,279.9,10,0.88,9.088,1.74,0.93,0.6368576416015624,2.7341782958984373,-9.610325463867188,-2.33587786259542,-5.343511450381679,-2.3893129770992365,20.294705882352943
1762117046,3402.09296 N,08408.80097 W,279.9,10,0.88,9.088,1.70,0.88,-0.0718260498046875,2.935291235351562,-9.30147344970703,-1.0610687022900764,-0.8396946564885496,-3.435114503816794,20.24764705882353
1762117047,3402.09296 N,08408.80097 W,279.9,10,0.88,9.088,1.70,0.88,1.5275006591796874,2.0925322509765625,-8.437166650390624,53.961832061068705,51.06870229007634,-25.251908396946565,20.294705882352943
1762117048,3402.09296 N,08408.80097 W,279.9,10,0.88,9.088,1.70,0.88,1.120486376953125,2.952050646972656,-9.363722692871093,3.0381679389312977,-8.412213740458014,-19.755725190839694,20.294705882352943
1762117049,3402.09296 N,08408.80097 W,279.9,10,0.88,9.088,1.70,0.88,0.5722141967773438,3.248931652832031,-9.184157568359375,-4.374045801526718,0.7022900763358778,0.2824427480916031,20.341764705882355
1762117050,3402.09296 N,08408.80097 W,279.9,10,0.88,9.088,1.70,0.88,3.066972326660156,0.35673604736328124,-16.117765576171873,-30.35114503816794,4.67175572519084,7.824427480916031,20.388823529411766
1762117051,3402.09296 N,08408.80097 W,279.9,10,0.88,9.088,1.70,0.88,0.8116343627929687,2.4301146850585935,-9.449913952636718,-10.099236641221374,-3.519083969465649,19.35114503816794,20.24764705882353
1762117052,3402.09296 N,08408.80097 W,279.9,10,0.88,9.169,1.70,0.88,0.8810662109374999,2.4947581298828125,-9.469067565917967,-1.2366412213740459,0.6106870229007634,4.564885496183206,20.341764705882355
1762117053,3402.09296 N,08408.80097 W,279.9,10,0.88,9.169,1.70,0.88,5.2433016357421875,1.4341267944335936,-9.220070593261719,34.37404580152672,-52.00763358778626,-139.01526717557252,20.341764705882355
1762117054,3402.09115 N,08408.79883 W,279.8,09,0.93,9.169,1.70,0.88,-2.789244934082031,-8.815450512695312,-2.31758720703125,-11.893129770992367,-0.0916030534351145,6.190839694656488,20.341764705882355
1762117055,3402.09115 N,08408.79883 W,279.8,09,0.93,9.169,1.74,0.93,-1.0989385620117187,-0.4860229370117187,-7.970297326660156,-59.74045801526717,39.41984732824427,59.847328244274806,20.388823529411766
1762117056,3402.09115 N,08408.79883 W,279.8,09,0.93,9.169,1.74,0.93,-1.2521674682617188,-0.9026140258789062,-7.017405065917968,-172.00763358778627,-12.335877862595419,60.534351145038165,20.48294117647059
1762117057,3402.09115 N,08408.79883 W,279.8,09,0.93,9.169,1.74,0.93,1.6998831787109374,-0.45489831542968745,-9.641450085449218,2.946564885496183,-6.557251908396947,-18.49618320610687,20.435882352941178
1762117058,3402.09115 N,08408.79883 W,279.8,09,0.93,9.169,1.74,0.93,1.5658078857421873,-0.46686932373046874,-9.70369932861328,-3.9083969465648853,1.4809160305343512,1.083969465648855,20.48294117647059
1762117059,3402.09115 N,08408.79883 W,279.8,09,0.93,9.169,1.74,0.93,0.679953271484375,-0.15562310791015624,-9.205705383300781,1.717557251908397,-4.6106870229007635,3.763358778625954,20.48294117647059
1762117060,3402.09115 N,08408.79883 W,279.8,09,0.93,9.169,1.74,0.93,1.3383587280273437,-0.15083470458984374,-9.65342109375,-8.885496183206106,0.09923664122137404,8.625954198473282,20.48294117647059
1762117061,3402.09115 N,08408.79883 W,279.8,09,0.93,10.267,1.74,0.93,1.1755530151367186,0.06703764648437499,-10.019733947753906,2.618320610687023,-1.7709923664122138,-5.244274809160306,20.48294117647059
1762117062,3402.09115 N,08408.79883 W,279.8,09,0.93,10.267,1.74,0.93,0.296881005859375,-0.033518823242187495,-10.096348400878906,5.916030534351145,-15.83969465648855,-31.595419847328245,20.577058823529413
1762117063,3402.09037 N,08408.79546 W,279.6,10,0.88,10.267,1.74,0.93,1.6256629272460936,-0.4525041137695312,-9.727641345214844,-4.6183206106870225,-0.45038167938931295,0.1450381679389313,20.48294117647059
1762117064,3402.09037 N,08408.79546 W,279.6,10,0.88,10.267,1.70,0.88,1.5011644409179687,-0.33518823242187495,-9.835380419921874,-2.6030534351145036,-1.4274809160305344,1.1450381679389312,20.671176470588236
1762117065,3402.09037 N,08408.79546 W,279.6,10,0.88,10.267,1.70,0.88,1.4125789794921875,-0.26815058593749996,-9.787496386718749,-3.1374045801526718,-1.8091603053435115,0.24427480916030533,20.577058823529413
1762117066,3402.09037 N,08408.79546 W,279.6,10,0.88,10.267,1.70,0.88,1.3838485595703125,-0.28730419921875,-9.797073193359374,-2.816793893129771,-1.5419847328244274,0.6412213740458015,20.624117647058824
1762117067,3402.09037 N,08408.79546 W,279.6,10,0.88,10.267,1.70,0.88,1.4006079711914061,-0.3016694091796875,-9.708487731933593,-2.5877862595419847,-1.0763358778625953,0.8931297709923665,20.671176470588236
1762117068,3402.09037 N,08408.79546 W,279.6,10,0.88,10.267,1.70,0.88,1.3862427612304686,-0.33518823242187495,-9.643844287109374,-2.816793893129771,0.183206106870229,1.6412213740458015,20.624117647058824
1762117069,3402.09037 N,08408.79546 W,279.6,10,0.88,10.195,1.70,0.88,1.4532804077148436,-0.45968671875,-9.713276135253906,-2.7709923664122136,-1.0076335877862594,1.282442748091603,20.671176470588236
1762117070,3402.09037 N,08408.79546 W,279.6,10,0.88,10.195,1.70,0.88,1.6065093139648436,-0.6823474731445313,-9.885658654785155,-7.8396946564885495,-1.1526717557251909,1.8396946564885497,20.76529411764706
1762117071,3402.09026 N,08408.79208 W,279.5,09,0.93,10.195,1.70,0.88,1.4532804077148436,-0.32082302246093747,-9.706093530273437,-2.3740458015267176,-2.0076335877862594,0.9923664122137404,20.718235294117648
1762117072,3402.09026 N,08408.79208 W,279.5,09,0.93,10.195,1.74,0.93,1.4030021728515625,-0.5793968017578125,-9.682151513671874,-2.5572519083969465,-1.717557251908397,0.9770992366412213,20.718235294117648
1762117073,3402.09026 N,08408.79208 W,279.5,09,0.93,10.195,1.74,0.93,1.5107412475585937,-0.32561142578124996,-9.708487731933593,-3.122137404580153,-0.5038167938931297,1.3740458015267176,21.424117647058825
1762117074,3402.09026 N,08408.79208 W,279.5,09,0.93,10.195,1.74,0.93,1.438915197753906,-0.4860229370117187,-9.763554370117188,-0.8854961832061069,-1.8244274809160306,0.42748091603053434,20.81235294117647
1762117075,3402.09026 N,08408.79208 W,279.5,09,0.93,10.195,1.74,0.93,1.2737152832031249,-0.4285620971679687,-9.7683427734375,-2.3053435114503817,-1.5954198473282444,1.1297709923664123,20.81235294117647
1762117076,3402.09026 N,08408.79208 W,279.5,09,0.93,10.195,1.74,0.93,1.39821376953125,-0.2346317626953125,-9.763554370117188,-2.030534351145038,-1.6946564885496183,0.366412213740458,20.76529411764706
1762117077,3402.09026 N,08408.79208 W,279.5,09,0.93,9.816,1.74,0.93,1.429338391113281,-0.38786066894531246,-9.641450085449218,-1.6793893129770991,-2.5801526717557253,0.6335877862595419,20.76529411764706
1762117078,3402.09026 N,08408.79208 W,279.5,09,0.93,9.816,1.74,0.93,1.4413093994140624,-0.30885201416015623,-9.557653027343749,-2.4580152671755724,-1.6641221374045803,1.618320610687023,20.81235294117647
1762117079,3402.09033 N,08408.78903 W,279.5,10,0.89,9.816,1.74,0.93,1.446097802734375,-0.4955997436523437,-9.543287817382812,-2.9083969465648853,-2.4732824427480917,1.1068702290076335,20.906470588235294
1762117080,3402.09033 N,08408.78903 W,279.5,10,0.89,9.816,1.72,0.89,1.3287819213867187,-0.25139117431640623,-9.782707983398437,-2.0381679389312977,-1.083969465648855,1.1450381679389312,20.859411764705882
1762117081,3402.09033 N,08408.78903 W,279.5,10,0.89,9.816,1.72,0.89,1.438915197753906,-0.25139117431640623,-9.677363110351562,-3.5114503816793894,-0.8931297709923665,0.8473282442748091,20.81235294117647
1762117082,3402.09033 N,08408.78903 W,279.5,10,0.89,9.816,1.72,0.89,1.388636962890625,-0.296881005859375,-9.698910925292969,-2.9389312977099236,-1.1603053435114503,1.1068702290076335,21.000588235294117
1762117083,3402.09033 N,08408.78903 W,279.5,10,0.89,9.816,1.72,0.89,1.4149731811523436,-0.22744915771484372,-9.753977563476562,-2.8931297709923665,-1.6793893129770991,1.1603053435114503,20.906470588235294
1762117084,3402.09033 N,08408.78903 W,279.5,10,0.89,9.816,1.72,0.89,1.3287819213867187,-0.296881005859375,-9.749189160156249,-2.427480916030534,-1.5114503816793894,1.0534351145038168,20.953529411764706
1762117085,3402.09033 N,08408.78903 W,279.5,10,0.89,9.515,1.72,0.89,1.1851298217773436,-0.30406361083984373,-9.74200655517578,-2.8244274809160306,-0.7480916030534351,0.7480916030534351,20.906470588235294
1762117086,3402.09033 N,08408.78903 W,279.5,10,0.89,9.515,1.72,0.89,1.419761584472656,-0.4860229370117187,-9.78031378173828,-3.122137404580153,0.5114503816793893,1.2061068702290076,20.953529411764706
1762117087,3402.09030 N,08408.78578 W,279.5,10,0.89,9.515,1.72,0.89,1.35990654296875,-0.39983167724609375,-9.746794958496093,0.0916030534351145,-1.9083969465648856,-2.099236641221374,21.000588235294117
1762117088,3402.09030 N,08408.78578 W,279.5,10,0.89,9.515,1.72,0.89,1.2401964599609374,-0.3806780639648437,-9.797073193359374,-2.717557251908397,-2.236641221374046,0.9312977099236641,21.09470588235294
1762117089,3402.09030 N,08408.78578 W,279.5,10,0.89,9.515,1.72,0.89,1.2928688964843749,-0.411802685546875,-9.753977563476562,-2.9389312977099236,-2.4885496183206106,1.1526717557251909,21.000588235294117
1762117090,3402.09030 N,08408.78578 W,279.5,10,0.89,9.515,1.72,0.89,1.1755530151367186,-0.28490999755859375,-9.823409411621093,-3.122137404580153,-2.0610687022900764,0.10687022900763359,21.09470588235294
1762117091,3402.09030 N,08408.78578 W,279.5,10,0.89,9.515,1.72,0.89,1.0773907470703123,-0.38307226562499996,-9.74200655517578,-2.8931297709923665,-0.8702290076335878,1.4809160305343512,21.141764705882352
1762117092,3402.09030 N,08408.78578 W,279.5,10,0.89,9.515,1.72,0.89,1.0749965454101562,-0.4213794921875,-9.753977563476562,-2.015267175572519,-1.9083969465648856,1.1450381679389312,21.000588235294117
1762117093,3402.09030 N,08408.78578 W,279.5,10,0.89,9.515,1.72,0.89,1.3096283081054687,-0.32082302246093747,-10.084377392578125,-3.3282442748091605,3.1755725190839694,1.9694656488549618,21.04764705882353
1762117094,3402.09030 N,08408.78578 W,279.5,10,0.89,8.664,1.72,0.89,0.93852705078125,-0.143652099609375,-9.677363110351562,-6.305343511450381,1.4580152671755726,2.6106870229007635,21.141764705882352
1762117095,3402.09030 N,08408.78578 W,279.5,10,0.89,8.664,1.72,0.89,1.2282254516601563,-0.354341845703125,-9.730035546875,-3.2900763358778624,-0.549618320610687,1.0305343511450382,21.188823529411764
1762117096,3402.09003 N,08408.78268 W,279.4,10,0.89,8.664,1.72,0.89,1.1156979736328125,-0.16759411621093748,-9.689334118652344,-2.4885496183206106,-2.3282442748091605,1.015267175572519,21.188823529411764
1762117097,3402.09003 N,08408.78268 W,279.4,10,0.89,8.664,1.72,0.89,1.4101847778320311,-0.25139117431640623,-10.026916552734374,-4.320610687022901,3.2595419847328246,1.4122137404580153,21.188823529411764
1762117098,3402.09003 N,08408.78268 W,279.4,10,0.89,8.664,1.72,0.89,1.3144167114257812,-0.4261678955078125,-9.842563024902343,-2.122137404580153,-2.9923664122137406,1.015267175572519,21.377058823529413
1762117099,3402.09003 N,08408.78268 W,279.4,10,0.89,8.664,1.72,0.89,1.3000515014648437,-0.26815058593749996,-9.792284790039062,-2.480916030534351,-1.366412213740458,1.1145038167938932,21.235882352941175
1762117100,3402.09003 N,08408.78268 W,279.4,10,0.89,8.664,1.72,0.89,1.2880804931640624,-0.32082302246093747,-9.777919580078125,-3.2213740458015265,-1.2290076335877862,1.16793893129771,21.28294117647059
1762117101,3402.09003 N,08408.78268 W,279.4,10,0.89,8.664,1.72,0.89,1.3311761230468748,-0.16280571289062498,-9.775525378417969,-1.9694656488549618,-1.1450381679389312,0.9541984732824428,21.28294117647059
1762117102,3402.09003 N,08408.78268 W,279.4,10,0.89,8.664,1.72,0.89,1.2904746948242187,-0.3711012573242187,-9.775525378417969,-2.8091603053435112,-1.3129770992366412,-0.29770992366412213,21.235882352941175
1762117103,3402.09003 N,08408.78268 W,279.4,10,0.89,7.891,1.72,0.89,1.139639990234375,-0.45968671875,-9.928754284667969,-3.2061068702290076,-1.5954198473282444,1.3358778625954197,21.330000000000002
1762117104,3402.09003 N,08408.78268 W,279.4,10,0.89,7.891,1.72,0.89,1.216254443359375,-0.5027823486328125,-9.758765966796874,-2.519083969465649,-1.1297709923664123,0.4580152671755725,21.330000000000002
1762117105,3402.08923 N,08408.78006 W,279.3,11,0.86,7.891,1.72,0.89,1.6232687255859375,-0.354341845703125,-9.82580361328125,-3.5343511450381677,0.7022900763358778,1.0,22.08294117647059
1762117106,3402.08923 N,08408.78006 W,279.3,11,0.86,7.891,1.69,0.86,1.2785036865234374,-0.1484405029296875,-9.557653027343749,-1.2061068702290076,-2.8625954198473282,-0.7480916030534351,20.718235294117648
1762117107,3402.08923 N,08408.78006 W,279.3,11,0.86,7.891,1.69,0.86,2.176329309082031,-0.0383072265625,-9.720458740234374,-6.564885496183206,1.2900763358778626,-2.7709923664122136,21.377058823529413
1762117108,3402.08923 N,08408.78006 W,279.3,11,0.86,7.891,1.69,0.86,1.7190367919921874,0.09337386474609374,-9.667786303710937,-1.5267175572519085,-2.236641221374046,1.099236641221374,22.177058823529414
1762117109,3402.08923 N,08408.78006 W,279.3,11,0.86,7.891,1.69,0.86,0.9337386474609375,-0.7254431030273437,-9.730035546875,-3.099236641221374,1.297709923664122,2.0,21.471176470588237
1762117110,3402.08923 N,08408.78006 W,279.3,11,0.86,7.891,1.69,0.86,1.197100830078125,-0.3399766357421875,-9.868899243164062,-3.816793893129771,-0.25190839694656486,1.4961832061068703,21.471176470588237
1762117111,3402.08923 N,08408.78006 W,279.3,11,0.86,7.891,1.69,0.86,1.2210428466796874,-0.20350714111328125,-9.686939916992188,-2.7786259541984735,-1.9083969465648856,2.3053435114503817,21.471176470588237
1762117112,3402.08923 N,08408.78006 W,279.3,11,0.86,8.259,1.69,0.86,0.9959878906249999,-0.3854664672851562,-9.842563024902343,-2.7480916030534353,-2.0839694656488548,3.0763358778625953,21.51823529411765
1762117113,3402.08923 N,08408.78006 W,279.3,11,0.86,8.259,1.69,0.86,1.1252747802734375,-0.5099649536132812,-9.605537060546874,-2.8396946564885495,-1.099236641221374,4.580152671755725,21.56529411764706
1762117114,3402.08765 N,08408.77823 W,279.3,11,0.86,8.259,1.69,0.86,1.0414777221679687,-0.4213794921875,-9.794678991699218,-3.66412213740458,0.5954198473282443,4.9465648854961835,21.56529411764706
1762117115,3402.08765 N,08408.77823 W,279.3,11,0.86,8.259,1.69,0.86,0.9217676391601562,-0.8595183959960937,-9.952696301269532,-2.480916030534351,-1.8778625954198473,12.19083969465649,21.61235294117647
1762117116,3402.08765 N,08408.77823 W,279.3,11,0.86,8.259,1.69,0.86,1.8459294799804686,-0.48123453369140623,-9.68454571533203,-8.458015267175572,0.8778625954198473,22.137404580152673,21.61235294117647
1762117117,3402.08765 N,08408.77823 W,279.3,11,0.86,8.259,1.69,0.86,1.6256629272460936,0.2154781494140625,-9.3086560546875,-8.51908396946565,3.2213740458015265,13.557251908396946,21.659411764705883
1762117118,3402.08765 N,08408.77823 W,279.3,11,0.86,8.259,1.69,0.86,1.0127473022460938,-0.34237083740234375,-9.847351428222655,-2.2290076335877864,0.05343511450381679,2.1297709923664123,21.61235294117647
1762117120,3402.08765 N,08408.77823 W,279.3,11,0.86,8.259,1.69,0.86,1.599326708984375,0.4213794921875,-9.564835632324218,-2.801526717557252,-3.854961832061069,3.4656488549618323,21.61235294117647
1762117121,3402.08765 N,08408.77823 W,279.3,11,0.86,8.259,1.69,0.86,1.024718310546875,0.5099649536132812,-9.87608184814453,-2.8091603053435112,-0.5114503816793893,11.908396946564885,21.659411764705883
1762117122,3402.08765 N,08408.77823 W,279.3,11,0.86,7.472,1.69,0.86,1.16837041015625,0.44532150878906246,-9.732429748535155,-3.7938931297709924,-2.114503816793893,16.603053435114504,21.706470588235295
1762117123,3402.08765 N,08408.77823 W,279.3,11,0.86,7.472,1.69,0.86,1.8124106567382812,0.7302315063476562,-9.548076220703125,-4.801526717557252,0.6564885496183206,17.442748091603054,21.753529411764706
1762117124,3402.08566 N,08408.77735 W,279.3,11,0.86,7.472,1.69,0.86,2.2601263671875,1.0342951171875,-9.804255798339844,-2.5114503816793894,-0.030534351145038167,9.854961832061068,21.80058823529412
1762117125,3402.08566 N,08408.77735 W,279.3,11,0.86,7.472,1.69,0.86,2.118868469238281,0.6416460449218749,-9.639055883789062,-1.3435114503816794,-4.122137404580153,1.5877862595419847,21.706470588235295
1762117126,3402.08566 N,08408.77735 W,279.3,11,0.86,7.472,1.69,0.86,1.5035586425781249,-0.0526724365234375,-9.516951599121093,-4.2748091603053435,-0.8396946564885496,0.6183206106870229,21.80058823529412
1762117127,3402.08566 N,08408.77735 W,279.3,11,0.86,7.472,1.69,0.86,0.97683427734375,-0.05027823486328125,-9.832986218261718,-3.312977099236641,-2.045801526717557,-0.20610687022900764,21.847647058823533
1762117128,3402.08566 N,08408.77735 W,279.3,11,0.86,7.472,1.69,0.86,2.81558115234375,-0.6105214233398437,-9.919177478027343,3.3740458015267176,-6.564885496183206,-10.763358778625955,21.80058823529412
1762117129,3402.08566 N,08408.77735 W,279.3,11,0.86,7.472,1.69,0.86,3.3207577026367185,-2.1619640991210938,-9.80665,-3.8473282442748094,-1.4122137404580153,-20.580152671755727,21.847647058823533
1762117130,3402.08566 N,08408.77735 W,279.3,11,0.86,7.472,1.69,0.86,2.6479870361328124,-1.5610194824218748,-9.955090502929687,-2.053435114503817,1.8396946564885497,-18.610687022900763,21.894705882352945
1762117131,3402.08566 N,08408.77735 W,279.3,11,0.86,7.329,1.69,0.86,2.7150246826171873,-0.7038952880859375,-9.564835632324218,0.183206106870229,-3.946564885496183,-16.770992366412212,21.941764705882356
1762117132,3402.08566 N,08408.77735 W,279.3,11,0.86,7.329,1.69,0.86,2.2960393920898436,-1.216254443359375,-9.794678991699218,-0.3053435114503817,-2.5343511450381677,-12.770992366412214,21.988823529411768
1762117133,3402.08363 N,08408.77705 W,279.3,09,1.01,7.329,1.69,0.86,1.8650830932617186,-0.9457096557617187,-9.904812268066406,-0.1984732824427481,-1.702290076335878,-10.412213740458014,21.941764705882356
1762117134,3402.08363 N,08408.77705 W,279.3,09,1.01,7.329,2.07,1.01,1.599326708984375,-0.7278373046875,-9.952696301269532,1.5572519083969465,-3.404580152671756,-13.274809160305344,21.894705882352945
1762117135,3402.08363 N,08408.77705 W,279.3,09,1.01,7.329,2.07,1.01,3.1316157714843746,-0.6679822631835937,-9.485826977539062,-1.7633587786259541,-1.5038167938931297,-12.458015267175572,21.894705882352945
1762117136,3402.08363 N,08408.77705 W,279.3,09,1.01,7.329,2.07,1.01,2.9735984619140625,-0.842758984375,-9.677363110351562,2.7786259541984735,-2.16793893129771,-23.404580152671755,21.988823529411768
1762117137,3402.08363 N,08408.77705 W,279.3,09,1.01,7.329,2.07,1.01,2.8203695556640622,-1.2904746948242187,-9.476250170898437,-3.687022900763359,4.259541984732825,-21.61832061068702,21.988823529411768
1762117138,3402.08363 N,08408.77705 W,279.3,09,1.01,7.329,2.07,1.01,2.0925322509765625,0.9169792358398436,-9.509768994140625,-0.4351145038167939,-4.4961832061068705,-8.0,22.03588235294118
1762117139,3402.08363 N,08408.77705 W,279.3,09,1.01,8.615,2.07,1.01,2.398990063476562,0.6464344482421874,-9.641450085449218,-3.595419847328244,-4.106870229007634,4.267175572519084,22.03588235294118
1762117140,3402.08363 N,08408.77705 W,279.3,09,1.01,8.615,2.07,1.01,1.5107412475585937,0.718260498046875,-9.311050256347656,-5.519083969465649,-11.709923664122137,-0.022900763358778626,22.130000000000003
1762117141,3402.08134 N,08408.77685 W,279.4,11,0.86,8.615,2.07,1.01,1.714248388671875,0.507570751953125,-9.945513696289062,-2.053435114503817,-0.6793893129770993,-0.916030534351145,22.08294117647059
1762117142,3402.08134 N,08408.77685 W,279.4,11,0.86,8.615,1.69,0.86,1.2641384765625,0.3184288208007812,-9.87608184814453,-2.2748091603053435,-2.7404580152671754,0.061068702290076333,22.08294117647059
1762117143,3402.08134 N,08408.77685 W,279.4,11,0.86,8.615,1.69,0.86,1.0486603271484374,0.0047884033203125,-9.651026892089844,0.366412213740458,-4.251908396946565,-0.9541984732824428,21.51823529411765
1762117144,3402.08134 N,08408.77685 W,279.4,11,0.86,8.615,1.69,0.86,0.8355763793945312,0.16519991455078123,-9.976638317871092,-1.0305343511450382,-4.0458015267175576,-1.083969465648855,21.471176470588237
1762117145,3402.08134 N,08408.77685 W,279.4,11,0.86,8.615,1.69,0.86,1.0462661254882812,0.0526724365234375,-10.1131078125,0.48091603053435117,-4.893129770992366,-0.13740458015267176,21.471176470588237
1762117146,3402.08134 N,08408.77685 W,279.4,11,0.86,8.615,1.69,0.86,0.8499415893554687,0.011971008300781249,-9.775525378417969,-0.6946564885496184,-2.9770992366412212,0.816793893129771,22.130000000000003
1762117147,3402.08134 N,08408.77685 W,279.4,11,0.86,10.390,1.69,0.86,1.1659762084960936,-0.02154781494140625,-9.964667309570311,-1.099236641221374,-0.35877862595419846,0.030534351145038167,22.271176470588237
1762117148,3402.08134 N,08408.77685 W,279.4,11,0.86,10.390,1.69,0.86,0.7541735229492187,-0.277727392578125,-9.809044201660155,-3.687022900763359,0.7938931297709924,1.251908396946565,22.130000000000003
1762117149,3402.07862 N,08408.77675 W,279.4,11,0.89,10.390,1.69,0.86,0.4429273071289062,-0.12449848632812499,-9.296685046386719,-2.5114503816793894,-0.6259541984732825,2.6106870229007635,22.271176470588237
1762117150,3402.07862 N,08408.77675 W,279.4,11,0.89,10.390,1.71,0.89,0.8307879760742187,-0.4381389038085937,-9.217676391601563,-4.595419847328245,0.5648854961832062,4.091603053435114,22.271176470588237
1762117151,3402.07862 N,08408.77675 W,279.4,11,0.89,10.390,1.71,0.89,0.74699091796875,0.3064578125,-9.727641345214844,-2.4656488549618323,-5.687022900763359,0.20610687022900764,22.271176470588237
1762117152,3402.07862 N,08408.77675 W,279.4,11,0.89,10.390,1.71,0.89,1.867477294921875,-0.009576806640625,-10.843339318847656,-7.427480916030534,-6.083969465648855,3.267175572519084,22.412352941176472
1762117153,3402.07862 N,08408.77675 W,279.4,11,0.89,10.390,1.71,0.89,1.0821791503906248,-0.565031591796875,-9.64623848876953,-15.099236641221374,8.0,0.16793893129770993,22.36529411764706
1762117154,3402.07862 N,08408.77675 W,279.4,11,0.89,10.390,1.71,0.89,0.8188169677734375,0.086191259765625,-9.519345800781249,-9.977099236641221,3.404580152671756,-8.633587786259541,22.36529411764706
1762117155,3402.07862 N,08408.77675 W,279.4,11,0.89,11.848,1.71,0.89,1.1276689819335937,-0.1292868896484375,-10.620678564453124,-2.595419847328244,2.213740458015267,0.7099236641221374,22.36529411764706
1762117156,3402.07862 N,08408.77675 W,279.4,11,0.89,11.848,1.71,0.89,1.1516109985351561,-0.1867477294921875,-10.558429321289061,-0.32061068702290074,-16.34351145038168,23.778625954198475,22.412352941176472
1762117157,3402.07547 N,08408.77669 W,279.6,10,0.90,11.848,1.71,0.89,0.2442085693359375,-0.82360537109375,-9.904812268066406,-2.0839694656488548,-9.450381679389313,-0.35877862595419846,22.412352941176472
1762117158,3402.07547 N,08408.77669 W,279.6,10,0.90,11.848,1.71,0.90,0.6416460449218749,-0.6512228515624999,-9.581595043945311,-2.66412213740458,2.5572519083969465,0.7175572519083969,22.36529411764706
1762117159,3402.07547 N,08408.77669 W,279.6,10,0.90,11.848,1.71,0.90,0.5195417602539062,-0.19871873779296872,-10.726023437499999,-4.091603053435114,2.816793893129771,0.19083969465648856,22.506470588235295
1762117160,3402.07547 N,08408.77669 W,279.6,10,0.90,11.848,1.71,0.90,0.32561142578124996,-0.2059013427734375,-9.497797985839844,2.5801526717557253,-3.6259541984732824,4.374045801526718,22.506470588235295
1762117161,3402.07547 N,08408.77669 W,279.6,10,0.90,11.848,1.71,0.90,0.17238251953125,0.13168109130859373,-10.026916552734374,-5.755725190839694,4.206106870229007,3.2519083969465647,22.553529411764707
1762117162,3402.07547 N,08408.77669 W,279.6,10,0.90,11.848,1.71,0.90,-0.07900865478515624,0.143652099609375,-9.576806640625,3.099236641221374,0.9694656488549618,5.458015267175573,22.506470588235295
1762117163,3402.07547 N,08408.77669 W,279.6,10,0.90,12.958,1.71,0.90,-0.16280571289062498,0.28730419921875,-9.126696728515624,-2.5877862595419847,-2.183206106870229,4.0534351145038165,22.459411764705884
1762117164,3402.07547 N,08408.77669 W,279.6,10,0.90,12.958,1.71,0.90,-0.2059013427734375,0.12449848632812499,-9.471461767578125,-2.519083969465649,-0.9541984732824428,6.778625954198473,22.459411764705884
1762117165,3402.07196 N,08408.77663 W,279.5,11,0.90,12.958,1.71,0.90,-0.93852705078125,-0.6727706665039062,-10.031704956054687,-9.236641221374045,4.0534351145038165,4.511450381679389,22.553529411764707
1762117166,3402.07196 N,08408.77663 W,279.5,11,0.90,12.958,1.71,0.90,-0.47644613037109373,-1.1755530151367186,-9.832986218261718,-7.755725190839694,0.7786259541984732,7.572519083969466,22.60058823529412
1762117167,3402.07196 N,08408.77663 W,279.5,11,0.90,12.958,1.71,0.90,-1.1252747802734375,-0.46686932373046874,-9.303867651367186,-2.49618320610687,-5.145038167938932,-10.793893129770993,22.506470588235295
1762117168,3402.07196 N,08408.77663 W,279.5,11,0.90,12.958,1.71,0.90,0.1197100830078125,-0.2537853759765625,-9.394847314453125,-9.702290076335878,8.427480916030534,9.076335877862595,22.60058823529412
1762117169,3402.07196 N,08408.77663 W,279.5,11,0.90,12.958,1.71,0.90,-0.42377369384765623,-0.0909796630859375,-9.967061511230469,-6.099236641221374,7.67175572519084,3.7709923664122136,22.64764705882353
1762117170,3402.07196 N,08408.77663 W,279.5,11,0.90,12.958,1.71,0.90,-0.1867477294921875,0.8786720092773437,-9.220070593261719,-8.290076335877863,2.0916030534351147,5.267175572519084,22.69470588235294
1762117171,3402.07196 N,08408.77663 W,279.5,11,0.90,13.605,1.71,0.90,0.6464344482421874,0.6560112548828124,-9.315838659667968,-15.312977099236642,5.412213740458015,4.938931297709924,22.64764705882353
1762117172,3402.07196 N,08408.77663 W,279.5,11,0.90,13.605,1.71,0.90,0.612915625,-1.2138602416992186,-10.122684619140625,4.480916030534351,-3.3587786259541983,-2.7480916030534353,22.741764705882353
1762117173,3402.06825 N,08408.77664 W,279.5,11,0.86,13.605,1.71,0.90,-0.19153613281249998,-0.70868369140625,-10.1131078125,-2.66412213740458,-2.4656488549618323,1.6259541984732824,22.60058823529412
1762117174,3402.06825 N,08408.77664 W,279.5,11,0.86,13.605,1.69,0.86,0.1149216796875,-1.446097802734375,-10.450690246582031,-7.267175572519084,9.870229007633588,-3.8702290076335877,22.64764705882353
1762117175,3402.06825 N,08408.77664 W,279.5,11,0.86,13.605,1.69,0.86,-0.5243301635742187,-0.9528922607421875,-10.771513269042968,-0.7938931297709924,-1.534351145038168,-2.4427480916030535,22.69470588235294
1762117176,3402.06825 N,08408.77664 W,279.5,11,0.86,13.605,1.69,0.86,-0.59376201171875,-0.03591302490234375,-9.026140258789061,11.305343511450381,11.076335877862595,-3.8625954198473282,22.741764705882353
1762117177,3402.06825 N,08408.77664 W,279.5,11,0.86,13.605,1.69,0.86,-0.2537853759765625,-0.6536170532226562,-9.49300958251953,-1.7938931297709924,-1.9541984732824427,0.7709923664122137,22.741764705882353
1762117178,3402.06825 N,08408.77664 W,279.5,11,0.86,13.605,1.69,0.86,-0.0718260498046875,-0.4644751220703125,-9.859322436523437,-0.9923664122137404,-4.2748091603053435,0.32061068702290074,22.69470588235294
1762117179,3402.06825 N,08408.77664 W,279.5,11,0.86,13.339,1.69,0.86,-0.3854664672851562,-0.7206546997070312,-9.593566052246093,-4.595419847328245,2.4732824427480917,0.5343511450381679,22.788823529411765
1762117180,3402.06825 N,08408.77664 W,279.5,11,0.86,13.339,1.69,0.86,-0.5626373901367188,-1.180341418457031,-9.727641345214844,-3.213740458015267,1.1526717557251909,1.7404580152671756,22.788823529411765
1762117181,3402.06452 N,08408.77669 W,279.4,11,0.86,13.339,1.69,0.86,-0.9313444458007812,-1.5322890624999999,-9.897629663085937,-0.44274809160305345,-1.8931297709923665,6.305343511450381,22.788823529411765
1762117182,3402.06452 N,08408.77669 W,279.4,11,0.86,13.339,1.69,0.86,-1.8435352783203125,-2.0278888061523435,-10.204087475585936,12.633587786259541,-11.13740458015267,-23.46564885496183,22.788823529411765
1762117183,3402.06452 N,08408.77669 W,279.4,11,0.86,13.339,1.69,0.86,-0.8212111694335937,-1.7262193969726563,-9.801861596679688,-9.526717557251908,2.3740458015267176,1.7938931297709924,22.882941176470588
1762117184,3402.06452 N,08408.77669 W,279.4,11,0.86,13.339,1.69,0.86,-0.622492431640625,-1.37906015625,-9.78031378173828,-3.3893129770992365,-1.282442748091603,0.9236641221374046,22.788823529411765
1762117185,3402.06452 N,08408.77669 W,279.4,11,0.86,13.339,1.69,0.86,0.4860229370117187,-0.033518823242187495,-9.655815295410155,-2.3969465648854964,-2.564885496183206,1.2290076335877862,22.741764705882353
1762117186,3402.06452 N,08408.77669 W,279.4,11,0.86,13.339,1.69,0.86,0.8044517578125,0.22266075439453123,-9.765948571777344,-3.351145038167939,0.6335877862595419,0.26717557251908397,22.882941176470588
1762117187,3402.06452 N,08408.77669 W,279.4,11,0.86,12.666,1.69,0.86,1.4891934326171874,0.7876923461914062,-9.797073193359374,-5.6106870229007635,-6.122137404580153,5.030534351145038,22.93
1762117188,3402.06452 N,08408.77669 W,279.4,11,0.86,12.666,1.69,0.86,1.218648645019531,0.4908113403320312,-9.79946739501953,-3.6412213740458017,-1.9312977099236641,0.3511450381679389,22.93
1762117189,3402.06090 N,08408.77679 W,279.3,11,0.86,12.666,1.69,0.86,1.3000515014648437,0.2346317626953125,-9.739612353515625,-4.465648854961832,0.4198473282442748,-6.694656488549619,23.68294117647059
1762117190,3402.06090 N,08408.77679 W,279.3,11,0.86,12.666,1.69,0.86,1.5801730957031248,-1.3263877197265623,-9.629479077148437,1.0687022900763359,-2.1755725190839694,-19.83969465648855,22.835882352941177
1762117191,3402.06090 N,08408.77679 W,279.3,11,0.86,12.666,1.69,0.86,1.4724340209960938,-1.4700398193359374,-9.770736975097655,-2.4427480916030535,3.114503816793893,-21.404580152671755,23.68294117647059
1762117192,3402.06090 N,08408.77679 W,279.3,11,0.86,12.666,1.69,0.86,1.8052280517578123,-1.3024457031249999,-9.682151513671874,-2.648854961832061,-2.7709923664122136,-20.786259541984734,22.31823529411765
1762117193,3402.06090 N,08408.77679 W,279.3,11,0.86,12.666,1.69,0.86,2.003946789550781,-0.4644751220703125,-9.866505041503906,-5.778625954198473,0.3893129770992366,-4.427480916030534,23.024117647058823
1762117194,3402.06090 N,08408.77679 W,279.3,11,0.86,12.666,1.69,0.86,1.2234370483398436,0.4285620971679687,-10.287884533691406,-1.8625954198473282,-2.198473282442748,-3.6259541984732824,22.97705882352941
1762117195,3402.06090 N,08408.77679 W,279.3,11,0.86,11.536,1.69,0.86,1.1228805786132812,0.02154781494140625,-10.24000050048828,-1.2671755725190839,1.0763358778625953,1.1526717557251909,22.97705882352941
1762117196,3402.06090 N,08408.77679 W,279.3,11,0.86,11.536,1.69,0.86,0.8547299926757812,-0.3399766357421875,-9.050082275390624,-4.99236641221374,-4.755725190839694,-0.2900763358778626,22.97705882352941
1762117197,3402.05754 N,08408.77692 W,279.3,11,0.86,11.536,1.69,0.86,0.689530078125,-0.22266075439453123,-9.550470422363281,-7.2748091603053435,1.450381679389313,2.8473282442748094,22.97705882352941
1762117198,3402.05754 N,08408.77692 W,279.3,11,0.86,11.536,1.69,0.86,1.0414777221679687,-0.19632453613281248,-9.014169250488282,-1.900763358778626,-2.3893129770992365,2.2061068702290076,23.118235294117646
1762117199,3402.05754 N,08408.77692 W,279.3,11,0.86,11.536,1.69,0.86,-0.6248866333007812,-0.46208092041015625,-9.619902270507811,-4.106870229007634,-2.7480916030534353,2.2213740458015265,23.024117647058823
1762117200,3402.05754 N,08408.77692 W,279.3,11,0.86,11.536,1.69,0.86,-0.07422025146484375,0.6560112548828124,-9.835380419921874,-0.6412213740458015,0.8931297709923665,1.633587786259542,23.118235294117646
1762117201,3402.05754 N,08408.77692 W,279.3,11,0.86,11.536,1.69,0.86,0.03591302490234375,0.6488286499023437,-10.402806213378906,-2.7709923664122136,-2.7404580152671754,9.305343511450381,23.071176470588235
1762117202,3402.05754 N,08408.77692 W,279.3,11,0.86,11.536,1.69,0.86,0.29448680419921874,0.9361328491210937,-9.327809667968749,-1.816793893129771,-7.0,6.473282442748092,23.071176470588235
1762117203,3402.05754 N,08408.77692 W,279.3,11,0.86,10.431,1.69,0.86,0.4740519287109375,-0.2657563842773437,-10.455478649902343,-1.1526717557251909,-3.7480916030534353,3.885496183206107,23.165294117647058
1762117204,3402.05754 N,08408.77692 W,279.3,11,0.86,10.431,1.69,0.86,0.6464344482421874,-0.30885201416015623,-9.74200655517578,-2.564885496183206,-7.7251908396946565,0.7557251908396947,23.118235294117646
1762117205,3402.05447 N,08408.77694 W,279.4,11,0.86,10.431,1.69,0.86,0.28969840087890625,-1.0462661254882812,-9.787496386718749,1.8778625954198473,4.312977099236641,0.21374045801526717,23.165294117647058
1762117206,3402.05447 N,08408.77694 W,279.4,11,0.86,10.431,1.69,0.86,-0.076614453125,-0.49799394531249996,-9.521740002441407,-3.49618320610687,-4.587786259541985,-0.12213740458015267,23.21235294117647
1762117207,3402.05447 N,08408.77694 W,279.4,11,0.86,10.431,1.69,0.86,-0.3806780639648437,0.23223756103515625,-9.49300958251953,0.5190839694656488,-2.4732824427480917,0.6793893129770993,23.25941176470588
1762117208,3402.05447 N,08408.77694 W,279.4,11,0.86,10.431,1.69,0.86,-0.5698199951171875,1.2138602416992186,-10.939107385253905,-2.0229007633587788,-15.572519083969466,2.900763358778626,23.306470588235296
1762117209,3402.05447 N,08408.77694 W,279.4,11,0.86,10.431,1.69,0.86,-0.37828386230468747,1.1180921752929687,-8.157045056152343,-31.396946564885496,11.870229007633588,55.9236641221374,23.21235294117647
1762117210,3402.05447 N,08408.77694 W,279.4,11,0.86,10.431,1.69,0.86,-0.22266075439453123,-0.0047884033203125,-10.072406384277343,-7.4961832061068705,2.2595419847328246,12.305343511450381,23.21235294117647
1762117211,3402.05447 N,08408.77694 W,279.4,11,0.86,7.911,1.69,0.86,0.30885201416015623,-1.6352397338867186,-9.665392102050781,-1.7557251908396947,-2.3053435114503817,-3.4198473282442747,23.21235294117647
1762117212,3402.05447 N,08408.77694 W,279.4,11,0.86,7.911,1.69,0.86,1.2928688964843749,-1.7932570434570312,-9.409212524414063,-7.854961832061068,4.519083969465649,0.10687022900763359,23.21235294117647
1762117213,3402.05195 N,08408.77700 W,279.4,11,0.86,7.911,1.69,0.86,1.1659762084960936,-1.9847931762695312,-10.24000050048828,0.8015267175572519,-2.618320610687023,-11.312977099236642,23.21235294117647
1762117215,3402.05195 N,08408.77700 W,279.4,11,0.86,7.911,1.69,0.86,1.3192051147460937,-1.5251064575195312,-9.296685046386719,-1.2442748091603053,-8.923664122137405,-12.625954198473282,23.353529411764708
1762117216,3402.05195 N,08408.77700 W,279.4,11,0.86,7.911,1.69,0.86,1.5298948608398437,-1.8339584716796873,-9.713276135253906,-1.1068702290076335,-0.3969465648854962,-10.610687022900763,23.21235294117647
1762117217,3402.05195 N,08408.77700 W,279.4,11,0.86,7.911,1.69,0.86,1.5322890624999999,-0.7876923461914062,-8.456320263671875,6.732824427480916,3.5801526717557253,-7.2748091603053435,23.306470588235296
1762117218,3402.05195 N,08408.77700 W,279.4,11,0.86,7.911,1.69,0.86,0.6775590698242188,-0.4955997436523437,-9.586383447265625,2.16793893129771,-2.5343511450381677,-3.854961832061069,23.353529411764708
1762117219,3402.05195 N,08408.77700 W,279.4,11,0.86,7.911,1.69,0.86,0.4908113403320312,-1.0366893188476562,-10.223241088867187,-1.8702290076335877,-10.229007633587786,0.6335877862595419,23.25941176470588
1762117220,3402.05195 N,08408.77700 W,279.4,11,0.86,5.152,1.69,0.86,-0.4908113403320312,-1.1468225952148436,-9.598354455566406,6.488549618320611,-5.175572519083969,0.4961832061068702,23.353529411764708
1762117221,3402.05195 N,08408.77700 W,279.4,11,0.86,5.152,1.69,0.86,-0.7733271362304687,-1.1444283935546875,-10.369287390136718,0.32061068702290074,2.16793893129771,-2.50381679389313,23.44764705882353
1762117222,3402.05019 N,08408.77722 W,279.5,11,0.86,5.152,1.69,0.86,0.20829554443359374,-1.5179238525390624,-9.567229833984374,-4.465648854961832,-1.6870229007633588,3.2213740458015265,23.40058823529412
1762117223,3402.05019 N,08408.77722 W,279.5,11,0.86,5.152,1.69,0.86,-0.6703764648437499,-0.6272808349609375,-10.199299072265624,-1.4274809160305344,-1.4809160305343512,-0.31297709923664124,23.40058823529412
1762117224,3402.05019 N,08408.77722 W,279.5,11,0.86,5.152,1.69,0.86,0.5363011718749999,-0.6368576416015624,-9.950302099609374,0.3969465648854962,-10.15267175572519,2.519083969465649,23.44764705882353
1762117225,3402.05019 N,08408.77722 W,279.5,11,0.86,5.152,1.69,0.86,-0.7230489013671875,0.5219359619140624,-9.74200655517578,-1.4885496183206106,1.1450381679389312,2.5572519083969465,23.353529411764708
1762117226,3402.05019 N,08408.77722 W,279.5,11,0.86,5.152,1.69,0.86,-1.8076222534179687,-0.41419688720703124,-9.945513696289062,-3.2519083969465647,-2.053435114503817,-0.2824427480916031,23.44764705882353
1762117227,3402.05019 N,08408.77722 W,279.5,11,0.86,5.152,1.69,0.86,-1.7453730102539062,-1.465251416015625,-9.289502441406249,5.396946564885496,-2.030534351145038,-10.786259541984732,23.44764705882353
1762117228,3402.05019 N,08408.77722 W,279.5,11,0.86,5.099,1.69,0.86,-0.7302315063476562,-1.0271125122070313,-10.381258398437499,2.7557251908396947,-0.6793893129770993,-4.656488549618321,23.494705882352942
1762117229,3402.05019 N,08408.77722 W,279.5,11,0.86,5.099,1.69,0.86,-0.9624690673828125,-1.9776105712890624,-10.230423693847655,-17.83206106870229,8.091603053435115,25.389312977099237,23.40058823529412
1762117230,3402.04888 N,08408.77772 W,279.4,11,0.86,5.099,1.69,0.86,0.29927520751953124,-0.7972691528320313,-9.916783276367187,-5.122137404580153,3.5343511450381677,-0.5877862595419847,23.44764705882353
1762117231,3402.04888 N,08408.77772 W,279.4,11,0.86,5.099,1.69,0.86,1.3623007446289062,-1.1372457885742187,-10.381258398437499,-5.442748091603053,-0.7709923664122137,-9.251908396946565,23.541764705882354
1762117232,3402.04888 N,08408.77772 W,279.4,11,0.86,5.099,1.69,0.86,1.2617442749023438,-1.618480322265625,-9.181763366699219,1.3893129770992367,-0.9007633587786259,-12.625954198473282,23.588823529411766
1762117233,3402.04888 N,08408.77772 W,279.4,11,0.86,5.099,1.69,0.86,1.707065783691406,-1.0869675537109373,-10.733206042480468,-2.633587786259542,-0.46564885496183206,-15.49618320610687,23.494705882352942
1762117234,3402.04888 N,08408.77772 W,279.4,11,0.86,5.099,1.69,0.86,1.4413093994140624,-1.3311761230468748,-9.090783703613281,-4.083969465648855,5.801526717557252,-10.274809160305344,23.541764705882354
1762117235,3402.04888 N,08408.77772 W,279.4,11,0.86,5.099,1.69,0.86,-0.1580173095703125,0.3064578125,-9.854534033203125,-1.381679389312977,-4.519083969465649,3.6030534351145036,23.588823529411766
1762117236,3402.04888 N,08408.77772 W,279.4,11,0.86,5.710,1.69,0.86,-0.3758896606445312,0.5243301635742187,-10.01733974609375,-5.0458015267175576,6.8396946564885495,10.297709923664122,23.494705882352942
1762117237,3402.04888 N,08408.77772 W,279.4,11,0.86,5.710,1.69,0.86,-1.158793603515625,0.28490999755859375,-9.816226806640625,-5.244274809160306,3.282442748091603,6.717557251908397,23.541764705882354
1762117238,3402.04774 N,08408.77888 W,279.3,11,0.86,5.710,1.69,0.86,1.0319009155273438,-0.9313444458007812,-9.672574707031249,-2.954198473282443,0.6183206106870229,11.977099236641221,23.68294117647059
1762117239,3402.04774 N,08408.77888 W,279.3,11,0.86,5.710,1.69,0.86,1.4724340209960938,-1.5251064575195312,-10.390835205078124,-8.49618320610687,-2.053435114503817,-6.236641221374046,23.588823529411766
1762117240,3402.04774 N,08408.77888 W,279.3,11,0.86,5.710,1.69,0.86,1.2880804931640624,-1.2785036865234374,-10.651803186035156,-6.679389312977099,-5.984732824427481,-6.6183206106870225,23.588823529411766
1762117241,3402.04774 N,08408.77888 W,279.3,11,0.86,5.710,1.69,0.86,1.2234370483398436,-1.0630255371093749,-8.863334545898438,-4.519083969465649,1.6488549618320612,-3.801526717557252,23.588823529411766
1762117242,3402.04774 N,08408.77888 W,279.3,11,0.86,5.710,1.69,0.86,1.0845733520507812,-0.6081272216796875,-8.777143286132812,-5.213740458015267,1.8778625954198473,-0.549618320610687,23.541764705882354
1762117243,3402.04774 N,08408.77888 W,279.3,11,0.86,5.710,1.69,0.86,-0.27293898925781246,-0.29927520751953124,-10.182539660644531,-0.4351145038167939,5.625954198473282,2.786259541984733,23.635882352941177
1762117244,3402.04774 N,08408.77888 W,279.3,11,0.86,6.830,1.69,0.86,-0.28012159423828126,-1.0366893188476562,-9.375693701171874,-2.3435114503816794,1.5877862595419847,8.580152671755725,23.68294117647059
1762117245,3402.04774 N,08408.77888 W,279.3,11,0.86,6.830,1.69,0.86,-1.7262193969726563,-0.1484405029296875,-9.495403784179686,6.549618320610687,-21.740458015267176,-38.3206106870229,23.73
1762117246,3402.04697 N,08408.78074 W,278.9,11,0.86,6.830,1.69,0.86,-1.5083470458984374,-0.23223756103515625,-10.177751257324218,-4.702290076335878,0.45038167938931295,10.16793893129771,24.388823529411766
1762117247,3402.04697 N,08408.78074 W,278.9,11,0.86,6.830,1.69,0.86,-1.3910311645507811,0.17477672119140625,-9.81862100830078,-11.801526717557252,11.221374045801527,30.9618320610687,23.541764705882354
1762117248,3402.04697 N,08408.78074 W,278.9,11,0.86,6.830,1.69,0.86,-0.47644613037109373,-0.04548983154296875,-9.244012609863281,-4.595419847328245,1.0,17.427480916030536,23.73
1762117249,3402.04697 N,08408.78074 W,278.9,11,0.86,6.830,1.69,0.86,-0.9983820922851562,-0.32561142578124996,-9.842563024902343,8.305343511450381,-7.5038167938931295,-4.0,23.68294117647059
1762117250,3402.04697 N,08408.78074 W,278.9,11,0.86,6.830,1.69,0.86,-1.2952630981445312,-0.8283937744140625,-9.612719665527344,5.259541984732825,-2.732824427480916,-0.09923664122137404,23.73
1762117251,3402.04697 N,08408.78074 W,278.9,11,0.86,6.830,1.69,0.86,-2.205059729003906,-2.959233251953125,-9.167398156738281,14.740458015267176,3.984732824427481,-39.045801526717554,23.68294117647059
1762117252,3402.04697 N,08408.78074 W,278.9,11,0.86,8.682,1.69,0.86,-1.4221557861328125,-2.798821740722656,-9.275137231445312,1.0229007633587786,-1.7404580152671756,-1.251908396946565,24.435882352941178
1762117253,3402.04697 N,08408.78074 W,278.9,11,0.86,8.682,1.69,0.86,-0.2442085693359375,-0.6153098266601562,-9.821015209960937,-6.1679389312977095,-0.5190839694656488,5.816793893129771,23.824117647058827
1762117254,3402.04655 N,08408.78338 W,279.2,11,0.86,8.682,1.69,0.86,1.4628572143554686,-0.06703764648437499,-9.536105212402344,-38.89312977099237,21.16793893129771,55.13740458015267,23.635882352941177
1762117255,3402.04655 N,08408.78338 W,279.2,11,0.86,8.682,1.69,0.86,0.6655880615234374,1.0414777221679687,-10.089165795898436,-1.3893129770992367,-1.183206106870229,8.748091603053435,23.777058823529412
1762117256,3402.04655 N,08408.78338 W,279.2,11,0.86,8.682,1.69,0.86,0.9959878906249999,-0.2442085693359375,-10.024522351074218,3.687022900763359,-1.1374045801526718,3.3893129770992365,23.024117647058823
1762117257,3402.04655 N,08408.78338 W,279.2,11,0.86,8.682,1.69,0.86,1.3383587280273437,-0.6751648681640625,-9.64623848876953,-1.7633587786259541,-0.366412213740458,-6.633587786259542,23.91823529411765
1762117258,3402.04655 N,08408.78338 W,279.2,11,0.86,8.682,1.69,0.86,1.426944189453125,-1.0366893188476562,-9.938331091308592,5.8320610687022905,-2.3969465648854964,-21.793893129770993,23.824117647058827
1762117259,3402.04655 N,08408.78338 W,279.2,11,0.86,8.682,1.69,0.86,1.5753846923828123,-0.97683427734375,-9.397241516113281,-1.984732824427481,-5.236641221374046,-14.335877862595419,23.824117647058827
