timestamp,latitude,longitude,altitude_m,satellites,hdop,speed_knots,pdop,vdop,accel_x,accel_y,accel_z,gyro_x,gyro_y,gyro_z,temp
1761616598,,,,,,,,,0.0,0.0,0.0,0.0,0.25190839694656486,30.977099236641223,23.44764705882353
1761616599,,,,,,,2.05,1.05,0.5506663818359374,0.7254431030273437,-9.710881933593749,-2.83206106870229,-1.2671755725190839,0.8473282442748091,23.73
1761616600,,,,,,,2.05,1.05,0.5458779785156249,0.6248866333007812,-9.670180505371093,-3.2442748091603053,-1.2595419847328244,1.3740458015267176,23.91823529411765
1761616601,,,,,,,2.05,1.05,0.4644751220703125,0.8667010009765624,-9.763554370117188,-2.9160305343511452,-1.1145038167938932,1.0381679389312977,23.824117647058827
1761616602,,,,,,,2.05,1.05,0.5674257934570313,0.7637503295898437,-9.708487731933593,-2.6412213740458017,-1.1145038167938932,0.9541984732824428,23.965294117647062
1761616603,,,,,,,2.05,1.05,0.5985504150390625,0.6177040283203125,-9.809044201660155,-2.7938931297709924,-1.1374045801526718,0.9847328244274809,23.965294117647062
1761616604,,,,,,0.112,2.05,1.05,0.6009446166992187,0.7445967163085937,-9.739612353515625,-3.267175572519084,-1.16793893129771,1.099236641221374,23.965294117647062
1761616605,,,,,,0.112,2.05,1.05,0.565031591796875,0.7445967163085937,-9.749189160156249,-2.1603053435114505,-1.2061068702290076,0.21374045801526717,24.012352941176474
1761616606,3402.74670 N,08407.11367 W,305.7,11,1.05,0.112,2.05,1.05,0.5722141967773438,0.7206546997070312,-9.823409411621093,-3.0916030534351147,-1.0916030534351144,1.1145038167938932,24.059411764705885
1761616607,3402.74670 N,08407.11367 W,305.7,11,1.05,0.112,2.05,1.05,0.5602431884765625,0.7685387329101562,-9.782707983398437,-3.0,-1.1374045801526718,1.1374045801526718,24.059411764705885
1761616608,3402.74670 N,08407.11367 W,305.7,11,1.05,0.112,2.05,1.05,0.5817910034179687,0.7757213378906249,-9.749189160156249,-2.8931297709923665,-1.0229007633587786,0.8931297709923665,24.15352941176471
1761616609,3402.74670 N,08407.11367 W,305.7,11,1.05,0.112,2.05,1.05,0.6105214233398437,0.622492431640625,-9.744400756835937,-2.7709923664122136,-1.1755725190839694,0.9847328244274809,24.20058823529412
1761616610,3402.74670 N,08407.11367 W,305.7,11,1.05,0.112,2.05,1.05,0.5434837768554687,0.7110778930664062,-9.710881933593749,-2.7786259541984735,-0.9770992366412213,0.9923664122137404,24.059411764705885
1761616611,3402.74670 N,08407.11367 W,305.7,11,1.05,0.112,2.05,1.05,0.5434837768554687,0.7158662963867187,-9.662997900390625,-2.8702290076335877,-1.183206106870229,1.0610687022900764,24.106470588235297
1761616612,3402.74670 N,08407.11367 W,305.7,11,1.05,0.281,2.05,1.05,0.5267243652343749,0.7062894897460937,-9.739612353515625,-3.045801526717557,-1.0534351145038168,0.9770992366412213,24.15352941176471
1761616613,3402.74670 N,08407.11367 W,305.7,11,1.05,0.281,2.05,1.05,0.5913678100585937,0.7278373046875,-9.770736975097655,-2.946564885496183,-1.1755725190839694,1.0534351145038168,24.24764705882353
1761616614,3402.74679 N,08407.11395 W,305.7,11,1.05,0.281,2.05,1.05,0.5363011718749999,0.7062894897460937,-9.794678991699218,-2.954198473282443,-1.1374045801526718,1.0763358778625953,24.20058823529412
1761616615,3402.74679 N,08407.11395 W,305.7,11,1.05,0.281,2.05,1.05,0.584185205078125,0.8044517578125,-9.787496386718749,-3.0916030534351147,-1.297709923664122,1.183206106870229,24.106470588235297
1761616616,3402.74679 N,08407.11395 W,305.7,11,1.05,0.281,2.05,1.05,0.5027823486328125,0.7565677246093749,-9.672574707031249,-2.885496183206107,-0.9847328244274809,1.0458015267175573,24.15352941176471
1761616617,3402.74679 N,08407.11395 W,305.7,11,1.05,0.281,2.05,1.05,0.5770026000976562,0.6392518432617187,-9.68454571533203,-3.1603053435114505,-0.8473282442748091,1.2442748091603053,24.294705882352943
1761616618,3402.74679 N,08407.11395 W,305.7,11,1.05,0.281,2.05,1.05,0.6105214233398437,0.7230489013671875,-9.763554370117188,-3.6412213740458017,-1.2366412213740459,1.916030534351145,24.20058823529412
1761616619,3402.74679 N,08407.11395 W,305.7,11,1.05,0.281,2.05,1.05,0.5817910034179687,0.7493851196289062,-9.64623848876953,-2.4122137404580153,-1.0305343511450382,0.5954198473282443,24.24764705882353
1761616620,3402.74679 N,08407.11395 W,305.7,11,1.05,0.613,2.05,1.05,0.5889736083984375,0.7996633544921875,-9.789890588378906,-2.854961832061069,-1.16793893129771,1.0687022900763359,24.24764705882353
1761616621,3402.74679 N,08407.11395 W,305.7,11,1.05,0.613,2.05,1.05,0.5817910034179687,0.7493851196289062,-9.789890588378906,-2.877862595419847,-1.4198473282442747,0.8091603053435115,24.20058823529412
1761616622,3402.74677 N,08407.11393 W,305.7,10,1.05,0.613,2.05,1.05,0.5530605834960938,0.6871358764648438,-9.7683427734375,-3.1374045801526718,-1.2748091603053435,1.0610687022900764,24.24764705882353
1761616623,3402.74677 N,08407.11393 W,305.7,10,1.05,0.613,2.05,1.05,0.5793968017578125,0.7445967163085937,-9.639055883789062,-2.9389312977099236,-2.267175572519084,2.8931297709923665,24.20058823529412
1761616624,3402.74677 N,08407.11393 W,305.7,10,1.05,0.613,2.05,1.05,0.6177040283203125,0.718260498046875,-9.746794958496093,-2.6564885496183206,-1.2900763358778626,1.3053435114503817,24.24764705882353
1761616625,3402.74677 N,08407.11393 W,305.7,10,1.05,0.613,2.05,1.05,0.6296750366210937,0.7565677246093749,-9.68454571533203,-1.984732824427481,-1.3587786259541985,1.9389312977099236,24.20058823529412
1761616626,3402.74677 N,08407.11393 W,305.7,10,1.05,0.613,2.05,1.05,0.5602431884765625,0.7445967163085937,-9.689334118652344,-2.7251908396946565,-1.0305343511450382,0.8702290076335878,24.341764705882355
1761616627,3402.74677 N,08407.11393 W,305.7,10,1.05,0.613,2.05,1.05,0.5578489868164063,0.7158662963867187,-9.689334118652344,-3.0,-1.1145038167938932,1.0763358778625953,24.388823529411766
1761616628,3402.74677 N,08407.11393 W,305.7,10,1.05,0.376,2.05,1.05,0.6153098266601562,0.6416460449218749,-9.720458740234374,-2.366412213740458,-1.0534351145038168,0.732824427480916,24.435882352941178
1761616629,3402.74677 N,08407.11393 W,305.7,10,1.05,0.376,2.05,1.05,0.584185205078125,0.7565677246093749,-9.770736975097655,-2.7480916030534353,-1.0,0.9770992366412213,24.341764705882355
1761616630,3402.74671 N,08407.11394 W,305.7,10,1.05,0.376,2.05,1.05,0.565031591796875,0.7541735229492187,-9.739612353515625,-2.854961832061069,-1.0687022900763359,1.0381679389312977,24.341764705882355
1761616631,3402.74671 N,08407.11394 W,305.7,10,1.05,0.376,2.05,1.05,0.5602431884765625,0.7350199096679687,-9.773131176757811,-3.099236641221374,-1.251908396946565,1.1068702290076335,24.294705882352943
1761616632,3402.74671 N,08407.11394 W,305.7,10,1.05,0.376,2.05,1.05,0.5482721801757812,0.7350199096679687,-9.813832604980469,-2.9083969465648853,-1.0229007633587786,0.9007633587786259,24.341764705882355
1761616633,3402.74671 N,08407.11394 W,305.7,10,1.05,0.376,2.05,1.05,0.5434837768554687,0.7062894897460937,-9.686939916992188,-2.8625954198473282,-1.0229007633587786,1.3053435114503817,24.388823529411766
1761616634,3402.74671 N,08407.11394 W,305.7,10,1.05,0.376,2.05,1.05,0.5722141967773438,0.7805097412109374,-9.727641345214844,-2.984732824427481,-1.1221374045801527,0.9312977099236641,24.435882352941178
1761616635,3402.74671 N,08407.11394 W,305.7,10,1.05,0.376,2.05,1.05,0.5770026000976562,0.7062894897460937,-9.70369932861328,-2.8702290076335877,-1.099236641221374,0.9847328244274809,24.388823529411766
1761616636,3402.74671 N,08407.11394 W,305.7,10,1.05,0.239,2.05,1.05,0.5386953735351562,0.8092401611328125,-9.662997900390625,-2.9236641221374047,-1.213740458015267,0.9847328244274809,24.341764705882355
1761616637,3402.74671 N,08407.11394 W,305.7,10,1.05,0.239,2.05,1.05,0.565031591796875,0.7948749511718749,-9.70369932861328,-2.9160305343511452,-0.9465648854961832,1.0763358778625953,24.294705882352943
1761616638,3402.74663 N,08407.11386 W,305.7,10,1.05,0.239,2.05,1.05,0.565031591796875,0.7493851196289062,-9.698910925292969,-2.954198473282443,-0.9389312977099237,1.1526717557251909,24.388823529411766
1761616639,3402.74663 N,08407.11386 W,305.7,10,1.05,0.239,2.06,1.05,0.4644751220703125,0.7422025146484375,-9.830592016601562,-2.9389312977099236,-1.2213740458015268,0.9389312977099237,24.341764705882355
1761616640,3402.74663 N,08407.11386 W,305.7,10,1.05,0.239,2.06,1.05,0.5195417602539062,0.7517793212890624,-9.730035546875,-3.030534351145038,-1.1450381679389312,1.1297709923664123,24.388823529411766
1761616641,3402.74663 N,08407.11386 W,305.7,10,1.05,0.239,2.06,1.05,0.5793968017578125,0.6679822631835937,-9.792284790039062,-2.931297709923664,-1.1297709923664123,1.0916030534351144,24.435882352941178
1761616642,3402.74663 N,08407.11386 W,305.7,10,1.05,0.239,2.06,1.05,0.6153098266601562,0.7589619262695312,-9.720458740234374,-2.8473282442748094,-1.099236641221374,1.1450381679389312,24.435882352941178
1761616643,3402.74663 N,08407.11386 W,305.7,10,1.05,0.239,2.06,1.05,0.5410895751953124,0.9097966308593749,-9.718064538574218,-2.8473282442748094,-0.9770992366412213,0.9618320610687023,25.141764705882352
1761616644,3402.74663 N,08407.11386 W,305.7,10,1.05,0.185,2.06,1.05,0.6081272216796875,0.7733271362304687,-9.710881933593749,-2.9236641221374047,-1.099236641221374,1.0610687022900764,24.388823529411766
1761616645,3402.74663 N,08407.11386 W,305.7,10,1.05,0.185,2.06,1.05,0.7398083129882812,0.737414111328125,-9.770736975097655,-2.946564885496183,-1.1603053435114503,1.2213740458015268,24.388823529411766
1761616646,3402.74645 N,08407.11429 W,305.9,10,1.05,0.185,2.06,1.05,0.5913678100585937,0.7398083129882812,-9.708487731933593,-3.1068702290076335,-1.2061068702290076,1.1450381679389312,24.388823529411766
1761616647,3402.74645 N,08407.11429 W,305.9,10,1.05,0.185,2.06,1.05,0.5961562133789062,0.7422025146484375,-9.7683427734375,-3.1068702290076335,-1.2442748091603053,1.2213740458015268,24.48294117647059
1761616648,3402.74645 N,08407.11429 W,305.9,10,1.05,0.185,2.06,1.05,0.612915625,0.6823474731445313,-9.777919580078125,-2.8091603053435112,-0.9236641221374046,0.9770992366412213,23.73
1761616649,3402.74645 N,08407.11429 W,305.9,10,1.05,0.185,2.06,1.05,0.6081272216796875,0.7278373046875,-9.744400756835937,-3.1068702290076335,-1.251908396946565,1.1450381679389312,24.53
1761616650,3402.74645 N,08407.11429 W,305.9,10,1.05,0.185,2.06,1.05,0.584185205078125,0.7972691528320313,-9.782707983398437,-3.030534351145038,-1.083969465648855,1.0,25.141764705882352
1761616651,3402.74645 N,08407.11429 W,305.9,10,1.05,0.185,2.06,1.05,0.5698199951171875,0.7445967163085937,-9.706093530273437,-2.9160305343511452,-1.0305343511450382,1.0305343511450382,24.435882352941178
1761616652,3402.74645 N,08407.11429 W,305.9,10,1.05,0.552,2.06,1.05,0.5386953735351562,0.7445967163085937,-9.775525378417969,-3.053435114503817,-1.0610687022900764,1.1908396946564885,24.48294117647059
1761616653,3402.74645 N,08407.11429 W,305.9,10,1.05,0.552,2.06,1.05,0.5674257934570313,0.6177040283203125,-9.770736975097655,-2.8396946564885495,-1.0381679389312977,1.1603053435114503,25.188823529411764
1761616654,3402.74643 N,08407.11459 W,305.9,10,1.05,0.552,2.06,1.05,0.5578489868164063,0.737414111328125,-9.72285294189453,-2.9236641221374047,-1.1450381679389312,1.1374045801526718,24.435882352941178
1761616655,3402.74643 N,08407.11459 W,305.9,10,1.05,0.552,2.06,1.05,0.5961562133789062,0.9002198242187499,-9.919177478027343,-3.0381679389312977,-1.0,0.9770992366412213,25.188823529411764
1761616656,3402.74643 N,08407.11459 W,305.9,10,1.05,0.552,2.06,1.05,0.5770026000976562,0.7326257080078125,-9.64623848876953,-2.8396946564885495,-0.9847328244274809,0.916030534351145,25.188823529411764
1761616657,3402.74643 N,08407.11459 W,305.9,10,1.05,0.552,2.06,1.05,0.5291185668945312,0.7254431030273437,-9.78031378173828,-2.83206106870229,-1.4122137404580153,0.9007633587786259,24.53
1761616658,3402.74643 N,08407.11459 W,305.9,10,1.05,0.552,2.06,1.05,0.5458779785156249,0.7062894897460937,-9.78031378173828,-2.6412213740458017,-1.1374045801526718,0.7022900763358778,24.435882352941178
1761616659,3402.74643 N,08407.11459 W,305.9,10,1.05,0.552,2.06,1.05,0.5889736083984375,0.7637503295898437,-9.753977563476562,-2.7786259541984735,-1.0381679389312977,0.7251908396946565,24.48294117647059
1761616660,3402.74643 N,08407.11459 W,305.9,10,1.05,0.738,2.06,1.05,0.4860229370117187,0.737414111328125,-9.710881933593749,-2.7938931297709924,-1.0458015267175573,0.9007633587786259,23.73
1761616661,3402.74643 N,08407.11459 W,305.9,10,1.05,0.738,2.06,1.05,0.5793968017578125,0.70868369140625,-9.677363110351562,-2.8702290076335877,-1.1450381679389312,0.9923664122137404,24.48294117647059
1761616662,3402.74633 N,08407.11458 W,306.1,10,1.05,0.738,2.06,1.05,0.603338818359375,0.7996633544921875,-9.667786303710937,-2.6030534351145036,-1.1374045801526718,1.1068702290076335,24.48294117647059
1761616663,3402.74633 N,08407.11458 W,306.1,10,1.05,0.738,2.06,1.05,0.6105214233398437,0.699106884765625,-9.789890588378906,-3.0076335877862594,-1.2061068702290076,1.183206106870229,23.824117647058827
1761616664,3402.74633 N,08407.11458 W,306.1,10,1.05,0.738,2.06,1.05,0.5746083984375,0.8882488159179687,-9.744400756835937,-2.931297709923664,-1.1068702290076335,0.9618320610687023,24.577058823529413
1761616665,3402.74633 N,08407.11458 W,306.1,10,1.05,0.738,2.06,1.05,0.5147533569335937,0.7398083129882812,-9.797073193359374,-2.984732824427481,-1.1908396946564885,1.213740458015267,24.48294117647059
1761616666,3402.74633 N,08407.11458 W,306.1,10,1.05,0.738,2.06,1.05,0.5746083984375,0.7589619262695312,-9.727641345214844,-3.122137404580153,-0.9236641221374046,1.183206106870229,24.577058823529413
1761616667,3402.74633 N,08407.11458 W,306.1,10,1.05,0.738,2.06,1.05,0.5458779785156249,0.7278373046875,-9.730035546875,-3.0839694656488548,-1.1526717557251909,1.0916030534351144,24.671176470588236
1761616668,3402.74633 N,08407.11458 W,306.1,10,1.05,0.557,2.06,1.05,0.5410895751953124,0.7685387329101562,-9.734823950195311,-2.618320610687023,-1.0458015267175573,1.0,24.624117647058824
1761616669,3402.74633 N,08407.11458 W,306.1,10,1.05,0.557,2.06,1.05,0.584185205078125,0.7685387329101562,-9.74200655517578,-3.0,-1.0076335877862594,1.083969465648855,24.53
1761616671,3402.74628 N,08407.11458 W,306.1,11,1.05,0.557,2.06,1.05,0.5003881469726562,0.7158662963867187,-9.674968908691406,-3.6793893129770994,-1.3053435114503817,1.9694656488549618,25.188823529411764
1761616672,3402.74628 N,08407.11458 W,306.1,11,1.05,0.557,2.06,1.05,0.603338818359375,0.6344634399414062,-9.777919580078125,-2.435114503816794,-1.0381679389312977,0.5114503816793893,24.577058823529413
1761616673,3402.74628 N,08407.11458 W,306.1,11,1.05,0.557,2.06,1.05,0.5291185668945312,0.7493851196289062,-9.789890588378906,-2.9923664122137406,-1.1068702290076335,1.213740458015267,24.48294117647059
1761616674,3402.74628 N,08407.11458 W,306.1,11,1.05,0.557,2.06,1.05,0.7326257080078125,0.7302315063476562,-9.694122521972655,-3.0229007633587788,-1.0076335877862594,1.1145038167938932,24.53
1761616675,3402.74628 N,08407.11458 W,306.1,11,1.05,0.557,2.06,1.05,0.5147533569335937,0.9002198242187499,-9.753977563476562,-3.045801526717557,-1.0610687022900764,1.1908396946564885,24.577058823529413
1761616676,3402.74628 N,08407.11458 W,306.1,11,1.05,0.557,2.06,1.05,0.5698199951171875,0.7422025146484375,-9.655815295410155,-2.931297709923664,-1.0,1.1221374045801527,24.624117647058824
1761616677,3402.74628 N,08407.11458 W,306.1,11,1.05,0.302,2.06,1.05,0.5626373901367188,0.8930372192382812,-9.777919580078125,-2.9389312977099236,-1.1603053435114503,1.1908396946564885,24.624117647058824
1761616678,3402.74628 N,08407.11458 W,306.1,11,1.05,0.302,2.06,1.05,0.5746083984375,0.737414111328125,-9.718064538574218,-2.9160305343511452,-1.0381679389312977,1.1755725190839694,24.577058823529413
1761616679,3402.74632 N,08407.11457 W,306.2,11,1.05,0.302,2.06,1.05,0.584185205078125,0.9002198242187499,-9.775525378417969,-3.0916030534351147,-1.0076335877862594,1.0305343511450382,24.577058823529413
1761616680,3402.74632 N,08407.11457 W,306.2,11,1.05,0.302,2.06,1.05,0.46208092041015625,0.7565677246093749,-9.734823950195311,-2.9923664122137406,-1.1297709923664123,1.083969465648855,24.577058823529413
1761616681,3402.74632 N,08407.11457 W,306.2,11,1.05,0.302,2.06,1.05,0.5985504150390625,0.7445967163085937,-9.785102185058593,-2.786259541984733,-1.0381679389312977,0.9694656488549618,24.53
1761616682,3402.74632 N,08407.11457 W,306.2,11,1.05,0.302,2.06,1.05,0.5698199951171875,0.6488286499023437,-9.658209497070311,-3.053435114503817,-1.099236641221374,1.1603053435114503,24.53
1761616683,3402.74632 N,08407.11457 W,306.2,11,1.05,0.302,2.06,1.05,0.5386953735351562,0.8714894042968749,-9.7683427734375,-2.9236641221374047,-1.1297709923664123,1.0,24.53
1761616684,3402.74632 N,08407.11457 W,306.2,11,1.05,0.302,2.06,1.05,0.5027823486328125,0.7158662963867187,-9.785102185058593,-3.33587786259542,-1.2595419847328244,0.8702290076335878,24.624117647058824
1761616685,3402.74632 N,08407.11457 W,306.2,11,1.05,0.037,2.06,1.05,0.6009446166992187,0.7326257080078125,-9.751583361816406,-2.5801526717557253,-1.0763358778625953,0.9465648854961832,24.671176470588236
1761616686,3402.74632 N,08407.11457 W,306.2,11,1.05,0.037,2.06,1.05,0.6272808349609375,0.7996633544921875,-9.74200655517578,-2.83206106870229,-1.1603053435114503,1.702290076335878,24.577058823529413
1761616687,3402.74652 N,08407.11484 W,306.2,11,1.05,0.037,2.06,1.05,0.5267243652343749,0.814028564453125,-9.667786303710937,-2.763358778625954,-1.0458015267175573,0.8015267175572519,24.671176470588236
1761616688,3402.74652 N,08407.11484 W,306.2,11,1.05,0.037,2.06,1.05,0.6153098266601562,0.7924807495117187,-9.773131176757811,-3.114503816793893,-1.381679389312977,1.4580152671755726,24.718235294117648
1761616689,3402.74652 N,08407.11484 W,306.2,11,1.05,0.037,2.06,1.05,0.584185205078125,0.8068459594726562,-9.888052856445311,-3.0839694656488548,-1.1068702290076335,0.7633587786259542,24.624117647058824
1761616690,3402.74652 N,08407.11484 W,306.2,11,1.05,0.037,2.06,1.05,0.5410895751953124,0.7350199096679687,-9.777919580078125,-3.0229007633587788,-1.1526717557251909,1.0916030534351144,24.577058823529413
1761616691,3402.74652 N,08407.11484 W,306.2,11,1.05,0.037,2.06,1.05,0.5746083984375,0.622492431640625,-9.813832604980469,-2.5114503816793894,-1.1297709923664123,0.45038167938931295,24.671176470588236
1761616692,3402.74652 N,08407.11484 W,306.2,11,1.05,0.037,2.06,1.05,0.5985504150390625,0.7948749511718749,-9.746794958496093,-3.1603053435114505,-1.083969465648855,1.3969465648854962,24.671176470588236
1761616693,3402.74652 N,08407.11484 W,306.2,11,1.05,0.753,2.06,1.05,0.584185205078125,0.8116343627929687,-9.785102185058593,-2.5801526717557253,-0.8091603053435115,0.5190839694656488,24.671176470588236
1761616694,3402.74652 N,08407.11484 W,306.2,11,1.05,0.753,2.06,1.05,0.584185205078125,0.7445967163085937,-9.758765966796874,-3.404580152671756,-1.2061068702290076,1.7404580152671756,24.624117647058824
1761616695,3402.74643 N,08407.11497 W,305.9,11,1.05,0.753,2.06,1.05,0.47165772705078124,0.7757213378906249,-9.612719665527344,-3.0,-1.0229007633587786,1.4885496183206106,24.624117647058824
1761616696,3402.74643 N,08407.11497 W,305.9,11,1.05,0.753,2.06,1.05,0.5482721801757812,0.7254431030273437,-9.70369932861328,-2.816793893129771,-0.9770992366412213,0.6793893129770993,24.671176470588236
1761616697,3402.74643 N,08407.11497 W,305.9,11,1.05,0.753,2.06,1.05,0.5458779785156249,0.7350199096679687,-9.737218151855469,-3.1908396946564888,-1.1297709923664123,1.1603053435114503,24.718235294117648
1761616698,3402.74643 N,08407.11497 W,305.9,11,1.05,0.753,2.06,1.05,0.6464344482421874,0.6943184814453125,-9.749189160156249,-2.6564885496183206,-1.1068702290076335,0.48854961832061067,24.671176470588236
1761616699,3402.74643 N,08407.11497 W,305.9,11,1.05,0.753,2.06,1.05,0.565031591796875,0.7876923461914062,-9.737218151855469,-3.1603053435114505,-1.0916030534351144,1.1145038167938932,24.624117647058824
1761616700,3402.74643 N,08407.11497 W,305.9,11,1.05,0.753,2.06,1.05,0.5817910034179687,0.8906430175781249,-9.734823950195311,-2.7786259541984735,-1.0458015267175573,1.0381679389312977,24.718235294117648
1761616701,3402.74643 N,08407.11497 W,305.9,11,1.05,0.654,2.06,1.05,0.5363011718749999,0.7398083129882812,-9.662997900390625,-2.648854961832061,-1.183206106870229,0.9923664122137404,24.671176470588236
1761616702,3402.74643 N,08407.11497 W,305.9,11,1.05,0.654,2.06,1.05,0.5674257934570313,0.6631938598632812,-9.785102185058593,-2.5801526717557253,-0.8702290076335878,0.7709923664122137,24.671176470588236
1761616703,3402.74628 N,08407.11508 W,305.6,10,1.05,0.654,2.06,1.05,0.7110778930664062,0.8283937744140625,-9.706093530273437,-2.6412213740458017,-1.083969465648855,0.5877862595419847,24.718235294117648
1761616704,3402.74628 N,08407.11508 W,305.6,10,1.05,0.654,2.06,1.05,0.6919242797851562,0.8906430175781249,-9.797073193359374,-2.9160305343511452,-1.1297709923664123,0.7404580152671756,24.718235294117648
1761616705,3402.74628 N,08407.11508 W,305.6,10,1.05,0.654,2.06,1.05,0.5219359619140624,0.6200982299804687,-9.801861596679688,-2.984732824427481,-1.1526717557251909,1.2290076335877862,24.671176470588236
1761616706,3402.74628 N,08407.11508 W,305.6,10,1.05,0.654,2.06,1.05,0.5985504150390625,0.7326257080078125,-9.746794958496093,-2.7480916030534353,-1.0610687022900764,0.8473282442748091,24.624117647058824
1761616707,3402.74628 N,08407.11508 W,305.6,10,1.05,0.654,2.06,1.05,0.5434837768554687,0.74699091796875,-9.701305126953125,-2.66412213740458,-0.8320610687022901,0.9618320610687023,24.718235294117648
1761616708,3402.74628 N,08407.11508 W,305.6,10,1.05,0.654,2.06,1.05,0.584185205078125,0.7733271362304687,-9.813832604980469,-2.816793893129771,-1.1221374045801527,1.0076335877862594,24.624117647058824
1761616709,3402.74628 N,08407.11508 W,305.6,10,1.05,0.541,2.06,1.05,0.5913678100585937,0.70868369140625,-9.746794958496093,-3.145038167938931,-0.9236641221374046,1.015267175572519,24.671176470588236
1761616710,3402.74628 N,08407.11508 W,305.6,10,1.05,0.541,2.06,1.05,0.5793968017578125,0.7254431030273437,-9.883264453125,-2.732824427480916,-1.1068702290076335,1.083969465648855,24.671176470588236
1761616711,3402.74633 N,08407.11522 W,305.2,10,1.05,0.541,2.06,1.05,0.51714755859375,0.6344634399414062,-9.7683427734375,-2.816793893129771,-1.1984732824427482,1.0916030534351144,24.577058823529413
1761616712,3402.74633 N,08407.11522 W,305.2,10,1.05,0.541,2.06,1.05,0.5315127685546874,0.7302315063476562,-9.713276135253906,-3.213740458015267,-1.1603053435114503,1.4351145038167938,24.718235294117648
1761616713,3402.74633 N,08407.11522 W,305.2,10,1.05,0.541,2.06,1.05,0.5889736083984375,0.8020575561523438,-9.785102185058593,-3.236641221374046,-1.282442748091603,1.2442748091603053,24.671176470588236
1761616714,3402.74633 N,08407.11522 W,305.2,10,1.05,0.541,2.06,1.05,0.603338818359375,0.6488286499023437,-9.923965881347655,-3.6412213740458017,-1.251908396946565,1.5572519083969465,24.718235294117648
1761616715,3402.74633 N,08407.11522 W,305.2,10,1.05,0.541,2.06,1.05,0.5817910034179687,0.8164227661132812,-9.773131176757811,-2.7786259541984735,-1.0,0.8702290076335878,24.718235294117648
1761616716,3402.74633 N,08407.11522 W,305.2,10,1.05,0.541,2.06,1.05,0.45968671875,0.8403647827148437,-9.749189160156249,-3.1526717557251906,-1.2442748091603053,1.282442748091603,24.81235294117647
1761616717,3402.74633 N,08407.11522 W,305.2,10,1.05,0.448,2.06,1.05,0.5051765502929687,0.7541735229492187,-9.804255798339844,-3.1374045801526718,-1.099236641221374,1.3282442748091603,24.76529411764706
1761616718,3402.74633 N,08407.11522 W,305.2,10,1.05,0.448,2.06,1.05,0.469263525390625,0.6871358764648438,-9.737218151855469,-2.8091603053435112,-1.099236641221374,0.8778625954198473,24.624117647058824
1761616719,3402.74657 N,08407.11545 W,304.2,10,1.05,0.448,2.06,1.05,0.6560112548828124,0.8283937744140625,-9.698910925292969,-4.648854961832061,-1.4961832061068703,3.0,24.718235294117648
1761616720,3402.74657 N,08407.11545 W,304.2,10,1.05,0.448,2.06,1.05,0.5698199951171875,0.7733271362304687,-9.809044201660155,-3.351145038167939,-1.2671755725190839,1.0458015267175573,24.76529411764706
1761616721,3402.74657 N,08407.11545 W,304.2,10,1.05,0.448,2.06,1.05,0.5865794067382812,0.7062894897460937,-9.706093530273437,-2.7557251908396947,-1.0687022900763359,0.9236641221374046,24.76529411764706
1761616722,3402.74657 N,08407.11545 W,304.2,10,1.05,0.448,2.06,1.05,0.5626373901367188,0.7350199096679687,-9.782707983398437,-2.877862595419847,-1.0763358778625953,1.3435114503816794,24.81235294117647
1761616723,3402.74657 N,08407.11545 W,304.2,10,1.05,0.448,2.06,1.05,0.488417138671875,0.7852981445312499,-9.804255798339844,-3.549618320610687,-1.4732824427480915,1.9923664122137406,24.718235294117648
1761616724,3402.74657 N,08407.11545 W,304.2,10,1.05,0.448,2.06,1.05,0.5674257934570313,0.737414111328125,-9.809044201660155,-3.6564885496183206,-1.366412213740458,1.9389312977099236,24.81235294117647
1761616725,3402.74657 N,08407.11545 W,304.2,10,1.05,1.115,2.06,1.05,0.5626373901367188,0.6919242797851562,-9.854534033203125,-3.0076335877862594,-1.0763358778625953,0.9694656488549618,24.718235294117648
1761616726,3402.74657 N,08407.11545 W,304.2,10,1.05,1.115,2.06,1.05,0.6009446166992187,0.70868369140625,-9.751583361816406,-2.687022900763359,-1.3587786259541985,1.0534351145038168,24.718235294117648
1761616727,3402.74641 N,08407.11568 W,303.7,10,1.05,1.115,2.06,1.05,0.5434837768554687,0.699106884765625,-9.773131176757811,-2.7938931297709924,-0.9847328244274809,0.9541984732824428,24.671176470588236
1761616728,3402.74641 N,08407.11568 W,303.7,10,1.05,1.115,2.06,1.05,0.565031591796875,0.74699091796875,-9.701305126953125,-2.9083969465648853,-1.1374045801526718,1.2366412213740459,24.718235294117648
1761616729,3402.74641 N,08407.11568 W,303.7,10,1.05,1.115,2.06,1.05,0.6105214233398437,0.7062894897460937,-9.744400756835937,-2.7022900763358777,-1.1145038167938932,1.0534351145038168,24.718235294117648
1761616730,3402.74641 N,08407.11568 W,303.7,10,1.05,1.115,2.06,1.05,0.6200982299804687,0.7805097412109374,-9.78031378173828,-3.0610687022900764,-1.0534351145038168,1.2213740458015268,24.76529411764706
1761616731,3402.74641 N,08407.11568 W,303.7,10,1.05,1.115,2.06,1.05,0.5793968017578125,0.7685387329101562,-9.701305126953125,-3.1374045801526718,-1.099236641221374,1.0076335877862594,24.81235294117647
1761616732,3402.74641 N,08407.11568 W,303.7,10,1.05,1.115,2.06,1.05,0.6105214233398437,0.737414111328125,-9.782707983398437,-2.7786259541984735,-1.1221374045801527,1.0534351145038168,24.81235294117647
1761616733,3402.74641 N,08407.11568 W,303.7,10,1.05,1.113,2.06,1.05,0.4836287353515625,0.7350199096679687,-9.739612353515625,-3.0229007633587788,-1.1221374045801527,1.0534351145038168,24.76529411764706
1761616734,3402.74641 N,08407.11568 W,303.7,10,1.05,1.113,2.06,1.05,0.5482721801757812,0.7230489013671875,-9.74200655517578,-2.648854961832061,-1.2290076335877862,0.9541984732824428,24.76529411764706
1761616735,3402.74626 N,08407.11592 W,303.0,10,1.05,1.113,2.06,1.05,0.5722141967773438,0.7230489013671875,-9.753977563476562,-3.1297709923664123,-1.0610687022900764,1.297709923664122,24.81235294117647
1761616736,3402.74626 N,08407.11592 W,303.0,10,1.05,1.113,2.06,1.05,0.6105214233398437,0.8595183959960937,-9.682151513671874,-2.816793893129771,-1.0534351145038168,1.183206106870229,24.76529411764706
1761616737,3402.74626 N,08407.11592 W,303.0,10,1.05,1.113,2.06,1.05,0.5961562133789062,0.7948749511718749,-9.686939916992188,-2.2213740458015265,-1.0763358778625953,0.2900763358778626,24.81235294117647
1761616738,3402.74626 N,08407.11592 W,303.0,10,1.05,1.113,2.06,1.05,0.5793968017578125,0.7038952880859375,-9.775525378417969,-2.7480916030534353,-1.0381679389312977,0.8778625954198473,24.81235294117647
1761616739,3402.74626 N,08407.11592 W,303.0,10,1.05,1.113,2.06,1.05,0.5722141967773438,0.612915625,-9.746794958496093,-2.8625954198473282,-1.099236641221374,0.9389312977099237,24.906470588235294
1761616740,3402.74626 N,08407.11592 W,303.0,10,1.05,1.113,2.06,1.05,0.5147533569335937,0.7230489013671875,-9.770736975097655,-2.9083969465648853,-1.0305343511450382,1.0687022900763359,24.76529411764706
1761616741,3402.74626 N,08407.11592 W,303.0,10,1.05,1.127,2.06,1.05,0.565031591796875,0.7781155395507812,-9.732429748535155,-3.0076335877862594,-1.1374045801526718,1.0381679389312977,24.76529411764706
1761616742,3402.74626 N,08407.11592 W,303.0,10,1.05,1.127,2.06,1.05,0.47165772705078124,0.7757213378906249,-9.72285294189453,-2.8473282442748094,-1.0687022900763359,1.0763358778625953,24.81235294117647
1761616743,3402.74630 N,08407.11614 W,302.2,10,1.05,1.127,2.06,1.05,0.6081272216796875,0.7038952880859375,-9.792284790039062,-2.7786259541984735,-1.099236641221374,0.9465648854961832,24.81235294117647
1761616744,3402.74630 N,08407.11614 W,302.2,10,1.05,1.127,2.06,1.05,0.5913678100585937,0.7805097412109374,-9.749189160156249,-3.50381679389313,-1.0229007633587786,1.6641221374045803,24.76529411764706
1761616745,3402.74630 N,08407.11614 W,302.2,10,1.05,1.127,2.06,1.05,0.5817910034179687,0.6727706665039062,-9.72285294189453,-0.2748091603053435,-0.11450381679389313,-1.1526717557251909,24.718235294117648
1761616746,3402.74630 N,08407.11614 W,302.2,10,1.05,1.127,2.06,1.05,0.5051765502929687,0.7422025146484375,-9.710881933593749,-2.1068702290076335,-1.0916030534351144,0.10687022900763359,24.718235294117648
1761616747,3402.74630 N,08407.11614 W,302.2,10,1.05,1.127,2.06,1.05,0.7565677246093749,0.7589619262695312,-9.727641345214844,-4.152671755725191,-1.3893129770992367,2.3893129770992365,24.76529411764706
1761616748,3402.74630 N,08407.11614 W,302.2,10,1.05,1.127,2.06,1.05,0.5985504150390625,0.7110778930664062,-9.773131176757811,-3.0916030534351147,-1.0916030534351144,1.2595419847328244,24.76529411764706
1761616749,3402.74630 N,08407.11614 W,302.2,10,1.05,1.123,2.06,1.05,0.5506663818359374,0.7876923461914062,-9.83777462158203,-3.015267175572519,-0.9312977099236641,1.5572519083969465,24.81235294117647
1761616750,3402.74630 N,08407.11614 W,302.2,10,1.05,1.123,2.06,1.05,0.4644751220703125,0.7613561279296874,-9.706093530273437,-3.5267175572519083,-1.16793893129771,1.6106870229007633,24.859411764705882
1761616751,3402.74621 N,08407.11484 W,306.7,10,1.05,1.123,2.06,1.05,0.5985504150390625,0.7015010864257812,-9.78031378173828,-3.183206106870229,-1.1297709923664123,1.5572519083969465,24.76529411764706
1761616752,3402.74621 N,08407.11484 W,306.7,10,1.05,1.123,2.06,1.05,0.6081272216796875,0.7661445312499999,-9.648632690429688,-1.0687022900763359,-0.6259541984732825,-0.4351145038167939,24.76529411764706
1761616753,3402.74621 N,08407.11484 W,306.7,10,1.05,1.123,2.06,1.05,0.5985504150390625,0.7038952880859375,-9.823409411621093,-3.4732824427480917,-1.2595419847328244,2.0763358778625953,24.81235294117647
1761616754,3402.74621 N,08407.11484 W,306.7,10,1.05,1.123,2.06,1.05,0.55545478515625,0.7230489013671875,-9.72285294189453,-3.053435114503817,-1.3053435114503817,1.1450381679389312,24.859411764705882
1761616756,3402.74621 N,08407.11484 W,306.7,10,1.05,1.123,2.06,1.05,0.6081272216796875,0.8283937744140625,-9.801861596679688,-3.5267175572519083,-1.1908396946564885,1.2061068702290076,24.81235294117647
1761616757,3402.74621 N,08407.11484 W,306.7,10,1.05,1.123,2.06,1.05,0.45968671875,0.7637503295898437,-9.737218151855469,-3.114503816793893,-1.2290076335877862,1.3206106870229009,24.81235294117647
1761616758,3402.74621 N,08407.11484 W,306.7,10,1.05,2.389,2.06,1.05,0.5722141967773438,0.7302315063476562,-9.777919580078125,-2.8931297709923665,-1.099236641221374,1.0229007633587786,24.81235294117647
1761616759,3402.74621 N,08407.11484 W,306.7,10,1.05,2.389,2.06,1.05,0.6009446166992187,0.74699091796875,-9.785102185058593,-3.0,-1.0381679389312977,1.1450381679389312,24.906470588235294
1761616760,3402.74610 N,08407.11434 W,306.7,10,1.05,2.389,2.06,1.05,0.5099649536132812,0.7948749511718749,-9.674968908691406,-3.687022900763359,-1.2748091603053435,3.900763358778626,24.81235294117647
1761616761,3402.74610 N,08407.11434 W,306.7,10,1.05,2.389,2.06,1.05,0.5674257934570313,0.7996633544921875,-9.866505041503906,-3.4198473282442747,-1.0229007633587786,1.2442748091603053,24.81235294117647
1761616762,3402.74610 N,08407.11434 W,306.7,10,1.05,2.389,2.06,1.05,0.6153098266601562,0.7493851196289062,-9.828197814941406,-2.427480916030534,-0.9541984732824428,0.4961832061068702,24.81235294117647
1761616763,3402.74610 N,08407.11434 W,306.7,10,1.05,2.389,2.06,1.05,0.6464344482421874,0.7996633544921875,-9.792284790039062,-3.1068702290076335,-1.015267175572519,1.015267175572519,24.718235294117648
1761616764,3402.74610 N,08407.11434 W,306.7,10,1.05,2.389,2.06,1.05,0.6105214233398437,0.737414111328125,-9.76116016845703,-2.7480916030534353,-0.9618320610687023,0.8396946564885496,24.81235294117647
1761616765,3402.74610 N,08407.11434 W,306.7,10,1.05,2.389,2.06,1.05,0.5530605834960938,0.7781155395507812,-9.775525378417969,-2.984732824427481,-1.0916030534351144,0.9923664122137404,24.81235294117647
1761616766,3402.74610 N,08407.11434 W,306.7,10,1.05,0.381,2.06,1.05,0.584185205078125,0.7685387329101562,-9.746794958496093,-2.763358778625954,-1.0916030534351144,0.8549618320610687,24.76529411764706
1761616767,3402.74610 N,08407.11434 W,306.7,10,1.05,0.381,2.06,1.05,0.5865794067382812,0.6919242797851562,-9.775525378417969,-2.885496183206107,-1.2442748091603053,1.1374045801526718,24.81235294117647
1761616768,3402.74603 N,08407.11408 W,306.7,11,1.05,0.381,2.06,1.05,0.4644751220703125,0.7230489013671875,-9.655815295410155,-2.816793893129771,-0.9236641221374046,1.083969465648855,24.906470588235294
1761616769,3402.74603 N,08407.11408 W,306.7,11,1.05,0.381,2.06,1.05,0.5434837768554687,0.7996633544921875,-9.667786303710937,-2.6030534351145036,-1.0381679389312977,1.1145038167938932,24.718235294117648
1761616770,3402.74603 N,08407.11408 W,306.7,11,1.05,0.381,2.06,1.05,0.584185205078125,0.737414111328125,-9.813832604980469,-2.0839694656488548,-1.0,0.549618320610687,24.718235294117648
1761616771,3402.74603 N,08407.11408 W,306.7,11,1.05,0.381,2.06,1.05,0.469263525390625,0.7565677246093749,-9.746794958496093,-2.015267175572519,-1.3358778625954197,2.213740458015267,24.859411764705882
1761616772,3402.74603 N,08407.11408 W,306.7,11,1.05,0.381,2.06,1.05,0.584185205078125,0.9026140258789062,-9.777919580078125,-3.5114503816793894,-1.2366412213740459,1.6030534351145038,24.76529411764706
1761616773,3402.74603 N,08407.11408 W,306.7,11,1.05,0.381,2.06,1.05,0.5315127685546874,0.7805097412109374,-9.816226806640625,-2.6259541984732824,-1.0305343511450382,0.7862595419847328,24.906470588235294
1761616774,3402.74603 N,08407.11408 W,306.7,11,1.05,0.639,2.06,1.05,0.49320554199218747,0.6392518432617187,-9.744400756835937,-3.8091603053435112,-1.1221374045801527,0.07633587786259542,24.81235294117647
1761616775,3402.74603 N,08407.11408 W,306.7,11,1.05,0.639,2.06,1.05,0.5315127685546874,0.7326257080078125,-9.770736975097655,-2.8396946564885495,-1.1450381679389312,0.6870229007633588,24.81235294117647
1761616776,3402.74621 N,08407.11401 W,306.7,11,1.05,0.639,2.06,1.05,0.51714755859375,0.7158662963867187,-9.732429748535155,-2.8702290076335877,-1.1526717557251909,0.9083969465648855,24.81235294117647
1761616777,3402.74621 N,08407.11401 W,306.7,11,1.05,0.639,2.06,1.05,0.6057330200195312,0.6296750366210937,-9.746794958496093,-2.648854961832061,-0.8778625954198473,0.7709923664122137,24.81235294117647
1761616778,3402.74621 N,08407.11401 W,306.7,11,1.05,0.639,2.06,1.05,0.5099649536132812,0.7398083129882812,-9.753977563476562,-3.1068702290076335,-1.0687022900763359,1.1297709923664123,24.859411764705882
1761616779,3402.74621 N,08407.11401 W,306.7,11,1.05,0.639,2.06,1.05,0.5913678100585937,0.7445967163085937,-9.797073193359374,-2.633587786259542,-1.0076335877862594,1.0763358778625953,24.859411764705882
1761616780,3402.74621 N,08407.11401 W,306.7,11,1.05,0.639,2.06,1.05,0.7613561279296874,0.7829039428710937,-9.552864624023437,-2.83206106870229,-0.7938931297709924,1.083969465648855,24.859411764705882
1761616781,3402.74621 N,08407.11401 W,306.7,11,1.05,0.639,2.06,1.05,0.6057330200195312,0.8810662109374999,-9.677363110351562,-3.099236641221374,-0.7404580152671756,0.9923664122137404,24.81235294117647
1761616782,3402.74621 N,08407.11401 W,306.7,11,1.05,0.433,2.06,1.05,0.5674257934570313,0.7422025146484375,-9.74200655517578,-3.7709923664122136,-1.3435114503816794,1.7786259541984732,24.859411764705882
1761616783,3402.74621 N,08407.11401 W,306.7,11,1.05,0.433,2.06,1.05,0.603338818359375,0.6416460449218749,-9.710881933593749,-2.549618320610687,-0.8396946564885496,0.6030534351145038,24.859411764705882
1761616784,3402.74642 N,08407.11428 W,306.7,10,1.05,0.433,2.06,1.05,0.5793968017578125,0.7302315063476562,-9.753977563476562,-3.1297709923664123,-1.2671755725190839,1.2290076335877862,24.906470588235294
1761616785,3402.74642 N,08407.11428 W,306.7,10,1.05,0.433,2.06,1.05,0.737414111328125,0.814028564453125,-9.739612353515625,-3.3969465648854964,-1.0076335877862594,1.5801526717557253,24.81235294117647
1761616786,3402.74642 N,08407.11428 W,306.7,10,1.05,0.433,2.06,1.05,0.5793968017578125,0.8595183959960937,-9.758765966796874,-2.931297709923664,-1.015267175572519,0.9389312977099237,24.906470588235294
1761616787,3402.74642 N,08407.11428 W,306.7,10,1.05,0.433,2.06,1.05,0.55545478515625,0.7924807495117187,-9.603142858886718,-3.16793893129771,-0.5114503816793893,1.3587786259541985,24.859411764705882
1761616788,3402.74642 N,08407.11428 W,306.7,10,1.05,0.433,2.06,1.05,0.5770026000976562,0.718260498046875,-9.835380419921874,-3.351145038167939,-1.0458015267175573,0.7480916030534351,24.81235294117647
1761616789,3402.74642 N,08407.11428 W,306.7,10,1.05,0.433,2.06,1.05,0.5506663818359374,0.7781155395507812,-9.739612353515625,-2.984732824427481,-1.0763358778625953,1.0076335877862594,24.81235294117647
1761616790,3402.74642 N,08407.11428 W,306.7,10,1.05,0.440,2.06,1.05,0.7278373046875,0.7398083129882812,-9.730035546875,-2.4122137404580153,-0.4961832061068702,0.35877862595419846,24.81235294117647
1761616791,3402.74642 N,08407.11428 W,306.7,10,1.05,0.440,2.06,1.05,0.5961562133789062,0.7541735229492187,-9.787496386718749,-2.450381679389313,-1.0076335877862594,0.5572519083969466,24.81235294117647
1761616792,3402.74660 N,08407.11448 W,306.6,11,1.05,0.440,2.06,1.05,0.612915625,0.7038952880859375,-9.787496386718749,-2.435114503816794,-1.0305343511450382,0.6183206106870229,24.906470588235294
1761616793,3402.74660 N,08407.11448 W,306.6,11,1.05,0.440,2.06,1.05,0.5123591552734374,0.7110778930664062,-9.696516723632811,-2.7480916030534353,-0.9770992366412213,0.8244274809160306,24.906470588235294
1761616794,3402.74660 N,08407.11448 W,306.6,11,1.05,0.440,2.06,1.05,0.5482721801757812,0.7278373046875,-9.787496386718749,-3.1526717557251906,-1.0916030534351144,1.2366412213740459,24.906470588235294
1761616795,3402.74660 N,08407.11448 W,306.6,11,1.05,0.440,2.06,1.05,0.5961562133789062,0.7613561279296874,-9.7683427734375,-2.717557251908397,-1.1297709923664123,1.083969465648855,24.76529411764706
1761616796,3402.74660 N,08407.11448 W,306.6,11,1.05,0.440,2.06,1.05,0.5482721801757812,0.7517793212890624,-9.76116016845703,-2.6412213740458017,-1.183206106870229,0.732824427480916,24.81235294117647
1761616797,3402.74660 N,08407.11448 W,306.6,11,1.05,0.440,2.06,1.05,0.6057330200195312,0.9169792358398436,-9.739612353515625,-2.900763358778626,-1.0916030534351144,1.0381679389312977,24.906470588235294
1761616798,3402.74660 N,08407.11448 W,306.6,11,1.05,0.128,2.06,1.05,0.5626373901367188,0.7493851196289062,-9.770736975097655,-2.732824427480916,-1.1526717557251909,1.1297709923664123,24.81235294117647
1761616799,3402.74660 N,08407.11448 W,306.6,11,1.05,0.128,2.06,1.05,0.48123453369140623,0.7541735229492187,-9.725247143554688,-3.045801526717557,-1.0305343511450382,1.0687022900763359,24.859411764705882
1761616800,3402.74668 N,08407.11491 W,306.6,10,1.05,0.128,2.06,1.05,0.5770026000976562,0.7110778930664062,-9.670180505371093,-2.572519083969466,-0.8549618320610687,1.0229007633587786,24.81235294117647
1761616801,3402.74668 N,08407.11491 W,306.6,10,1.05,0.128,2.06,1.05,0.5817910034179687,0.7398083129882812,-9.674968908691406,-3.0610687022900764,-1.1068702290076335,1.0076335877862594,24.859411764705882
1761616802,3402.74668 N,08407.11491 W,306.6,10,1.05,0.128,2.06,1.05,0.6009446166992187,0.7637503295898437,-9.797073193359374,-2.763358778625954,-1.1145038167938932,0.8015267175572519,24.859411764705882
1761616803,3402.74668 N,08407.11491 W,306.6,10,1.05,0.128,2.06,1.05,0.5578489868164063,0.7422025146484375,-9.785102185058593,-2.984732824427481,-1.1984732824427482,1.1526717557251909,24.906470588235294
1761616804,3402.74668 N,08407.11491 W,306.6,10,1.05,0.128,2.06,1.05,0.55545478515625,0.7493851196289062,-9.758765966796874,-2.931297709923664,-1.0916030534351144,0.9923664122137404,24.859411764705882
1761616805,3402.74668 N,08407.11491 W,306.6,10,1.05,0.128,2.06,1.05,0.5770026000976562,0.7565677246093749,-9.7683427734375,-2.954198473282443,-1.1984732824427482,0.9465648854961832,24.81235294117647
1761616806,3402.74668 N,08407.11491 W,306.6,10,1.05,0.522,2.06,1.05,0.6823474731445313,0.7422025146484375,-9.667786303710937,-2.6793893129770994,-0.9847328244274809,0.8396946564885496,24.859411764705882
1761616807,3402.74668 N,08407.11491 W,306.6,10,1.05,0.522,2.06,1.05,0.5913678100585937,0.7158662963867187,-9.739612353515625,-2.8702290076335877,-1.0916030534351144,0.8549618320610687,24.81235294117647
1761616808,3402.74675 N,08407.11485 W,306.6,11,1.05,0.522,2.06,1.05,0.6296750366210937,0.718260498046875,-9.952696301269532,-2.7938931297709924,-0.9847328244274809,1.0763358778625953,24.76529411764706
1761616809,3402.74675 N,08407.11485 W,306.6,11,1.05,0.522,2.06,1.05,0.5386953735351562,0.612915625,-9.756371765136718,-2.8473282442748094,-1.0763358778625953,0.9465648854961832,24.81235294117647
1761616810,3402.74675 N,08407.11485 W,306.6,11,1.05,0.522,2.06,1.05,0.5770026000976562,0.6775590698242188,-9.789890588378906,-2.6564885496183206,-1.1526717557251909,1.0229007633587786,24.859411764705882
1761616811,3402.74675 N,08407.11485 W,306.6,11,1.05,0.522,2.06,1.05,0.565031591796875,0.7852981445312499,-9.737218151855469,-3.0076335877862594,-1.0916030534351144,1.1450381679389312,24.859411764705882
1761616812,3402.74675 N,08407.11485 W,306.6,11,1.05,0.522,2.06,1.05,0.5458779785156249,0.7302315063476562,-9.720458740234374,-2.854961832061069,-1.0534351145038168,1.1526717557251909,24.81235294117647
1761616813,3402.74675 N,08407.11485 W,306.6,11,1.05,0.522,2.06,1.05,0.5315127685546874,0.7996633544921875,-9.631873278808593,-3.0839694656488548,-0.9618320610687023,1.0687022900763359,24.81235294117647
1761616814,3402.74675 N,08407.11485 W,306.6,11,1.05,0.357,2.06,1.05,0.5793968017578125,0.8810662109374999,-9.715670336914062,-2.9083969465648853,-1.183206106870229,1.1297709923664123,24.81235294117647
1761616815,3402.74675 N,08407.11485 W,306.6,11,1.05,0.357,2.06,1.05,0.612915625,0.7661445312499999,-9.74200655517578,-2.4885496183206106,-0.8778625954198473,0.5725190839694656,24.81235294117647
1761616816,3402.74686 N,08407.11485 W,306.6,10,1.05,0.357,2.06,1.05,0.584185205078125,0.7589619262695312,-9.72285294189453,-3.0763358778625953,-1.1450381679389312,1.1984732824427482,24.81235294117647
1761616817,3402.74686 N,08407.11485 W,306.6,10,1.05,0.357,2.06,1.05,0.5434837768554687,0.6847416748046875,-9.758765966796874,-2.6564885496183206,-1.0687022900763359,0.7709923664122137,24.859411764705882
1761616818,3402.74686 N,08407.11485 W,306.6,10,1.05,0.357,2.06,1.05,0.6057330200195312,0.7278373046875,-9.78031378173828,-3.099236641221374,-1.183206106870229,1.1603053435114503,24.859411764705882
1761616819,3402.74686 N,08407.11485 W,306.6,10,1.05,0.357,2.06,1.05,0.5698199951171875,0.7757213378906249,-9.828197814941406,-3.068702290076336,-0.9847328244274809,1.0305343511450382,25.000588235294117
1761616820,3402.74686 N,08407.11485 W,306.6,10,1.05,0.357,2.06,1.05,0.5746083984375,0.7398083129882812,-9.737218151855469,-3.0839694656488548,-1.1984732824427482,1.0305343511450382,24.906470588235294
1761616821,3402.74686 N,08407.11485 W,306.6,10,1.05,0.357,2.06,1.05,0.5985504150390625,0.7278373046875,-9.95987890625,-3.6793893129770994,-1.3053435114503817,1.786259541984733,24.859411764705882
1761616822,3402.74686 N,08407.11485 W,306.6,10,1.05,0.009,2.06,1.05,0.5506663818359374,0.7589619262695312,-9.794678991699218,-2.687022900763359,-1.0458015267175573,0.8015267175572519,24.81235294117647
1761616823,3402.74686 N,08407.11485 W,306.6,10,1.05,0.009,2.06,1.05,0.5267243652343749,0.74699091796875,-9.68454571533203,-3.068702290076336,-1.1068702290076335,1.1908396946564885,24.906470588235294
1761616824,3402.74707 N,08407.11505 W,306.5,10,1.05,0.009,2.06,1.05,0.5506663818359374,0.6775590698242188,-9.892841259765625,-2.7938931297709924,-1.2595419847328244,1.1145038167938932,24.81235294117647
1761616825,3402.74707 N,08407.11505 W,306.5,10,1.05,0.009,2.06,1.05,0.6200982299804687,0.7422025146484375,-9.739612353515625,-3.0763358778625953,-1.1145038167938932,1.4427480916030535,24.859411764705882
1761616826,3402.74707 N,08407.11505 W,306.5,10,1.05,0.009,2.06,1.05,0.59376201171875,0.6296750366210937,-9.701305126953125,-2.9083969465648853,-1.1374045801526718,1.015267175572519,24.859411764705882
1761616827,3402.74707 N,08407.11505 W,306.5,10,1.05,0.009,2.06,1.05,0.5746083984375,0.622492431640625,-9.916783276367187,-2.877862595419847,-1.0458015267175573,1.0381679389312977,24.81235294117647
1761616828,3402.74707 N,08407.11505 W,306.5,10,1.05,0.009,2.06,1.05,0.5913678100585937,0.7110778930664062,-9.816226806640625,-2.9618320610687023,-0.8549618320610687,1.2671755725190839,24.81235294117647
1761616829,3402.74707 N,08407.11505 W,306.5,10,1.05,0.009,2.06,1.05,0.5626373901367188,0.7038952880859375,-9.765948571777344,-2.8473282442748094,-0.9465648854961832,1.1984732824427482,24.906470588235294
1761616830,3402.74707 N,08407.11505 W,306.5,10,1.05,0.082,2.06,1.05,0.5578489868164063,0.8882488159179687,-9.725247143554688,-2.4122137404580153,-1.0534351145038168,0.5648854961832062,24.906470588235294
1761616831,3402.74707 N,08407.11505 W,306.5,10,1.05,0.082,2.06,1.05,0.5793968017578125,0.6296750366210937,-9.734823950195311,-3.282442748091603,-0.9923664122137404,1.3282442748091603,24.859411764705882
1761616832,3402.74719 N,08407.11502 W,306.3,10,1.05,0.082,2.06,1.05,0.59376201171875,0.9026140258789062,-9.873687646484374,-2.6412213740458017,-0.9847328244274809,0.9312977099236641,24.906470588235294
1761616833,3402.74719 N,08407.11502 W,306.3,10,1.05,0.082,2.06,1.05,0.6272808349609375,0.7134720947265625,-9.751583361816406,-2.9389312977099236,-1.1603053435114503,0.8625954198473282,24.859411764705882
1761616834,3402.74719 N,08407.11502 W,306.3,10,1.05,0.082,2.06,1.05,0.6081272216796875,0.7805097412109374,-9.809044201660155,-3.114503816793893,-1.0763358778625953,1.534351145038168,24.953529411764706
1761616835,3402.74719 N,08407.11502 W,306.3,10,1.05,0.082,2.06,1.05,0.59376201171875,0.7517793212890624,-9.832986218261718,-3.145038167938931,-1.0687022900763359,0.9770992366412213,24.81235294117647
1761616836,3402.74719 N,08407.11502 W,306.3,10,1.05,0.082,2.06,1.05,0.4836287353515625,0.7302315063476562,-9.732429748535155,-3.0076335877862594,-0.9618320610687023,1.1221374045801527,24.953529411764706
1761616837,3402.74719 N,08407.11502 W,306.3,10,1.05,0.082,2.06,1.05,0.6177040283203125,0.7565677246093749,-9.713276135253906,-2.900763358778626,-1.16793893129771,1.0916030534351144,24.906470588235294
1761616838,3402.74719 N,08407.11502 W,306.3,10,1.05,0.104,2.06,1.05,0.5434837768554687,0.63206923828125,-9.78031378173828,-2.7480916030534353,-0.8854961832061069,0.8625954198473282,24.859411764705882
1761616839,3402.74719 N,08407.11502 W,306.3,10,1.05,0.104,2.06,1.05,0.6296750366210937,0.7996633544921875,-9.782707983398437,-2.946564885496183,-0.9312977099236641,1.0687022900763359,24.859411764705882
1761616840,3402.74731 N,08407.11509 W,306.1,10,1.05,0.104,2.06,1.05,0.5291185668945312,0.718260498046875,-9.85692823486328,-2.7557251908396947,-1.0229007633587786,0.9312977099236641,25.04764705882353
1761616841,3402.74731 N,08407.11509 W,306.1,10,1.05,0.104,2.06,1.05,0.6248866333007812,0.7637503295898437,-9.7683427734375,-2.885496183206107,-1.1221374045801527,1.0534351145038168,24.953529411764706
1761616842,3402.74731 N,08407.11509 W,306.1,10,1.05,0.104,2.06,1.05,0.5386953735351562,0.7661445312499999,-9.955090502929687,-3.1068702290076335,-1.0305343511450382,1.0916030534351144,24.81235294117647
1761616843,3402.74731 N,08407.11509 W,306.1,10,1.05,0.104,2.06,1.05,0.5746083984375,0.7829039428710937,-9.81862100830078,-2.9236641221374047,-1.1526717557251909,1.1068702290076335,24.906470588235294
1761616844,3402.74731 N,08407.11509 W,306.1,10,1.05,0.104,2.06,1.05,0.55545478515625,0.7637503295898437,-9.770736975097655,-2.954198473282443,-1.0381679389312977,1.0458015267175573,24.859411764705882
1761616845,3402.74731 N,08407.11509 W,306.1,10,1.05,0.104,2.06,1.05,0.5722141967773438,0.7637503295898437,-9.926360083007811,-2.8625954198473282,-1.0687022900763359,1.1297709923664123,24.906470588235294
1761616846,3402.74731 N,08407.11509 W,306.1,10,1.05,0.103,2.06,1.05,0.5817910034179687,0.7781155395507812,-9.730035546875,-2.8625954198473282,-0.9847328244274809,0.9236641221374046,24.906470588235294
1761616847,3402.74731 N,08407.11509 W,306.1,10,1.05,0.103,2.06,1.05,0.7517793212890624,0.8834604125976562,-9.907206469726562,-2.877862595419847,-1.2366412213740459,0.9923664122137404,24.859411764705882
1761616848,3402.74745 N,08407.11513 W,305.9,10,1.05,0.103,2.06,1.05,0.5698199951171875,0.7709329345703124,-9.7683427734375,-2.8702290076335877,-0.916030534351145,0.9694656488549618,24.906470588235294
1761616849,3402.74745 N,08407.11513 W,305.9,10,1.05,0.103,2.06,1.05,0.6177040283203125,0.7278373046875,-9.710881933593749,-3.0763358778625953,-1.099236641221374,0.9694656488549618,24.906470588235294
1761616850,3402.74745 N,08407.11513 W,305.9,10,1.05,0.103,2.06,1.05,0.5626373901367188,0.7589619262695312,-9.758765966796874,-2.7709923664122136,-1.1526717557251909,1.0,24.906470588235294
1761616851,3402.74745 N,08407.11513 W,305.9,10,1.05,0.103,2.06,1.05,0.5363011718749999,0.7493851196289062,-9.734823950195311,-2.984732824427481,-1.2290076335877862,1.1526717557251909,24.953529411764706
1761616852,3402.74745 N,08407.11513 W,305.9,10,1.05,0.103,2.06,1.05,0.6009446166992187,0.63206923828125,-9.782707983398437,-2.9923664122137406,-1.0687022900763359,1.183206106870229,24.859411764705882
1761616853,3402.74745 N,08407.11513 W,305.9,10,1.05,0.103,2.06,1.05,0.584185205078125,0.7733271362304687,-9.665392102050781,-2.9923664122137406,-1.099236641221374,0.9236641221374046,24.906470588235294
1761616855,3402.74745 N,08407.11513 W,305.9,10,1.05,0.501,2.06,1.05,0.5674257934570313,0.7038952880859375,-9.746794958496093,-2.954198473282443,-1.16793893129771,0.9694656488549618,24.953529411764706
1761616856,3402.74745 N,08407.11513 W,305.9,10,1.05,0.501,2.06,1.05,0.46686932373046874,0.7302315063476562,-9.816226806640625,-2.9923664122137406,-1.1526717557251909,1.2900763358778626,24.859411764705882
1761616857,3402.74743 N,08407.11494 W,306.1,11,1.05,0.501,2.06,1.05,0.5722141967773438,0.7757213378906249,-9.773131176757811,-2.9770992366412212,-1.1526717557251909,0.9694656488549618,25.000588235294117
1761616858,3402.74743 N,08407.11494 W,306.1,11,1.05,0.501,2.06,1.05,0.5722141967773438,0.6919242797851562,-9.737218151855469,-2.9923664122137406,-1.0305343511450382,1.0,24.906470588235294
1761616859,3402.74743 N,08407.11494 W,306.1,11,1.05,0.501,2.06,1.05,0.5674257934570313,0.7900865478515624,-9.765948571777344,-2.8625954198473282,-1.0305343511450382,0.8702290076335878,25.000588235294117
1761616860,3402.74743 N,08407.11494 W,306.1,11,1.05,0.501,2.06,1.05,0.5817910034179687,0.7326257080078125,-9.773131176757811,-2.931297709923664,-0.9465648854961832,0.916030534351145,24.906470588235294
1761616861,3402.74743 N,08407.11494 W,306.1,11,1.05,0.501,2.06,1.05,0.49320554199218747,0.7924807495117187,-9.715670336914062,-2.9923664122137406,-1.0458015267175573,0.9770992366412213,24.859411764705882
1761616862,3402.74743 N,08407.11494 W,306.1,11,1.05,0.501,2.06,1.05,0.46208092041015625,0.7637503295898437,-9.715670336914062,-2.763358778625954,-1.2290076335877862,1.2290076335877862,24.81235294117647
1761616863,3402.74743 N,08407.11494 W,306.1,11,1.05,0.457,2.06,1.05,0.55545478515625,0.7541735229492187,-9.789890588378906,-3.0763358778625953,-1.099236641221374,1.1297709923664123,24.953529411764706
1761616864,3402.74743 N,08407.11494 W,306.1,11,1.05,0.457,2.06,1.05,0.565031591796875,0.6200982299804687,-9.710881933593749,-2.7480916030534353,-0.9923664122137404,1.1145038167938932,24.859411764705882
1761616865,3402.74751 N,08407.11477 W,306.1,10,1.05,0.457,2.06,1.05,0.7493851196289062,0.622492431640625,-9.746794958496093,-2.854961832061069,-1.0229007633587786,0.8931297709923665,24.859411764705882
1761616866,3402.74751 N,08407.11477 W,306.1,10,1.05,0.457,2.06,1.05,0.5578489868164063,0.7350199096679687,-9.797073193359374,-3.053435114503817,-0.8931297709923665,0.7251908396946565,24.81235294117647
1761616867,3402.74751 N,08407.11477 W,306.1,10,1.05,0.457,2.06,1.05,0.5889736083984375,0.7445967163085937,-9.631873278808593,-3.045801526717557,-0.8625954198473282,1.0763358778625953,25.000588235294117
1761616868,3402.74751 N,08407.11477 W,306.1,10,1.05,0.457,2.06,1.05,0.5961562133789062,0.8188169677734375,-9.713276135253906,-2.83206106870229,-1.0687022900763359,0.9847328244274809,24.81235294117647
1761616869,3402.74751 N,08407.11477 W,306.1,10,1.05,0.457,2.06,1.05,0.5770026000976562,0.7134720947265625,-9.56962403564453,-2.8396946564885495,-1.1908396946564885,0.9389312977099237,24.906470588235294
1761616870,3402.74751 N,08407.11477 W,306.1,10,1.05,0.457,2.06,1.05,0.6009446166992187,0.8020575561523438,-9.730035546875,-2.8702290076335877,-1.0610687022900764,0.8702290076335878,24.859411764705882
1761616871,3402.74751 N,08407.11477 W,306.1,10,1.05,0.360,2.06,1.05,0.7445967163085937,0.9074024291992187,-9.662997900390625,-2.984732824427481,-1.1145038167938932,1.0534351145038168,24.953529411764706
1761616872,3402.74751 N,08407.11477 W,306.1,10,1.05,0.360,2.06,1.05,0.5746083984375,0.8068459594726562,-9.713276135253906,-3.0381679389312977,-1.0687022900763359,1.0381679389312977,24.76529411764706
1761616873,3402.74756 N,08407.11465 W,306.1,10,1.05,0.360,2.06,1.05,0.5770026000976562,0.7733271362304687,-9.727641345214844,-3.122137404580153,-0.9694656488549618,0.9770992366412213,24.81235294117647
1761616874,3402.74756 N,08407.11465 W,306.1,10,1.05,0.360,2.06,1.05,0.5147533569335937,0.7733271362304687,-9.701305126953125,-2.8931297709923665,-1.083969465648855,1.1068702290076335,24.81235294117647
1761616875,3402.74756 N,08407.11465 W,306.1,10,1.05,0.360,2.06,1.05,0.584185205078125,0.7493851196289062,-9.706093530273437,-2.8625954198473282,-1.1908396946564885,1.1068702290076335,24.906470588235294
1761616876,3402.74756 N,08407.11465 W,306.1,10,1.05,0.360,2.06,1.05,0.6081272216796875,0.718260498046875,-9.7683427734375,-2.7709923664122136,-0.9770992366412213,1.0916030534351144,24.906470588235294
1761616877,3402.74756 N,08407.11465 W,306.1,10,1.05,0.360,2.06,1.05,0.5051765502929687,0.7757213378906249,-9.765948571777344,-3.0076335877862594,-1.0229007633587786,1.1145038167938932,24.906470588235294
1761616878,3402.74756 N,08407.11465 W,306.1,10,1.05,0.360,2.06,1.05,0.5602431884765625,0.7589619262695312,-9.746794958496093,-2.900763358778626,-1.1068702290076335,1.183206106870229,24.906470588235294
1761616879,3402.74756 N,08407.11465 W,306.1,10,1.05,0.401,2.06,1.05,0.565031591796875,0.7326257080078125,-9.789890588378906,-3.0,-1.0687022900763359,1.251908396946565,25.000588235294117
1761616880,3402.74756 N,08407.11465 W,306.1,10,1.05,0.401,2.06,1.05,0.6009446166992187,0.7685387329101562,-9.86411083984375,-3.0763358778625953,-1.083969465648855,0.916030534351145,24.81235294117647
1761616881,3402.74764 N,08407.11461 W,306.1,11,0.85,0.401,2.06,1.05,0.584185205078125,0.7158662963867187,-9.751583361816406,-2.9770992366412212,-0.8015267175572519,0.9389312977099237,24.906470588235294
1761616882,3402.74764 N,08407.11461 W,306.1,11,0.85,0.401,1.57,0.85,0.565031591796875,0.70868369140625,-9.78031378173828,-2.885496183206107,-1.183206106870229,1.1221374045801527,24.81235294117647
1761616883,3402.74764 N,08407.11461 W,306.1,11,0.85,0.401,1.57,0.85,0.6679822631835937,0.7589619262695312,-9.828197814941406,-3.0610687022900764,-1.2290076335877862,1.1145038167938932,24.81235294117647
1761616884,3402.74764 N,08407.11461 W,306.1,11,0.85,0.401,1.57,0.85,0.5722141967773438,0.6200982299804687,-9.7683427734375,-2.9083969465648853,-0.9236641221374046,1.1984732824427482,24.859411764705882
1761616885,3402.74764 N,08407.11461 W,306.1,11,0.85,0.401,1.57,0.85,0.5458779785156249,0.612915625,-9.670180505371093,-3.0076335877862594,-1.099236641221374,0.9465648854961832,24.906470588235294
1761616886,3402.74764 N,08407.11461 W,306.1,11,0.85,0.401,1.57,0.85,0.5530605834960938,0.7613561279296874,-9.701305126953125,-2.877862595419847,-1.0916030534351144,0.9694656488549618,24.906470588235294
1761616887,3402.74764 N,08407.11461 W,306.1,11,0.85,0.693,1.57,0.85,0.6153098266601562,0.8762778076171874,-9.765948571777344,-2.9083969465648853,-1.1984732824427482,1.0534351145038168,25.000588235294117
1761616888,3402.74764 N,08407.11461 W,306.1,11,0.85,0.693,1.57,0.85,0.5602431884765625,0.82360537109375,-9.744400756835937,-2.8091603053435112,-1.0687022900763359,1.183206106870229,24.859411764705882
1761616889,3402.74771 N,08407.11452 W,306.1,11,0.85,0.693,1.57,0.85,0.5410895751953124,0.7254431030273437,-9.68454571533203,-3.0,-1.1984732824427482,0.9923664122137404,24.859411764705882
1761616890,3402.74771 N,08407.11452 W,306.1,11,0.85,0.693,1.57,0.85,0.5027823486328125,0.7302315063476562,-9.753977563476562,-2.9236641221374047,-1.0229007633587786,1.251908396946565,24.953529411764706
1761616891,3402.74771 N,08407.11452 W,306.1,11,0.85,0.693,1.57,0.85,0.5291185668945312,0.814028564453125,-9.859322436523437,-3.0229007633587788,-0.9694656488549618,1.083969465648855,24.953529411764706
1761616892,3402.74771 N,08407.11452 W,306.1,11,0.85,0.693,1.57,0.85,0.5746083984375,0.7852981445312499,-9.777919580078125,-2.984732824427481,-1.1297709923664123,0.9694656488549618,25.000588235294117
1761616893,3402.74771 N,08407.11452 W,306.1,11,0.85,0.693,1.57,0.85,0.6081272216796875,0.7278373046875,-9.696516723632811,-2.946564885496183,-1.1221374045801527,1.0381679389312977,24.81235294117647
1761616894,3402.74771 N,08407.11452 W,306.1,11,0.85,0.693,1.57,0.85,0.7206546997070312,0.7829039428710937,-9.6917283203125,-2.7709923664122136,-1.1374045801526718,0.8396946564885496,24.906470588235294
1761616895,3402.74771 N,08407.11452 W,306.1,11,0.85,0.582,1.57,0.85,0.5817910034179687,0.7278373046875,-9.74200655517578,-2.931297709923664,-1.0381679389312977,1.0763358778625953,24.81235294117647
1761616896,3402.74771 N,08407.11452 W,306.1,11,0.85,0.582,1.57,0.85,0.584185205078125,0.7350199096679687,-9.74200655517578,-2.984732824427481,-1.0076335877862594,1.0076335877862594,24.906470588235294
1761616897,3402.74781 N,08407.11441 W,306.1,11,0.85,0.582,1.57,0.85,0.5506663818359374,0.7733271362304687,-9.672574707031249,-2.7251908396946565,-1.0534351145038168,0.916030534351145,24.906470588235294
1761616898,3402.74781 N,08407.11441 W,306.1,11,0.85,0.582,1.57,0.85,0.5410895751953124,0.8858546142578124,-9.804255798339844,-2.900763358778626,-1.251908396946565,1.1526717557251909,24.953529411764706
1761616899,3402.74781 N,08407.11441 W,306.1,11,0.85,0.582,1.57,0.85,0.5219359619140624,0.6967126831054687,-9.765948571777344,-2.877862595419847,-1.1145038167938932,1.0458015267175573,24.859411764705882
1761616900,3402.74781 N,08407.11441 W,306.1,11,0.85,0.582,1.57,0.85,0.6368576416015624,0.699106884765625,-9.718064538574218,-3.0381679389312977,-1.1603053435114503,1.1755725190839694,24.81235294117647
1761616901,3402.74781 N,08407.11441 W,306.1,11,0.85,0.582,1.57,0.85,0.6296750366210937,0.7541735229492187,-9.718064538574218,-3.0,-1.0229007633587786,1.0763358778625953,24.859411764705882
1761616902,3402.74781 N,08407.11441 W,306.1,11,0.85,0.582,1.57,0.85,0.5315127685546874,0.833182177734375,-9.746794958496093,-1.5267175572519085,-0.8778625954198473,-0.5877862595419847,24.81235294117647
1761616903,3402.74781 N,08407.11441 W,306.1,11,0.85,0.589,1.57,0.85,0.5410895751953124,0.7398083129882812,-9.763554370117188,-2.4427480916030535,-1.0534351145038168,0.3893129770992366,24.953529411764706
1761616904,3402.74781 N,08407.11441 W,306.1,11,0.85,0.589,1.57,0.85,0.5578489868164063,0.7254431030273437,-9.79946739501953,-2.8396946564885495,-1.1068702290076335,1.0610687022900764,24.906470588235294
1761616905,3402.74779 N,08407.11441 W,306.1,11,0.85,0.589,1.57,0.85,0.5793968017578125,0.7278373046875,-9.765948571777344,-3.0763358778625953,-1.015267175572519,1.2442748091603053,25.000588235294117
1761616906,3402.74779 N,08407.11441 W,306.1,11,0.85,0.589,1.57,0.85,0.7302315063476562,0.737414111328125,-9.718064538574218,-2.717557251908397,-0.8549618320610687,1.183206106870229,24.859411764705882
1761616907,3402.74779 N,08407.11441 W,306.1,11,0.85,0.589,1.57,0.85,0.5913678100585937,0.74699091796875,-9.809044201660155,-3.0076335877862594,-1.0458015267175573,0.8854961832061069,24.81235294117647
1761616908,3402.74779 N,08407.11441 W,306.1,11,0.85,0.589,1.57,0.85,0.5602431884765625,0.6153098266601562,-9.787496386718749,-2.7938931297709924,-0.916030534351145,0.8625954198473282,24.859411764705882
1761616909,3402.74779 N,08407.11441 W,306.1,11,0.85,0.589,1.57,0.85,0.5674257934570313,0.7517793212890624,-9.689334118652344,-2.5801526717557253,-1.0534351145038168,0.7022900763358778,24.906470588235294
1761616910,3402.74779 N,08407.11441 W,306.1,11,0.85,0.589,1.57,0.85,0.5722141967773438,0.737414111328125,-9.782707983398437,-3.099236641221374,-1.183206106870229,1.1221374045801527,24.906470588235294
1761616911,3402.74779 N,08407.11441 W,306.1,11,0.85,0.166,1.57,0.85,0.5817910034179687,0.7781155395507812,-9.789890588378906,-2.732824427480916,-0.9083969465648855,0.8931297709923665,24.953529411764706
1761616912,3402.74779 N,08407.11441 W,306.1,11,0.85,0.166,1.57,0.85,0.5793968017578125,0.7948749511718749,-9.777919580078125,-3.0839694656488548,-1.0381679389312977,1.3129770992366412,24.906470588235294
1761616913,3402.74783 N,08407.11445 W,306.1,11,0.85,0.166,1.57,0.85,0.49799394531249996,0.7230489013671875,-9.713276135253906,-2.877862595419847,-1.1526717557251909,1.282442748091603,24.81235294117647
1761616914,3402.74783 N,08407.11445 W,306.1,11,0.85,0.166,1.57,0.85,0.6248866333007812,0.7445967163085937,-9.739612353515625,-2.618320610687023,-0.9465648854961832,1.015267175572519,24.953529411764706
1761616915,3402.74783 N,08407.11445 W,306.1,11,0.85,0.166,1.57,0.85,0.5363011718749999,0.699106884765625,-9.751583361816406,-2.931297709923664,-0.9465648854961832,1.0381679389312977,24.906470588235294
1761616916,3402.74783 N,08407.11445 W,306.1,11,0.85,0.166,1.57,0.85,0.5626373901367188,0.7685387329101562,-9.809044201660155,-3.030534351145038,-1.0916030534351144,0.9236641221374046,24.906470588235294
1761616917,3402.74783 N,08407.11445 W,306.1,11,0.85,0.166,1.57,0.85,0.5817910034179687,0.612915625,-9.775525378417969,-3.045801526717557,-1.0610687022900764,1.0381679389312977,24.953529411764706
1761616918,3402.74783 N,08407.11445 W,306.1,11,0.85,0.166,1.57,0.85,0.5889736083984375,0.6703764648437499,-9.773131176757811,-3.0,-1.2595419847328244,0.9007633587786259,24.906470588235294
1761616919,3402.74783 N,08407.11445 W,306.1,11,0.85,0.222,1.57,0.85,0.5482721801757812,0.7350199096679687,-9.698910925292969,-2.816793893129771,-1.0687022900763359,1.1221374045801527,24.906470588235294
1761616920,3402.74783 N,08407.11445 W,306.1,11,0.85,0.222,1.57,0.85,0.5530605834960938,0.74699091796875,-9.718064538574218,-2.801526717557252,-0.9083969465648855,0.9694656488549618,24.859411764705882
1761616921,3402.74786 N,08407.11435 W,306.1,11,0.85,0.222,1.57,0.85,0.584185205078125,0.7134720947265625,-9.82580361328125,-2.885496183206107,-1.183206106870229,1.0458015267175573,25.000588235294117
1761616922,3402.74786 N,08407.11435 W,306.1,11,0.85,0.222,1.57,0.85,0.5602431884765625,0.7852981445312499,-9.701305126953125,-2.8396946564885495,-1.1755725190839694,1.099236641221374,25.000588235294117
1761616923,3402.74786 N,08407.11435 W,306.1,11,0.85,0.222,1.57,0.85,0.5889736083984375,0.7422025146484375,-9.689334118652344,-3.0839694656488548,-1.1374045801526718,1.2748091603053435,24.859411764705882
1761616924,3402.74786 N,08407.11435 W,306.1,11,0.85,0.222,1.57,0.85,0.5889736083984375,0.7613561279296874,-9.81862100830078,-3.0076335877862594,-1.282442748091603,1.0610687022900764,24.81235294117647
1761616925,3402.74786 N,08407.11435 W,306.1,11,0.85,0.222,1.57,0.85,0.603338818359375,0.9050082275390624,-9.811438403320311,-2.854961832061069,-1.183206106870229,0.9770992366412213,24.81235294117647
1761616926,3402.74786 N,08407.11435 W,306.1,11,0.85,0.222,1.57,0.85,0.5961562133789062,0.7493851196289062,-9.813832604980469,-2.9618320610687023,-1.015267175572519,1.1068702290076335,24.953529411764706
1761616927,3402.74786 N,08407.11435 W,306.1,11,0.85,0.035,1.57,0.85,0.6368576416015624,0.7278373046875,-9.706093530273437,-2.816793893129771,-1.0381679389312977,0.9541984732824428,24.906470588235294
1761616928,3402.74786 N,08407.11435 W,306.1,11,0.85,0.035,1.57,0.85,0.5674257934570313,0.7709329345703124,-9.907206469726562,-3.2213740458015265,-1.0763358778625953,1.2595419847328244,24.953529411764706
1761616929,3402.74789 N,08407.11428 W,306.0,11,0.85,0.035,1.57,0.85,0.612915625,0.6751648681640625,-9.909600671386718,-3.1603053435114505,-1.0076335877862594,1.3358778625954197,24.859411764705882
1761616930,3402.74789 N,08407.11428 W,306.0,11,0.85,0.035,1.57,0.85,0.6177040283203125,0.63206923828125,-9.670180505371093,-2.8244274809160306,-1.0534351145038168,1.1755725190839694,24.906470588235294
1761616931,3402.74789 N,08407.11428 W,306.0,11,0.85,0.035,1.57,0.85,0.6057330200195312,0.8595183959960937,-9.804255798339844,-5.114503816793893,-1.7786259541984732,3.4885496183206106,24.906470588235294
1761616932,3402.74789 N,08407.11428 W,306.0,11,0.85,0.035,1.57,0.85,0.584185205078125,0.7326257080078125,-9.809044201660155,-3.8625954198473282,-0.8778625954198473,-0.40458015267175573,24.906470588235294
1761616933,3402.74789 N,08407.11428 W,306.0,11,0.85,0.035,1.57,0.85,0.7422025146484375,0.8164227661132812,-9.727641345214844,-3.1374045801526718,-1.1374045801526718,0.9007633587786259,25.000588235294117
1761616934,3402.74789 N,08407.11428 W,306.0,11,0.85,0.035,1.57,0.85,0.6105214233398437,0.7733271362304687,-9.773131176757811,-2.9160305343511452,-0.9618320610687023,1.1068702290076335,24.953529411764706
1761616935,3402.74789 N,08407.11428 W,306.0,11,0.85,0.279,1.57,0.85,0.5770026000976562,0.7134720947265625,-9.811438403320311,-2.7022900763358777,-0.8854961832061069,0.8244274809160306,24.953529411764706
1761616936,3402.74789 N,08407.11428 W,306.0,11,0.85,0.279,1.57,0.85,0.6009446166992187,0.699106884765625,-9.758765966796874,-2.687022900763359,-1.1908396946564885,0.9923664122137404,24.906470588235294
1761616937,3402.74791 N,08407.11418 W,305.9,11,0.85,0.279,1.57,0.85,0.55545478515625,0.7589619262695312,-9.847351428222655,-4.00763358778626,-1.1755725190839694,2.0610687022900764,24.906470588235294
1761616938,3402.74791 N,08407.11418 W,305.9,11,0.85,0.279,1.57,0.85,0.5626373901367188,0.8188169677734375,-9.830592016601562,-3.7099236641221376,-1.2442748091603053,1.8702290076335877,25.000588235294117
1761616939,3402.74791 N,08407.11418 W,305.9,11,0.85,0.279,1.57,0.85,0.6009446166992187,0.7398083129882812,-9.725247143554688,-2.8473282442748094,-1.0458015267175573,0.7938931297709924,24.953529411764706
1761616940,3402.74791 N,08407.11418 W,305.9,11,0.85,0.279,1.57,0.85,0.5817910034179687,0.70868369140625,-9.739612353515625,-2.946564885496183,-1.1145038167938932,1.1221374045801527,24.81235294117647
1761616941,3402.74791 N,08407.11418 W,305.9,11,0.85,0.279,1.57,0.85,0.5434837768554687,0.7757213378906249,-9.81862100830078,-2.7938931297709924,-0.9770992366412213,0.9312977099236641,24.81235294117647
1761616942,3402.74791 N,08407.11418 W,305.9,11,0.85,0.279,1.57,0.85,0.46686932373046874,0.6272808349609375,-9.72285294189453,-2.16793893129771,-0.9770992366412213,0.732824427480916,24.906470588235294
1761616943,3402.74791 N,08407.11418 W,305.9,11,0.85,0.568,1.57,0.85,0.5770026000976562,0.70868369140625,-9.670180505371093,-3.2213740458015265,-1.0458015267175573,1.3969465648854962,24.953529411764706
1761616944,3402.74791 N,08407.11418 W,305.9,11,0.85,0.568,1.57,0.85,0.5793968017578125,0.6919242797851562,-9.76116016845703,-3.3969465648854964,-1.0,1.2290076335877862,24.906470588235294
1761616945,3402.74795 N,08407.11403 W,306.1,11,0.85,0.568,1.57,0.85,0.6009446166992187,0.6416460449218749,-9.76116016845703,-3.145038167938931,-1.2213740458015268,1.3435114503816794,25.000588235294117
1761616946,3402.74795 N,08407.11403 W,306.1,11,0.85,0.568,1.57,0.85,0.6248866333007812,0.737414111328125,-9.789890588378906,-2.83206106870229,-1.1603053435114503,0.9541984732824428,24.953529411764706
1761616947,3402.74795 N,08407.11403 W,306.1,11,0.85,0.568,1.57,0.85,0.6009446166992187,0.7948749511718749,-9.732429748535155,-2.0763358778625953,-0.9923664122137404,0.2595419847328244,25.000588235294117
1761616948,3402.74795 N,08407.11403 W,306.1,11,0.85,0.568,1.57,0.85,0.5339069702148437,0.737414111328125,-9.81862100830078,-3.0,-0.9923664122137404,0.8625954198473282,24.906470588235294
1761616949,3402.74795 N,08407.11403 W,306.1,11,0.85,0.568,1.57,0.85,0.584185205078125,0.7493851196289062,-9.770736975097655,-3.0381679389312977,-0.9847328244274809,1.2671755725190839,24.906470588235294
1761616950,3402.74795 N,08407.11403 W,306.1,11,0.85,0.568,1.57,0.85,0.5434837768554687,0.9169792358398436,-9.674968908691406,-2.6030534351145036,-0.9694656488549618,0.732824427480916,24.953529411764706
1761616951,3402.74795 N,08407.11403 W,306.1,11,0.85,0.016,1.57,0.85,0.5985504150390625,0.7589619262695312,-9.773131176757811,-2.549618320610687,-0.9694656488549618,0.5038167938931297,25.000588235294117
1761616952,3402.74795 N,08407.11403 W,306.1,11,0.85,0.016,1.57,0.85,0.5770026000976562,0.74699091796875,-9.763554370117188,-3.2748091603053435,-1.2442748091603053,1.5801526717557253,24.906470588235294
1761616953,3402.74818 N,08407.11410 W,306.2,11,0.85,0.016,1.57,0.85,0.6296750366210937,0.7541735229492187,-9.775525378417969,-2.183206106870229,-0.9465648854961832,0.5114503816793893,24.906470588235294
1761616954,3402.74818 N,08407.11410 W,306.2,11,0.85,0.016,1.57,0.85,0.47884033203125,0.7493851196289062,-9.713276135253906,-3.015267175572519,-1.2442748091603053,1.1984732824427482,24.953529411764706
1761616955,3402.74818 N,08407.11410 W,306.2,11,0.85,0.016,1.57,0.85,0.59376201171875,0.7517793212890624,-9.775525378417969,-2.885496183206107,-1.1374045801526718,1.2290076335877862,24.906470588235294
1761616956,3402.74818 N,08407.11410 W,306.2,11,0.85,0.016,1.57,0.85,0.6248866333007812,0.7134720947265625,-9.785102185058593,-3.16793893129771,-1.1908396946564885,1.0763358778625953,24.906470588235294
1761616957,3402.74818 N,08407.11410 W,306.2,11,0.85,0.016,1.57,0.85,0.6081272216796875,0.7350199096679687,-9.76116016845703,-3.045801526717557,-0.9923664122137404,1.0534351145038168,24.81235294117647
1761616958,3402.74818 N,08407.11410 W,306.2,11,0.85,0.016,1.57,0.85,0.6153098266601562,0.7996633544921875,-9.710881933593749,-2.732824427480916,-1.1984732824427482,0.7404580152671756,24.953529411764706
1761616959,3402.74818 N,08407.11410 W,306.2,11,0.85,0.768,1.57,0.85,0.5363011718749999,0.814028564453125,-9.804255798339844,-3.0839694656488548,-1.282442748091603,1.099236641221374,25.000588235294117
1761616960,3402.74818 N,08407.11410 W,306.2,11,0.85,0.768,1.57,0.85,0.59376201171875,0.7445967163085937,-9.749189160156249,-2.6946564885496183,-1.0534351145038168,0.8015267175572519,24.953529411764706
1761616961,3402.74813 N,08407.11396 W,306.2,11,0.85,0.768,1.57,0.85,0.6009446166992187,0.7757213378906249,-9.710881933593749,-2.885496183206107,-0.9694656488549618,0.9465648854961832,24.906470588235294
1761616962,3402.74813 N,08407.11396 W,306.2,11,0.85,0.768,1.57,0.85,0.5530605834960938,0.8259995727539062,-9.85692823486328,-2.8473282442748094,-0.9847328244274809,0.9541984732824428,24.906470588235294
1761616963,3402.74813 N,08407.11396 W,306.2,11,0.85,0.768,1.57,0.85,0.5482721801757812,0.737414111328125,-9.746794958496093,-2.8244274809160306,-1.0916030534351144,0.8854961832061069,24.906470588235294
1761616965,3402.74813 N,08407.11396 W,306.2,11,0.85,0.768,1.57,0.85,0.5698199951171875,0.7230489013671875,-9.763554370117188,-3.0839694656488548,-1.0534351145038168,0.9312977099236641,24.953529411764706
1761616966,3402.74813 N,08407.11396 W,306.2,11,0.85,0.768,1.57,0.85,0.5698199951171875,0.9121908325195311,-9.746794958496093,-2.946564885496183,-1.0763358778625953,1.2061068702290076,24.953529411764706
1761616967,3402.74813 N,08407.11396 W,306.2,11,0.85,0.768,1.57,0.85,0.5889736083984375,0.7445967163085937,-9.756371765136718,-2.854961832061069,-0.8549618320610687,1.0610687022900764,24.859411764705882
1761616968,3402.74813 N,08407.11396 W,306.2,11,0.85,0.497,1.57,0.85,0.584185205078125,0.7398083129882812,-9.82580361328125,-3.381679389312977,-1.2671755725190839,1.1908396946564885,24.953529411764706
1761616969,3402.74813 N,08407.11396 W,306.2,11,0.85,0.497,1.57,0.85,0.622492431640625,0.7493851196289062,-9.782707983398437,-2.717557251908397,-1.0534351145038168,1.0076335877862594,24.859411764705882
1761616970,3402.74821 N,08407.11381 W,306.1,11,0.85,0.497,1.57,0.85,0.5674257934570313,0.7972691528320313,-9.816226806640625,-2.8473282442748094,-1.3053435114503817,0.8473282442748091,24.859411764705882
1761616971,3402.74821 N,08407.11381 W,306.1,11,0.85,0.497,1.57,0.85,0.5626373901367188,0.7230489013671875,-9.713276135253906,-2.2900763358778624,-1.1068702290076335,0.45038167938931295,25.000588235294117
1761616972,3402.74821 N,08407.11381 W,306.1,11,0.85,0.497,1.57,0.85,0.6153098266601562,0.7589619262695312,-9.804255798339844,-2.9160305343511452,-0.8854961832061069,0.9923664122137404,25.000588235294117
1761616973,3402.74821 N,08407.11381 W,306.1,11,0.85,0.497,1.57,0.85,0.5195417602539062,0.7517793212890624,-9.821015209960937,-2.6106870229007635,-0.9083969465648855,0.8396946564885496,24.953529411764706
1761616974,3402.74821 N,08407.11381 W,306.1,11,0.85,0.497,1.57,0.85,0.5817910034179687,0.7972691528320313,-9.68454571533203,-2.8396946564885495,-1.015267175572519,0.8854961832061069,24.906470588235294
1761616975,3402.74821 N,08407.11381 W,306.1,11,0.85,0.497,1.57,0.85,0.5363011718749999,0.7517793212890624,-9.734823950195311,-2.954198473282443,-0.9465648854961832,1.0687022900763359,24.906470588235294
1761616976,3402.74821 N,08407.11381 W,306.1,11,0.85,0.025,1.57,0.85,0.7565677246093749,0.7422025146484375,-9.706093530273437,-3.0,-1.0,1.2213740458015268,24.953529411764706
1761616977,3402.74821 N,08407.11381 W,306.1,11,0.85,0.025,1.57,0.85,0.46686932373046874,0.7733271362304687,-9.78031378173828,-2.8931297709923665,-1.3129770992366412,1.2061068702290076,25.000588235294117
1761616978,3402.74830 N,08407.11387 W,306.1,11,0.85,0.025,1.57,0.85,0.5195417602539062,0.7757213378906249,-9.662997900390625,-2.4580152671755724,-1.1068702290076335,0.648854961832061,24.953529411764706
1761616979,3402.74830 N,08407.11387 W,306.1,11,0.85,0.025,1.57,0.85,0.5793968017578125,0.7972691528320313,-9.713276135253906,-2.50381679389313,-0.9236641221374046,0.6335877862595419,25.000588235294117
1761616980,3402.74830 N,08407.11387 W,306.1,11,0.85,0.025,1.57,0.85,0.5793968017578125,0.7589619262695312,-9.727641345214844,-3.1526717557251906,-1.0458015267175573,1.3435114503816794,24.906470588235294
1761616981,3402.74830 N,08407.11387 W,306.1,11,0.85,0.025,1.57,0.85,0.5865794067382812,0.9074024291992187,-9.715670336914062,-3.0610687022900764,-1.1374045801526718,1.3511450381679388,24.953529411764706
1761616982,3402.74830 N,08407.11387 W,306.1,11,0.85,0.025,1.57,0.85,0.6871358764648438,0.8044517578125,-9.713276135253906,-2.9770992366412212,-1.1297709923664123,0.9923664122137404,24.859411764705882
1761616983,3402.74830 N,08407.11387 W,306.1,11,0.85,0.025,1.57,0.85,0.5865794067382812,0.9145850341796874,-9.892841259765625,-2.9389312977099236,-1.2213740458015268,1.2748091603053435,24.906470588235294
1761616984,3402.74830 N,08407.11387 W,306.1,11,0.85,0.228,1.57,0.85,0.5746083984375,0.7829039428710937,-9.758765966796874,-2.931297709923664,-0.9389312977099237,1.015267175572519,25.000588235294117
1761616985,3402.74830 N,08407.11387 W,306.1,11,0.85,0.228,1.57,0.85,0.5889736083984375,0.9169792358398436,-9.670180505371093,-2.786259541984733,-1.015267175572519,0.9770992366412213,24.81235294117647
1761616986,3402.74833 N,08407.11379 W,306.0,11,0.85,0.228,1.57,0.85,0.5674257934570313,0.7565677246093749,-9.679757312011718,-2.8091603053435112,-1.1145038167938932,1.183206106870229,24.953529411764706
1761616987,3402.74833 N,08407.11379 W,306.0,11,0.85,0.228,1.57,0.85,0.6009446166992187,0.7230489013671875,-9.70369932861328,-2.854961832061069,-1.0305343511450382,0.9541984732824428,24.953529411764706
1761616988,3402.74833 N,08407.11379 W,306.0,11,0.85,0.228,1.57,0.85,0.5817910034179687,0.8068459594726562,-9.746794958496093,-3.0,-1.1145038167938932,1.0763358778625953,24.859411764705882
1761616989,3402.74833 N,08407.11379 W,306.0,11,0.85,0.228,1.57,0.85,0.5722141967773438,0.8978256225585937,-9.773131176757811,-2.8625954198473282,-1.099236641221374,1.2671755725190839,24.81235294117647
1761616990,3402.74833 N,08407.11379 W,306.0,11,0.85,0.228,1.57,0.85,0.6009446166992187,0.7326257080078125,-9.770736975097655,-3.0610687022900764,-1.0305343511450382,1.1755725190839694,24.906470588235294
1761616991,3402.74833 N,08407.11379 W,306.0,11,0.85,0.228,1.57,0.85,0.5770026000976562,0.7661445312499999,-9.674968908691406,-2.9618320610687023,-1.0229007633587786,0.9694656488549618,24.906470588235294
1761616992,3402.74833 N,08407.11379 W,306.0,11,0.85,0.164,1.57,0.85,0.5722141967773438,0.7637503295898437,-9.835380419921874,-2.7709923664122136,-1.282442748091603,0.9618320610687023,24.906470588235294
1761616993,3402.74833 N,08407.11379 W,306.0,11,0.85,0.164,1.57,0.85,0.5291185668945312,0.7565677246093749,-9.749189160156249,-2.687022900763359,-0.9312977099236641,0.9923664122137404,24.953529411764706
1761616994,3402.74838 N,08407.11369 W,305.9,11,0.85,0.164,1.57,0.85,0.5889736083984375,0.7900865478515624,-9.777919580078125,-2.717557251908397,-0.9465648854961832,1.0534351145038168,24.953529411764706
1761616995,3402.74838 N,08407.11369 W,305.9,11,0.85,0.164,1.57,0.85,0.5674257934570313,0.7422025146484375,-9.775525378417969,-2.7251908396946565,-1.0076335877862594,0.8778625954198473,24.859411764705882
1761616996,3402.74838 N,08407.11369 W,305.9,11,0.85,0.164,1.57,0.85,0.5913678100585937,0.6967126831054687,-9.79946739501953,-2.8625954198473282,-1.1068702290076335,1.1221374045801527,24.906470588235294
1761616997,3402.74838 N,08407.11369 W,305.9,11,0.85,0.164,1.57,0.85,0.622492431640625,0.7709329345703124,-9.787496386718749,-2.786259541984733,-1.3511450381679388,0.9236641221374046,24.718235294117648
1761616998,3402.74838 N,08407.11369 W,305.9,11,0.85,0.164,1.57,0.85,0.4644751220703125,0.7852981445312499,-9.70369932861328,-2.931297709923664,-0.9236641221374046,1.0687022900763359,24.859411764705882
1761616999,3402.74838 N,08407.11369 W,305.9,11,0.85,0.164,1.57,0.85,0.5913678100585937,0.718260498046875,-9.725247143554688,-2.801526717557252,-1.0763358778625953,0.6793893129770993,24.953529411764706
1761617000,3402.74838 N,08407.11369 W,305.9,11,0.85,0.044,1.57,0.85,0.5674257934570313,0.7302315063476562,-9.770736975097655,-2.900763358778626,-1.099236641221374,1.0229007633587786,24.906470588235294
1761617001,3402.74838 N,08407.11369 W,305.9,11,0.85,0.044,1.57,0.85,0.6200982299804687,0.737414111328125,-9.787496386718749,-3.0610687022900764,-1.1297709923664123,0.9618320610687023,24.859411764705882
1761617002,3402.74838 N,08407.11365 W,305.8,11,0.85,0.044,1.57,0.85,0.5913678100585937,0.7062894897460937,-9.76116016845703,-3.4122137404580153,-1.2213740458015268,1.3587786259541985,24.81235294117647
1761617003,3402.74838 N,08407.11365 W,305.8,11,0.85,0.044,1.57,0.85,0.46208092041015625,0.9074024291992187,-9.83777462158203,-3.213740458015267,-1.16793893129771,1.1603053435114503,24.906470588235294
1761617004,3402.74838 N,08407.11365 W,305.8,11,0.85,0.044,1.57,0.85,0.5913678100585937,0.7445967163085937,-9.744400756835937,-2.648854961832061,-0.9465648854961832,0.7786259541984732,24.953529411764706
1761617005,3402.74838 N,08407.11365 W,305.8,11,0.85,0.044,1.57,0.85,0.5913678100585937,0.814028564453125,-9.701305126953125,-3.0610687022900764,-1.0305343511450382,1.16793893129771,24.81235294117647
1761617006,3402.74838 N,08407.11365 W,305.8,11,0.85,0.044,1.57,0.85,0.5578489868164063,0.7757213378906249,-9.947907897949218,-2.969465648854962,-1.0687022900763359,1.1450381679389312,24.906470588235294
1761617007,3402.74838 N,08407.11365 W,305.8,11,0.85,0.044,1.57,0.85,0.5793968017578125,0.7493851196289062,-9.782707983398437,-2.83206106870229,-1.1221374045801527,1.2366412213740459,24.953529411764706
1761617008,3402.74838 N,08407.11365 W,305.8,11,0.85,0.149,1.57,0.85,0.565031591796875,0.7422025146484375,-9.749189160156249,-2.954198473282443,-1.083969465648855,1.0763358778625953,24.906470588235294
1761617009,3402.74838 N,08407.11365 W,305.8,11,0.85,0.149,1.57,0.85,0.5410895751953124,0.7948749511718749,-9.797073193359374,-2.8091603053435112,-1.2442748091603053,1.0687022900763359,24.906470588235294
1761617010,3402.74846 N,08407.11353 W,305.7,11,0.85,0.149,1.57,0.85,0.6440402465820312,0.7326257080078125,-9.775525378417969,-3.0916030534351147,-1.1450381679389312,1.4351145038167938,24.906470588235294
1761617011,3402.74846 N,08407.11353 W,305.7,11,0.85,0.149,1.57,0.85,0.565031591796875,0.7254431030273437,-9.789890588378906,-3.0076335877862594,-1.1908396946564885,1.1526717557251909,24.953529411764706
1761617012,3402.74846 N,08407.11353 W,305.7,11,0.85,0.149,1.57,0.85,0.6296750366210937,0.8283937744140625,-9.770736975097655,-2.7557251908396947,-1.2366412213740459,0.816793893129771,24.859411764705882
1761617013,3402.74846 N,08407.11353 W,305.7,11,0.85,0.149,1.57,0.85,0.5578489868164063,0.7254431030273437,-9.787496386718749,-3.045801526717557,-1.1297709923664123,1.4274809160305344,24.906470588235294
1761617014,3402.74846 N,08407.11353 W,305.7,11,0.85,0.149,1.57,0.85,0.5817910034179687,0.7948749511718749,-9.658209497070311,-2.8625954198473282,-0.9236641221374046,1.0305343511450382,24.906470588235294
1761617015,3402.74846 N,08407.11353 W,305.7,11,0.85,0.149,1.57,0.85,0.565031591796875,0.7637503295898437,-9.765948571777344,-2.66412213740458,-0.8625954198473282,0.8931297709923665,24.906470588235294
1761617016,3402.74846 N,08407.11353 W,305.7,11,0.85,0.152,1.57,0.85,0.565031591796875,0.7733271362304687,-9.765948571777344,-2.7480916030534353,-1.0687022900763359,0.7404580152671756,25.000588235294117
1761617017,3402.74846 N,08407.11353 W,305.7,11,0.85,0.152,1.57,0.85,0.4644751220703125,0.7757213378906249,-9.753977563476562,-2.83206106870229,-1.083969465648855,0.9618320610687023,24.906470588235294
1761617018,3402.74847 N,08407.11350 W,305.6,11,0.85,0.152,1.57,0.85,0.5386953735351562,0.7110778930664062,-9.682151513671874,-2.5801526717557253,-1.1908396946564885,0.7709923664122137,24.81235294117647
1761617019,3402.74847 N,08407.11350 W,305.6,11,0.85,0.152,1.57,0.85,0.5865794067382812,0.7110778930664062,-9.76116016845703,-2.9618320610687023,-1.1068702290076335,0.9465648854961832,24.906470588235294
1761617020,3402.74847 N,08407.11350 W,305.6,11,0.85,0.152,1.57,0.85,0.5985504150390625,0.7709329345703124,-9.952696301269532,-2.8702290076335877,-0.9236641221374046,1.015267175572519,24.953529411764706
1761617021,3402.74847 N,08407.11350 W,305.6,11,0.85,0.152,1.57,0.85,0.5602431884765625,0.7134720947265625,-9.847351428222655,-2.9160305343511452,-1.2671755725190839,1.0916030534351144,25.000588235294117
1761617022,3402.74847 N,08407.11350 W,305.6,11,0.85,0.152,1.57,0.85,0.6416460449218749,0.7900865478515624,-9.792284790039062,-3.0610687022900764,-1.1984732824427482,1.4427480916030535,24.859411764705882
1761617023,3402.74847 N,08407.11350 W,305.6,11,0.85,0.152,1.57,0.85,0.6009446166992187,0.8978256225585937,-9.710881933593749,-2.854961832061069,-1.1221374045801527,0.9694656488549618,24.81235294117647
1761617024,3402.74847 N,08407.11350 W,305.6,11,0.85,0.083,1.57,0.85,0.5889736083984375,0.7661445312499999,-9.773131176757811,-2.6717557251908395,-1.0916030534351144,0.9770992366412213,24.906470588235294
1761617025,3402.74847 N,08407.11350 W,305.6,11,0.85,0.083,1.57,0.85,0.5889736083984375,0.7852981445312499,-9.787496386718749,-3.4732824427480917,-1.1221374045801527,1.702290076335878,24.953529411764706
1761617026,3402.74858 N,08407.11348 W,305.3,11,0.85,0.083,1.57,0.85,0.5458779785156249,0.6967126831054687,-9.89523546142578,-2.50381679389313,-1.1068702290076335,0.7022900763358778,24.859411764705882
1761617027,3402.74858 N,08407.11348 W,305.3,11,0.85,0.083,1.57,0.85,0.6536170532226562,0.6177040283203125,-9.9215716796875,-2.83206106870229,-1.1450381679389312,0.8854961832061069,24.906470588235294
1761617028,3402.74858 N,08407.11348 W,305.3,11,0.85,0.083,1.57,0.85,0.612915625,0.7948749511718749,-9.734823950195311,-3.3587786259541983,-1.0381679389312977,1.4045801526717556,24.906470588235294
1761617029,3402.74858 N,08407.11348 W,305.3,11,0.85,0.083,1.57,0.85,0.47884033203125,0.9097966308593749,-9.7683427734375,-2.885496183206107,-1.1297709923664123,0.8625954198473282,24.953529411764706
1761617030,3402.74858 N,08407.11348 W,305.3,11,0.85,0.083,1.57,0.85,0.5530605834960938,0.6512228515624999,-9.82580361328125,-4.282442748091603,-1.6946564885496183,3.66412213740458,24.906470588235294
1761617031,3402.74858 N,08407.11348 W,305.3,11,0.85,0.083,1.57,0.85,0.7517793212890624,0.9026140258789062,-9.696516723632811,-2.9923664122137406,-1.183206106870229,0.8854961832061069,24.906470588235294
1761617032,3402.74858 N,08407.11348 W,305.3,11,0.85,0.071,1.57,0.85,0.6536170532226562,0.7517793212890624,-9.789890588378906,-2.954198473282443,-1.1755725190839694,1.3053435114503817,24.906470588235294
1761617033,3402.74858 N,08407.11348 W,305.3,11,0.85,0.071,1.57,0.85,0.5003881469726562,0.8882488159179687,-9.823409411621093,-2.717557251908397,-1.1526717557251909,0.9618320610687023,24.859411764705882
1761617034,3402.74865 N,08407.11336 W,305.2,11,0.85,0.071,1.57,0.85,0.5578489868164063,0.7517793212890624,-9.74200655517578,-2.7099236641221376,-0.9923664122137404,0.9389312977099237,24.859411764705882
1761617035,3402.74865 N,08407.11336 W,305.2,11,0.85,0.071,1.57,0.85,0.6009446166992187,0.7493851196289062,-9.74200655517578,-2.6793893129770994,-1.1297709923664123,1.0076335877862594,24.906470588235294
1761617036,3402.74865 N,08407.11336 W,305.2,11,0.85,0.071,1.57,0.85,0.7326257080078125,0.7589619262695312,-9.775525378417969,-4.770992366412214,-1.465648854961832,2.8931297709923665,24.953529411764706
1761617037,3402.74865 N,08407.11336 W,305.2,11,0.85,0.071,1.57,0.85,0.5746083984375,0.7398083129882812,-9.715670336914062,-3.2595419847328246,-0.9770992366412213,0.8396946564885496,24.906470588235294
1761617038,3402.74865 N,08407.11336 W,305.2,11,0.85,0.071,1.57,0.85,0.5386953735351562,0.6272808349609375,-9.732429748535155,-3.122137404580153,-1.2366412213740459,1.2595419847328244,24.953529411764706
1761617039,3402.74865 N,08407.11336 W,305.2,11,0.85,0.071,1.57,0.85,0.5482721801757812,0.7398083129882812,-9.727641345214844,-2.8702290076335877,-1.1145038167938932,0.9847328244274809,24.859411764705882
1761617040,3402.74865 N,08407.11336 W,305.2,11,0.85,0.611,1.57,0.85,0.51714755859375,0.6919242797851562,-9.787496386718749,-2.877862595419847,-1.2748091603053435,1.1297709923664123,24.859411764705882
1761617041,3402.74865 N,08407.11336 W,305.2,11,0.85,0.611,1.57,0.85,0.5602431884765625,0.6392518432617187,-9.79946739501953,-2.877862595419847,-1.0534351145038168,1.099236641221374,24.859411764705882
1761617042,3402.74872 N,08407.11339 W,305.1,11,0.85,0.611,1.57,0.85,0.5961562133789062,0.7422025146484375,-9.749189160156249,-2.7022900763358777,-1.0458015267175573,0.8244274809160306,24.859411764705882
1761617043,3402.74872 N,08407.11339 W,305.1,11,0.85,0.611,1.57,0.85,0.5626373901367188,0.7158662963867187,-9.830592016601562,-2.366412213740458,-1.0,0.5038167938931297,24.859411764705882
1761617044,3402.74872 N,08407.11339 W,305.1,11,0.85,0.611,1.57,0.85,0.5913678100585937,0.7972691528320313,-9.696516723632811,-2.8473282442748094,-1.1603053435114503,1.0229007633587786,24.859411764705882
1761617045,3402.74872 N,08407.11339 W,305.1,11,0.85,0.611,1.57,0.85,0.5267243652343749,0.6919242797851562,-9.74200655517578,-3.1374045801526718,-1.0,1.1297709923664123,24.953529411764706
1761617046,3402.74872 N,08407.11339 W,305.1,11,0.85,0.611,1.57,0.85,0.5722141967773438,0.7685387329101562,-9.732429748535155,-3.183206106870229,-1.015267175572519,1.450381679389313,24.906470588235294
1761617047,3402.74872 N,08407.11339 W,305.1,11,0.85,0.611,1.57,0.85,0.5674257934570313,0.7661445312499999,-9.81862100830078,-2.5343511450381677,-0.7938931297709924,0.8549618320610687,25.000588235294117
1761617048,3402.74872 N,08407.11339 W,305.1,11,0.85,0.530,1.57,0.85,0.5578489868164063,0.7493851196289062,-9.708487731933593,-3.0610687022900764,-1.1145038167938932,0.8473282442748091,24.906470588235294
1761617049,3402.74872 N,08407.11339 W,305.1,11,0.85,0.530,1.57,0.85,0.6009446166992187,0.74699091796875,-9.734823950195311,-2.816793893129771,-1.0610687022900764,0.8702290076335878,24.859411764705882
1761617050,3402.74875 N,08407.11346 W,305.0,11,0.85,0.530,1.57,0.85,0.6584054565429687,0.8858546142578124,-9.658209497070311,-2.9770992366412212,-1.0458015267175573,1.2671755725190839,24.906470588235294
1761617051,3402.74875 N,08407.11346 W,305.0,11,0.85,0.530,1.57,0.85,0.612915625,0.8068459594726562,-9.734823950195311,-2.931297709923664,-1.1755725190839694,1.0534351145038168,24.906470588235294
1761617052,3402.74875 N,08407.11346 W,305.0,11,0.85,0.530,1.57,0.85,0.5889736083984375,0.8978256225585937,-9.70369932861328,-2.969465648854962,-1.16793893129771,1.1221374045801527,24.906470588235294
1761617053,3402.74875 N,08407.11346 W,305.0,11,0.85,0.530,1.57,0.85,0.718260498046875,0.6464344482421874,-9.74200655517578,-3.0610687022900764,-0.9847328244274809,1.2061068702290076,24.953529411764706
1761617054,3402.74875 N,08407.11346 W,305.0,11,0.85,0.530,1.57,0.85,0.565031591796875,0.7422025146484375,-9.763554370117188,-2.7022900763358777,-0.9847328244274809,1.1984732824427482,24.81235294117647
1761617055,3402.74875 N,08407.11346 W,305.0,11,0.85,0.530,1.57,0.85,0.584185205078125,0.7733271362304687,-9.715670336914062,-3.053435114503817,-0.9770992366412213,1.0687022900763359,24.906470588235294
1761617056,3402.74875 N,08407.11346 W,305.0,11,0.85,0.464,1.57,0.85,0.612915625,0.6200982299804687,-9.725247143554688,-3.068702290076336,-0.8702290076335878,1.2671755725190839,24.953529411764706
1761617057,3402.74875 N,08407.11346 W,305.0,11,0.85,0.464,1.57,0.85,0.584185205078125,0.8307879760742187,-9.560047229003906,-3.3282442748091605,-1.2213740458015268,1.4427480916030535,24.859411764705882
1761617058,3402.74873 N,08407.11363 W,304.9,11,0.85,0.464,1.57,0.85,0.59376201171875,0.8044517578125,-9.7683427734375,-3.114503816793893,-1.0076335877862594,1.183206106870229,24.953529411764706
1761617059,3402.74873 N,08407.11363 W,304.9,11,0.85,0.464,1.57,0.85,0.5722141967773438,0.7829039428710937,-9.730035546875,-3.0610687022900764,-1.1145038167938932,1.297709923664122,24.906470588235294
1761617060,3402.74873 N,08407.11363 W,304.9,11,0.85,0.464,1.57,0.85,0.488417138671875,0.7852981445312499,-9.789890588378906,-2.854961832061069,-1.1603053435114503,1.1374045801526718,24.906470588235294
1761617061,3402.74873 N,08407.11363 W,304.9,11,0.85,0.464,1.57,0.85,0.584185205078125,0.7158662963867187,-9.667786303710937,-2.5877862595419847,-1.1374045801526718,0.7404580152671756,24.81235294117647
1761617062,3402.74873 N,08407.11363 W,304.9,11,0.85,0.464,1.57,0.85,0.5746083984375,0.7852981445312499,-9.74200655517578,-3.2213740458015265,-0.8625954198473282,1.16793893129771,24.81235294117647
1761617063,3402.74873 N,08407.11363 W,304.9,11,0.85,0.464,1.57,0.85,0.5602431884765625,0.7733271362304687,-9.74200655517578,-2.83206106870229,-1.0610687022900764,1.1145038167938932,24.906470588235294
1761617064,3402.74873 N,08407.11363 W,304.9,11,0.85,0.231,1.57,0.85,0.5315127685546874,0.7948749511718749,-9.804255798339844,-2.9160305343511452,-0.8778625954198473,0.5954198473282443,24.906470588235294
1761617065,3402.74873 N,08407.11363 W,304.9,11,0.85,0.231,1.57,0.85,0.46208092041015625,0.7445967163085937,-9.78031378173828,-2.763358778625954,-1.0381679389312977,0.8320610687022901,24.906470588235294
1761617066,3402.74875 N,08407.11373 W,304.8,11,0.85,0.231,1.57,0.85,0.5195417602539062,0.7493851196289062,-9.794678991699218,-2.8473282442748094,-1.1450381679389312,0.9541984732824428,24.906470588235294
1761617068,3402.74875 N,08407.11373 W,304.8,11,0.85,0.231,1.57,0.85,0.5817910034179687,0.7685387329101562,-9.715670336914062,-2.8702290076335877,-1.1984732824427482,1.099236641221374,24.81235294117647
1761617069,3402.74875 N,08407.11373 W,304.8,11,0.85,0.231,1.57,0.85,0.622492431640625,0.7493851196289062,-9.72285294189453,-2.7557251908396947,-0.9847328244274809,1.0763358778625953,24.81235294117647
1761617070,3402.74875 N,08407.11373 W,304.8,11,0.85,0.231,1.57,0.85,0.47644613037109373,0.7422025146484375,-9.777919580078125,-2.0076335877862594,-0.3816793893129771,-0.4122137404580153,24.953529411764706
1761617071,3402.74875 N,08407.11373 W,304.8,11,0.85,0.231,1.57,0.85,0.7134720947265625,0.8307879760742187,-9.713276135253906,-2.763358778625954,-0.9770992366412213,1.0076335877862594,24.953529411764706
1761617072,3402.74875 N,08407.11373 W,304.8,11,0.85,0.231,1.57,0.85,0.565031591796875,0.737414111328125,-9.708487731933593,-2.786259541984733,-1.297709923664122,1.0763358778625953,24.81235294117647
1761617073,3402.74875 N,08407.11373 W,304.8,11,0.85,0.212,1.57,0.85,0.5578489868164063,0.8044517578125,-9.555258825683593,-2.9923664122137406,-0.916030534351145,1.0,24.906470588235294
1761617074,3402.74875 N,08407.11373 W,304.8,11,0.85,0.212,1.57,0.85,0.5458779785156249,0.7445967163085937,-9.775525378417969,-2.954198473282443,-0.9847328244274809,1.2595419847328244,24.76529411764706
1761617075,3402.74885 N,08407.11371 W,304.6,11,0.85,0.212,1.57,0.85,0.6057330200195312,0.7661445312499999,-9.686939916992188,-2.8473282442748094,-0.8854961832061069,0.9465648854961832,24.906470588235294
1761617076,3402.74885 N,08407.11371 W,304.6,11,0.85,0.212,1.57,0.85,0.5722141967773438,0.7110778930664062,-9.756371765136718,-3.015267175572519,-1.099236641221374,0.8549618320610687,25.000588235294117
1761617077,3402.74885 N,08407.11371 W,304.6,11,0.85,0.212,1.57,0.85,0.6440402465820312,0.7637503295898437,-9.744400756835937,-2.7938931297709924,-0.9312977099236641,1.0,24.953529411764706
1761617078,3402.74885 N,08407.11371 W,304.6,11,0.85,0.212,1.57,0.85,0.5889736083984375,0.8834604125976562,-9.76116016845703,-2.969465648854962,-1.2900763358778626,0.9618320610687023,24.859411764705882
1761617079,3402.74885 N,08407.11371 W,304.6,11,0.85,0.212,1.57,0.85,0.5889736083984375,0.7661445312499999,-9.737218151855469,-3.0,-1.1297709923664123,1.0534351145038168,24.81235294117647
1761617080,3402.74885 N,08407.11371 W,304.6,11,0.85,0.212,1.57,0.85,0.5961562133789062,0.7230489013671875,-9.756371765136718,-3.0916030534351147,-0.8702290076335878,1.213740458015267,25.000588235294117
1761617081,3402.74885 N,08407.11371 W,304.6,11,0.85,0.141,1.57,0.85,0.5195417602539062,0.7398083129882812,-9.713276135253906,-2.900763358778626,-1.0610687022900764,1.0305343511450382,24.953529411764706
1761617082,3402.74885 N,08407.11371 W,304.6,11,0.85,0.141,1.57,0.85,0.5482721801757812,0.9026140258789062,-9.792284790039062,-3.1755725190839694,-1.0305343511450382,1.282442748091603,25.000588235294117
1761617083,3402.74890 N,08407.11372 W,304.5,11,0.85,0.141,1.57,0.85,0.5410895751953124,0.737414111328125,-9.710881933593749,-2.9923664122137406,-1.1450381679389312,1.213740458015267,24.859411764705882
1761617084,3402.74890 N,08407.11372 W,304.5,11,0.85,0.141,1.57,0.85,0.5434837768554687,0.7852981445312499,-9.861716638183593,-3.015267175572519,-1.015267175572519,1.0534351145038168,24.906470588235294
1761617085,3402.74890 N,08407.11372 W,304.5,11,0.85,0.141,1.57,0.85,0.5051765502929687,0.9002198242187499,-9.74200655517578,-2.900763358778626,-0.9923664122137404,1.0763358778625953,25.000588235294117
1761617086,3402.74890 N,08407.11372 W,304.5,11,0.85,0.141,1.57,0.85,0.5506663818359374,0.9050082275390624,-9.756371765136718,-3.0381679389312977,-1.0076335877862594,1.0305343511450382,24.953529411764706
1761617087,3402.74890 N,08407.11372 W,304.5,11,0.85,0.141,1.57,0.85,0.5482721801757812,0.7038952880859375,-9.6917283203125,-2.900763358778626,-1.2671755725190839,1.1145038167938932,24.906470588235294
1761617088,3402.74890 N,08407.11372 W,304.5,11,0.85,0.141,1.57,0.85,0.6488286499023437,0.7230489013671875,-9.713276135253906,-3.213740458015267,-0.9847328244274809,0.7557251908396947,24.953529411764706
1761617089,3402.74890 N,08407.11372 W,304.5,11,0.85,0.142,1.57,0.85,0.5434837768554687,0.8714894042968749,-9.715670336914062,-2.9236641221374047,-1.083969465648855,0.9923664122137404,24.953529411764706
1761617090,3402.74890 N,08407.11372 W,304.5,11,0.85,0.142,1.57,0.85,0.6009446166992187,0.7637503295898437,-9.696516723632811,-3.0381679389312977,-1.0610687022900764,0.9694656488549618,24.81235294117647
1761617091,3402.74892 N,08407.11374 W,304.5,11,0.85,0.142,1.57,0.85,0.5793968017578125,0.7613561279296874,-9.706093530273437,-2.763358778625954,-0.9618320610687023,1.0763358778625953,24.906470588235294
1761617092,3402.74892 N,08407.11374 W,304.5,11,0.85,0.142,1.57,0.85,0.6105214233398437,0.6751648681640625,-9.720458740234374,-2.8244274809160306,-1.1603053435114503,1.0610687022900764,24.906470588235294
1761617093,3402.74892 N,08407.11374 W,304.5,11,0.85,0.142,1.57,0.85,0.5219359619140624,0.7709329345703124,-9.777919580078125,-2.83206106870229,-1.1450381679389312,0.9847328244274809,24.81235294117647
1761617094,3402.74892 N,08407.11374 W,304.5,11,0.85,0.142,1.57,0.85,0.5770026000976562,0.7541735229492187,-9.785102185058593,-3.0,-1.083969465648855,0.8931297709923665,24.953529411764706
1761617095,3402.74892 N,08407.11374 W,304.5,11,0.85,0.142,1.57,0.85,0.5746083984375,0.7350199096679687,-9.710881933593749,-2.9083969465648853,-1.0305343511450382,0.8320610687022901,24.906470588235294
1761617096,3402.74892 N,08407.11374 W,304.5,11,0.85,0.142,1.57,0.85,0.5482721801757812,0.612915625,-9.56962403564453,-2.717557251908397,-1.015267175572519,0.8015267175572519,24.859411764705882
1761617097,3402.74892 N,08407.11374 W,304.5,11,0.85,0.457,1.57,0.85,0.584185205078125,0.70868369140625,-9.78031378173828,-2.6793893129770994,-1.083969465648855,0.916030534351145,25.000588235294117
1761617098,3402.74892 N,08407.11374 W,304.5,11,0.85,0.457,1.57,0.85,0.5698199951171875,0.6416460449218749,-9.730035546875,-2.8396946564885495,-1.0381679389312977,0.8625954198473282,25.000588235294117
1761617099,3402.74897 N,08407.11369 W,304.5,11,0.85,0.457,1.57,0.85,0.6009446166992187,0.6607996582031249,-9.758765966796874,-3.053435114503817,-1.0229007633587786,1.0610687022900764,24.859411764705882
1761617100,3402.74897 N,08407.11369 W,304.5,11,0.85,0.457,1.57,0.85,0.6153098266601562,0.737414111328125,-9.746794958496093,-2.8091603053435112,-1.0229007633587786,0.8931297709923665,24.859411764705882
1761617101,3402.74897 N,08407.11369 W,304.5,11,0.85,0.457,1.57,0.85,0.5913678100585937,0.8044517578125,-9.83777462158203,-2.946564885496183,-1.1450381679389312,1.2290076335877862,24.859411764705882
1761617102,3402.74897 N,08407.11369 W,304.5,11,0.85,0.457,1.57,0.85,0.4908113403320312,0.7445967163085937,-9.727641345214844,-2.145038167938931,-0.7557251908396947,0.4961832061068702,24.953529411764706
1761617103,3402.74897 N,08407.11369 W,304.5,11,0.85,0.457,1.57,0.85,0.59376201171875,0.7398083129882812,-9.773131176757811,-3.045801526717557,-1.099236641221374,1.1755725190839694,24.953529411764706
1761617104,3402.74897 N,08407.11369 W,304.5,11,0.85,0.457,1.57,0.85,0.6344634399414062,0.7757213378906249,-9.739612353515625,-3.0076335877862594,-1.2290076335877862,1.1145038167938932,24.906470588235294
1761617105,3402.74897 N,08407.11369 W,304.5,11,0.85,0.476,1.57,0.85,0.584185205078125,0.7565677246093749,-9.79946739501953,-3.068702290076336,-1.0076335877862594,0.916030534351145,24.953529411764706
1761617106,3402.74897 N,08407.11369 W,304.5,11,0.85,0.476,1.57,0.85,0.5865794067382812,0.7541735229492187,-9.76116016845703,-2.946564885496183,-1.0763358778625953,1.0687022900763359,24.953529411764706
1761617107,3402.74898 N,08407.11362 W,304.6,11,0.85,0.476,1.57,0.85,0.6081272216796875,0.7829039428710937,-9.7683427734375,-3.427480916030534,-1.4427480916030535,2.198473282442748,25.000588235294117
1761617108,3402.74898 N,08407.11362 W,304.6,11,0.85,0.476,1.57,0.85,0.5410895751953124,0.7589619262695312,-9.751583361816406,-3.236641221374046,-1.1145038167938932,1.1908396946564885,24.859411764705882
1761617109,3402.74898 N,08407.11362 W,304.6,11,0.85,0.476,1.57,0.85,0.5793968017578125,0.8020575561523438,-9.775525378417969,-2.6717557251908395,-0.9007633587786259,1.0610687022900764,24.859411764705882
1761617110,3402.74898 N,08407.11362 W,304.6,11,0.85,0.476,1.57,0.85,0.565031591796875,0.9026140258789062,-9.710881933593749,-2.7099236641221376,-0.9007633587786259,1.015267175572519,24.81235294117647
1761617111,3402.74898 N,08407.11362 W,304.6,11,0.85,0.476,1.57,0.85,0.5817910034179687,0.9121908325195311,-9.763554370117188,-2.9618320610687023,-1.1755725190839694,1.0,24.906470588235294
1761617112,3402.74898 N,08407.11362 W,304.6,11,0.85,0.476,1.57,0.85,0.584185205078125,0.9026140258789062,-9.7683427734375,-2.633587786259542,-0.8625954198473282,0.6793893129770993,24.859411764705882
1761617113,3402.74898 N,08407.11362 W,304.6,11,0.85,0.837,1.57,0.85,0.5961562133789062,0.6584054565429687,-9.76116016845703,-2.8702290076335877,-1.2290076335877862,1.0687022900763359,24.81235294117647
1761617114,3402.74898 N,08407.11362 W,304.6,11,0.85,0.837,1.57,0.85,0.7422025146484375,0.7733271362304687,-9.686939916992188,-3.068702290076336,-1.015267175572519,1.0687022900763359,24.953529411764706
1761617115,3402.74886 N,08407.11360 W,304.6,11,0.85,0.837,1.57,0.85,0.603338818359375,0.6296750366210937,-9.7683427734375,-2.8702290076335877,-0.9770992366412213,1.1145038167938932,24.81235294117647
1761617116,3402.74886 N,08407.11360 W,304.6,11,0.85,0.837,1.57,0.85,0.5386953735351562,0.9097966308593749,-9.746794958496093,-4.351145038167939,-1.4580152671755726,2.885496183206107,24.859411764705882
1761617117,3402.74886 N,08407.11360 W,304.6,11,0.85,0.837,1.57,0.85,0.5602431884765625,0.8307879760742187,-9.797073193359374,-2.6106870229007635,-1.0610687022900764,0.9770992366412213,24.859411764705882
1761617118,3402.74886 N,08407.11360 W,304.6,11,0.85,0.837,1.57,0.85,0.6272808349609375,0.7685387329101562,-9.823409411621093,-2.5343511450381677,-0.9083969465648855,1.0763358778625953,24.906470588235294
1761617119,3402.74886 N,08407.11360 W,304.6,11,0.85,0.837,1.57,0.85,0.689530078125,0.7829039428710937,-9.763554370117188,-4.122137404580153,-1.1755725190839694,2.687022900763359,24.953529411764706
1761617120,3402.74886 N,08407.11360 W,304.6,11,0.85,0.837,1.57,0.85,0.7445967163085937,0.7805097412109374,-9.708487731933593,-4.763358778625954,-1.9541984732824427,2.0763358778625953,25.000588235294117
1761617121,3402.74886 N,08407.11360 W,304.6,11,0.85,0.593,1.57,0.85,0.5386953735351562,0.6153098266601562,-9.730035546875,-2.900763358778626,-1.015267175572519,1.083969465648855,24.859411764705882
1761617122,3402.74886 N,08407.11360 W,304.6,11,0.85,0.593,1.57,0.85,0.6153098266601562,0.7493851196289062,-9.830592016601562,-3.6793893129770994,-1.213740458015267,1.6793893129770991,24.906470588235294
1761617123,3402.74888 N,08407.11356 W,304.6,11,0.85,0.593,1.57,0.85,0.5985504150390625,0.9097966308593749,-9.794678991699218,-2.6717557251908395,-1.0534351145038168,0.8549618320610687,24.81235294117647
1761617124,3402.74888 N,08407.11356 W,304.6,11,0.85,0.593,1.57,0.85,0.6081272216796875,0.7326257080078125,-9.686939916992188,-3.015267175572519,-1.0076335877862594,1.2213740458015268,24.953529411764706
1761617125,3402.74888 N,08407.11356 W,304.6,11,0.85,0.593,1.57,0.85,0.5722141967773438,0.8044517578125,-9.804255798339844,-2.984732824427481,-1.16793893129771,1.2366412213740459,24.906470588235294
1761617126,3402.74888 N,08407.11356 W,304.6,11,0.85,0.593,1.57,0.85,0.6248866333007812,0.7972691528320313,-9.744400756835937,-3.068702290076336,-1.1755725190839694,1.0916030534351144,24.906470588235294
1761617127,3402.74888 N,08407.11356 W,304.6,11,0.85,0.593,1.57,0.85,0.5698199951171875,0.7757213378906249,-9.753977563476562,-2.8625954198473282,-0.9923664122137404,0.9770992366412213,24.953529411764706
1761617128,3402.74888 N,08407.11356 W,304.6,11,0.85,0.593,1.57,0.85,0.4644751220703125,0.7876923461914062,-9.773131176757811,-2.9160305343511452,-0.9236641221374046,0.8931297709923665,24.906470588235294
1761617129,3402.74888 N,08407.11356 W,304.6,11,0.85,0.618,1.57,0.85,0.55545478515625,0.7709329345703124,-9.706093530273437,-2.9618320610687023,-1.1450381679389312,0.9847328244274809,24.906470588235294
1761617130,3402.74888 N,08407.11356 W,304.6,11,0.85,0.618,1.57,0.85,0.5985504150390625,0.74699091796875,-9.78031378173828,-2.8931297709923665,-1.2061068702290076,0.9618320610687023,24.859411764705882
1761617131,3402.74889 N,08407.11362 W,304.5,11,0.85,0.618,1.57,0.85,0.59376201171875,0.7278373046875,-9.821015209960937,-3.099236641221374,-1.2290076335877862,1.0687022900763359,24.859411764705882
1761617132,3402.74889 N,08407.11362 W,304.5,11,0.85,0.618,1.57,0.85,0.5865794067382812,0.8643067993164062,-9.744400756835937,-3.1297709923664123,-1.0381679389312977,1.1984732824427482,24.906470588235294
1761617133,3402.74889 N,08407.11362 W,304.5,11,0.85,0.618,1.57,0.85,0.5410895751953124,0.7589619262695312,-9.718064538574218,-2.8091603053435112,-0.9923664122137404,1.015267175572519,24.906470588235294
1761617134,3402.74889 N,08407.11362 W,304.5,11,0.85,0.618,1.57,0.85,0.6057330200195312,0.7493851196289062,-9.801861596679688,-3.045801526717557,-1.0534351145038168,0.9923664122137404,24.81235294117647
1761617135,3402.74889 N,08407.11362 W,304.5,11,0.85,0.618,1.57,0.85,0.7110778930664062,0.6775590698242188,-9.76116016845703,-2.83206106870229,-1.1068702290076335,0.8778625954198473,24.906470588235294
1761617136,3402.74889 N,08407.11362 W,304.5,11,0.85,0.618,1.57,0.85,0.5817910034179687,0.7445967163085937,-9.83777462158203,-2.885496183206107,-1.2061068702290076,1.16793893129771,24.906470588235294
1761617137,3402.74889 N,08407.11362 W,304.5,11,0.85,1.004,1.57,0.85,0.6105214233398437,0.63206923828125,-9.81862100830078,-2.8931297709923665,-0.9618320610687023,0.9465648854961832,24.81235294117647
1761617138,3402.74889 N,08407.11362 W,304.5,11,0.85,1.004,1.57,0.85,0.5626373901367188,0.63206923828125,-9.787496386718749,-2.885496183206107,-1.099236641221374,1.0076335877862594,24.906470588235294
1761617139,3402.74874 N,08407.11363 W,304.5,11,0.85,1.004,1.57,0.85,0.612915625,0.7445967163085937,-9.694122521972655,-3.0381679389312977,-1.0305343511450382,1.1450381679389312,24.81235294117647
1761617140,3402.74874 N,08407.11363 W,304.5,11,0.85,1.004,1.57,0.85,0.7398083129882812,0.7134720947265625,-9.909600671386718,-3.0610687022900764,-1.2442748091603053,1.0534351145038168,24.906470588235294
1761617141,3402.74874 N,08407.11363 W,304.5,11,0.85,1.004,1.57,0.85,0.5458779785156249,0.7062894897460937,-9.713276135253906,-2.8473282442748094,-1.0916030534351144,1.099236641221374,24.953529411764706
1761617142,3402.74874 N,08407.11363 W,304.5,11,0.85,1.004,1.57,0.85,0.5602431884765625,0.8020575561523438,-9.832986218261718,-2.595419847328244,-1.099236641221374,1.0229007633587786,24.953529411764706
1761617143,3402.74874 N,08407.11363 W,304.5,11,0.85,1.004,1.57,0.85,0.5722141967773438,0.7996633544921875,-9.68454571533203,-2.549618320610687,-0.9847328244274809,0.549618320610687,24.859411764705882
1761617144,3402.74874 N,08407.11363 W,304.5,11,0.85,1.004,1.57,0.85,0.5482721801757812,0.70868369140625,-9.701305126953125,-2.618320610687023,-1.099236641221374,0.5267175572519084,24.906470588235294
1761617145,3402.74874 N,08407.11363 W,304.5,11,0.85,1.032,1.57,0.85,0.5027823486328125,0.7398083129882812,-9.770736975097655,-2.519083969465649,-0.3969465648854962,0.5190839694656488,24.81235294117647
1761617146,3402.74874 N,08407.11363 W,304.5,11,0.85,1.032,1.57,0.85,0.55545478515625,0.7445967163085937,-9.746794958496093,-2.7480916030534353,-0.9389312977099237,0.5419847328244275,24.906470588235294
1761617147,3402.74858 N,08407.11361 W,304.5,11,0.85,1.032,1.57,0.85,0.55545478515625,0.7829039428710937,-9.93354268798828,-2.83206106870229,-0.9923664122137404,0.8473282442748091,24.859411764705882
1761617148,3402.74858 N,08407.11361 W,304.5,11,0.85,1.032,1.57,0.85,0.6009446166992187,0.7996633544921875,-9.785102185058593,-2.9923664122137406,-1.1603053435114503,0.9847328244274809,24.859411764705882
1761617149,3402.74858 N,08407.11361 W,304.5,11,0.85,1.032,1.57,0.85,0.6057330200195312,0.7398083129882812,-9.775525378417969,-2.9923664122137406,-1.2061068702290076,1.1908396946564885,24.906470588235294
1761617150,3402.74858 N,08407.11361 W,304.5,11,0.85,1.032,1.57,0.85,0.5674257934570313,0.7876923461914062,-9.80665,-3.0381679389312977,-1.1374045801526718,1.2366412213740459,25.000588235294117
1761617151,3402.74858 N,08407.11361 W,304.5,11,0.85,1.032,1.57,0.85,0.7206546997070312,0.8810662109374999,-9.80665,-2.9389312977099236,-1.0687022900763359,1.099236641221374,24.906470588235294
1761617152,3402.74858 N,08407.11361 W,304.5,11,0.85,1.032,1.57,0.85,0.6009446166992187,0.8188169677734375,-9.770736975097655,-3.015267175572519,-1.1297709923664123,1.0305343511450382,24.859411764705882
1761617153,3402.74858 N,08407.11361 W,304.5,11,0.85,1.180,1.57,0.85,0.63206923828125,0.7326257080078125,-9.730035546875,-2.7480916030534353,-1.1526717557251909,0.9236641221374046,24.81235294117647
1761617154,3402.74858 N,08407.11361 W,304.5,11,0.85,1.180,1.57,0.85,0.5698199951171875,0.699106884765625,-9.70369932861328,-3.1603053435114505,-1.1068702290076335,1.3129770992366412,24.906470588235294
1761617155,3402.74844 N,08407.11367 W,304.5,11,0.85,1.180,1.57,0.85,0.5865794067382812,0.7517793212890624,-9.7683427734375,-3.0076335877862594,-1.083969465648855,1.16793893129771,24.906470588235294
1761617156,3402.74844 N,08407.11367 W,304.5,11,0.85,1.180,1.57,0.85,0.4836287353515625,0.7805097412109374,-9.782707983398437,-3.0610687022900764,-0.9389312977099237,1.1221374045801527,24.906470588235294
1761617157,3402.74844 N,08407.11367 W,304.5,11,0.85,1.180,1.57,0.85,0.5530605834960938,0.7302315063476562,-9.6917283203125,-2.931297709923664,-1.0610687022900764,0.9541984732824428,24.906470588235294
1761617158,3402.74844 N,08407.11367 W,304.5,11,0.85,1.180,1.57,0.85,0.5698199951171875,0.7637503295898437,-9.689334118652344,-2.984732824427481,-1.083969465648855,0.8778625954198473,24.953529411764706
1761617159,3402.74844 N,08407.11367 W,304.5,11,0.85,1.180,1.57,0.85,0.6009446166992187,0.7852981445312499,-9.734823950195311,-2.7557251908396947,-0.9389312977099237,1.1526717557251909,25.000588235294117
1761617160,3402.74844 N,08407.11367 W,304.5,11,0.85,1.180,1.57,0.85,0.48123453369140623,0.6392518432617187,-9.65342109375,-2.6793893129770994,-1.0763358778625953,0.8549618320610687,25.000588235294117
1761617161,3402.74844 N,08407.11367 W,304.5,11,0.85,0.902,1.57,0.85,0.6081272216796875,0.6392518432617187,-9.758765966796874,-2.7709923664122136,-1.1450381679389312,0.7862595419847328,24.953529411764706
1761617162,3402.74844 N,08407.11367 W,304.5,11,0.85,0.902,1.57,0.85,0.5961562133789062,0.70868369140625,-9.739612353515625,-2.5343511450381677,-1.1297709923664123,0.6183206106870229,24.906470588235294
1761617163,3402.74838 N,08407.11359 W,304.5,11,0.85,0.902,1.57,0.85,0.5626373901367188,0.7350199096679687,-9.679757312011718,-2.8702290076335877,-1.0534351145038168,0.9236641221374046,24.953529411764706
1761617164,3402.74838 N,08407.11359 W,304.5,11,0.85,0.902,1.57,0.85,0.5961562133789062,0.737414111328125,-9.7683427734375,-3.145038167938931,-0.48854961832061067,1.4351145038167938,24.906470588235294
1761617165,3402.74838 N,08407.11359 W,304.5,11,0.85,0.902,1.57,0.85,0.5530605834960938,0.6272808349609375,-9.804255798339844,-3.015267175572519,-1.083969465648855,1.1068702290076335,24.906470588235294
1761617166,3402.74838 N,08407.11359 W,304.5,11,0.85,0.902,1.57,0.85,0.5770026000976562,0.7733271362304687,-9.770736975097655,-2.9160305343511452,-0.9847328244274809,1.1297709923664123,24.859411764705882
1761617167,3402.74838 N,08407.11359 W,304.5,11,0.85,0.902,1.57,0.85,0.59376201171875,0.7158662963867187,-9.777919580078125,-2.931297709923664,-1.0610687022900764,1.2442748091603053,24.953529411764706
1761617168,3402.74838 N,08407.11359 W,304.5,11,0.85,0.902,1.57,0.85,0.5458779785156249,0.70868369140625,-9.840168823242188,-2.9770992366412212,-1.0763358778625953,1.3740458015267176,24.953529411764706
1761617169,3402.74838 N,08407.11359 W,304.5,11,0.85,0.357,1.57,0.85,0.6919242797851562,0.7613561279296874,-9.82580361328125,-3.122137404580153,-1.0458015267175573,1.2671755725190839,24.906470588235294
1761617170,3402.74838 N,08407.11359 W,304.5,11,0.85,0.357,1.57,0.85,0.612915625,0.7398083129882812,-9.725247143554688,-2.9389312977099236,-1.1908396946564885,1.0381679389312977,24.953529411764706
1761617171,3402.74839 N,08407.11359 W,304.5,11,0.85,0.357,1.57,0.85,0.6081272216796875,0.7134720947265625,-9.739612353515625,-2.877862595419847,-1.0458015267175573,1.1526717557251909,24.859411764705882
1761617172,3402.74839 N,08407.11359 W,304.5,11,0.85,0.357,1.57,0.85,0.584185205078125,0.8212111694335937,-9.667786303710937,-2.816793893129771,-1.015267175572519,1.0076335877862594,24.953529411764706
1761617173,3402.74839 N,08407.11359 W,304.5,11,0.85,0.357,1.57,0.85,0.5482721801757812,0.7565677246093749,-9.667786303710937,-2.877862595419847,-1.0687022900763359,1.0610687022900764,24.859411764705882
1761617174,3402.74839 N,08407.11359 W,304.5,11,0.85,0.357,1.57,0.85,0.5722141967773438,0.7709329345703124,-9.782707983398437,-2.83206106870229,-1.0916030534351144,0.9007633587786259,24.953529411764706
1761617175,3402.74839 N,08407.11359 W,304.5,11,0.85,0.357,1.57,0.85,0.5674257934570313,0.7541735229492187,-9.655815295410155,-2.9770992366412212,-1.1068702290076335,1.2061068702290076,24.906470588235294
1761617176,3402.74839 N,08407.11359 W,304.5,11,0.85,0.357,1.57,0.85,0.5722141967773438,0.9002198242187499,-9.72285294189453,-2.786259541984733,-1.1145038167938932,0.8931297709923665,24.859411764705882
1761617177,3402.74839 N,08407.11359 W,304.5,11,0.85,0.171,1.57,0.85,0.5530605834960938,0.699106884765625,-9.782707983398437,-2.946564885496183,-1.213740458015267,1.0458015267175573,25.000588235294117
1761617178,3402.74839 N,08407.11359 W,304.5,11,0.85,0.171,1.57,0.85,0.5674257934570313,0.7829039428710937,-9.698910925292969,-2.984732824427481,-1.1221374045801527,1.0381679389312977,24.906470588235294
1761617179,3402.74844 N,08407.11357 W,304.5,11,0.85,0.171,1.57,0.85,0.6512228515624999,0.8020575561523438,-9.76116016845703,-2.9770992366412212,-0.8625954198473282,0.8549618320610687,24.906470588235294
1761617180,3402.74844 N,08407.11357 W,304.5,11,0.85,0.171,1.57,0.85,0.679953271484375,0.679953271484375,-9.797073193359374,-2.83206106870229,-1.1221374045801527,0.9541984732824428,24.906470588235294
1761617182,3402.74844 N,08407.11357 W,304.5,11,0.85,0.171,1.57,0.85,0.5458779785156249,0.737414111328125,-9.765948571777344,-3.030534351145038,-1.0534351145038168,1.0916030534351144,24.906470588235294
1761617183,3402.74844 N,08407.11357 W,304.5,11,0.85,0.171,1.57,0.85,0.603338818359375,0.7565677246093749,-9.842563024902343,-3.282442748091603,-1.1374045801526718,1.2595419847328244,24.906470588235294
1761617184,3402.74844 N,08407.11357 W,304.5,11,0.85,0.171,1.57,0.85,0.63206923828125,0.8188169677734375,-9.696516723632811,-2.9160305343511452,-1.099236641221374,1.2748091603053435,24.906470588235294
1761617185,3402.74844 N,08407.11357 W,304.5,11,0.85,0.171,1.57,0.85,0.45968671875,0.6392518432617187,-9.756371765136718,-2.83206106870229,-1.099236641221374,0.9923664122137404,24.953529411764706
1761617186,3402.74844 N,08407.11357 W,304.5,11,0.85,0.193,1.57,0.85,0.5339069702148437,0.6488286499023437,-9.727641345214844,-3.015267175572519,-1.1068702290076335,1.2900763358778626,24.906470588235294
1761617187,3402.74844 N,08407.11357 W,304.5,11,0.85,0.193,1.57,0.85,0.5913678100585937,0.7829039428710937,-9.751583361816406,-3.0,-1.1297709923664123,1.1221374045801527,24.906470588235294
1761617188,3402.74843 N,08407.11362 W,304.5,11,0.85,0.193,1.57,0.85,0.5578489868164063,0.7637503295898437,-9.751583361816406,-2.786259541984733,-0.9694656488549618,0.7633587786259542,24.906470588235294
1761617189,3402.74843 N,08407.11362 W,304.5,11,0.85,0.193,1.57,0.85,0.6272808349609375,0.7852981445312499,-9.873687646484374,-3.015267175572519,-1.0305343511450382,1.0687022900763359,24.81235294117647
1761617190,3402.74843 N,08407.11362 W,304.5,11,0.85,0.193,1.57,0.85,0.5339069702148437,0.7972691528320313,-9.80665,-2.7099236641221376,-0.9847328244274809,0.8549618320610687,24.859411764705882
1761617191,3402.74843 N,08407.11362 W,304.5,11,0.85,0.193,1.57,0.85,0.59376201171875,0.7661445312499999,-9.713276135253906,-2.8702290076335877,-1.1984732824427482,0.8931297709923665,24.953529411764706
1761617192,3402.74843 N,08407.11362 W,304.5,11,0.85,0.193,1.57,0.85,0.5961562133789062,0.7637503295898437,-9.787496386718749,-2.9160305343511452,-0.9923664122137404,0.9541984732824428,24.906470588235294
1761617193,3402.74843 N,08407.11362 W,304.5,11,0.85,0.193,1.57,0.85,0.5793968017578125,0.7230489013671875,-9.789890588378906,-2.8244274809160306,-1.015267175572519,1.1068702290076335,24.906470588235294
1761617194,3402.74843 N,08407.11362 W,304.5,11,0.85,0.508,1.57,0.85,0.63206923828125,0.7565677246093749,-9.737218151855469,-2.66412213740458,-0.9770992366412213,0.816793893129771,24.906470588235294
1761617195,3402.74843 N,08407.11362 W,304.5,11,0.85,0.508,1.57,0.85,0.5889736083984375,0.718260498046875,-9.72285294189453,-3.0,-1.0458015267175573,1.083969465648855,25.000588235294117
1761617196,3402.74840 N,08407.11362 W,304.5,11,0.85,0.508,1.57,0.85,0.5698199951171875,0.7326257080078125,-9.770736975097655,-2.7557251908396947,-1.0305343511450382,0.8091603053435115,25.000588235294117
1761617197,3402.74840 N,08407.11362 W,304.5,11,0.85,0.508,1.57,0.85,0.5913678100585937,0.7326257080078125,-9.809044201660155,-2.900763358778626,-0.9465648854961832,0.8625954198473282,24.906470588235294
1761617198,3402.74840 N,08407.11362 W,304.5,11,0.85,0.508,1.57,0.85,0.7254431030273437,0.7398083129882812,-9.739612353515625,-2.931297709923664,-1.0076335877862594,1.0458015267175573,24.953529411764706
1761617199,3402.74840 N,08407.11362 W,304.5,11,0.85,0.508,1.57,0.85,0.6009446166992187,0.7445967163085937,-9.746794958496093,-2.946564885496183,-1.0687022900763359,0.8091603053435115,24.81235294117647
1761617200,3402.74840 N,08407.11362 W,304.5,11,0.85,0.508,1.57,0.85,0.584185205078125,0.6177040283203125,-9.715670336914062,-2.954198473282443,-1.0305343511450382,1.1297709923664123,24.859411764705882
1761617201,3402.74840 N,08407.11362 W,304.5,11,0.85,0.508,1.57,0.85,0.5770026000976562,0.7541735229492187,-9.835380419921874,-3.045801526717557,-1.0610687022900764,1.0687022900763359,24.906470588235294
1761617202,3402.74840 N,08407.11362 W,304.5,11,0.85,0.022,1.57,0.85,0.5410895751953124,0.612915625,-9.74200655517578,-3.0610687022900764,-0.8778625954198473,1.0458015267175573,25.04764705882353
1761617203,3402.74840 N,08407.11362 W,304.5,11,0.85,0.022,1.57,0.85,0.603338818359375,0.7062894897460937,-9.667786303710937,-2.9236641221374047,-1.0229007633587786,1.0458015267175573,24.906470588235294
1761617204,3402.74839 N,08407.11368 W,304.5,11,0.85,0.022,1.57,0.85,0.7565677246093749,0.8571241943359375,-9.715670336914062,-2.6259541984732824,-1.0763358778625953,0.9389312977099237,24.953529411764706
1761617205,3402.74839 N,08407.11368 W,304.5,11,0.85,0.022,1.57,0.85,0.5482721801757812,0.8068459594726562,-9.622296472167967,-3.015267175572519,-1.099236641221374,1.1145038167938932,24.953529411764706
1761617206,3402.74839 N,08407.11368 W,304.5,11,0.85,0.022,1.57,0.85,0.6368576416015624,0.7541735229492187,-9.746794958496093,-3.0,-1.0687022900763359,0.9770992366412213,24.906470588235294
1761617207,3402.74839 N,08407.11368 W,304.5,11,0.85,0.022,1.57,0.85,0.5626373901367188,0.718260498046875,-9.713276135253906,-2.984732824427481,-1.099236641221374,1.2442748091603053,24.906470588235294
1761617208,3402.74839 N,08407.11368 W,304.5,11,0.85,0.022,1.57,0.85,0.5770026000976562,0.7302315063476562,-9.789890588378906,-3.0229007633587788,-1.1145038167938932,1.213740458015267,24.859411764705882
1761617209,3402.74839 N,08407.11368 W,304.5,11,0.85,0.022,1.57,0.85,0.5698199951171875,0.7685387329101562,-9.751583361816406,-3.236641221374046,-1.6412213740458015,1.16793893129771,25.000588235294117
1761617210,3402.74839 N,08407.11368 W,304.5,11,0.85,0.758,1.57,0.85,0.5219359619140624,0.74699091796875,-9.835380419921874,-2.717557251908397,-1.0687022900763359,0.9541984732824428,24.859411764705882
1761617211,3402.74839 N,08407.11368 W,304.5,11,0.85,0.758,1.57,0.85,0.55545478515625,0.7254431030273437,-9.737218151855469,-2.549618320610687,-1.0381679389312977,0.9389312977099237,24.906470588235294
1761617212,3402.74832 N,08407.11369 W,304.4,11,0.85,0.758,1.57,0.85,0.603338818359375,0.7661445312499999,-9.720458740234374,-2.9160305343511452,-1.16793893129771,1.015267175572519,25.000588235294117
1761617213,3402.74832 N,08407.11369 W,304.4,11,0.85,0.758,1.57,0.85,0.565031591796875,0.82360537109375,-9.744400756835937,-2.6793893129770994,-0.9465648854961832,0.8320610687022901,24.953529411764706
1761617214,3402.74832 N,08407.11369 W,304.4,11,0.85,0.758,1.57,0.85,0.7230489013671875,0.7565677246093749,-9.816226806640625,-2.801526717557252,-1.2366412213740459,1.0076335877862594,24.859411764705882
1761617215,3402.74832 N,08407.11369 W,304.4,11,0.85,0.758,1.57,0.85,0.5626373901367188,0.7781155395507812,-9.744400756835937,-2.885496183206107,-1.0763358778625953,0.9083969465648855,24.81235294117647
1761617216,3402.74832 N,08407.11369 W,304.4,11,0.85,0.758,1.57,0.85,0.5746083984375,0.7852981445312499,-9.720458740234374,-3.0763358778625953,-0.9694656488549618,0.9389312977099237,24.953529411764706
1761617217,3402.74832 N,08407.11369 W,304.4,11,0.85,0.758,1.57,0.85,0.5985504150390625,0.9026140258789062,-9.758765966796874,-2.8473282442748094,-1.0534351145038168,1.0305343511450382,25.000588235294117
1761617218,3402.74832 N,08407.11369 W,304.4,11,0.85,0.908,1.57,0.85,0.6057330200195312,0.699106884765625,-9.737218151855469,-3.0839694656488548,-1.0229007633587786,1.2748091603053435,24.906470588235294
1761617219,3402.74832 N,08407.11369 W,304.4,11,0.85,0.908,1.57,0.85,0.6009446166992187,0.7158662963867187,-9.72285294189453,-2.8931297709923665,-1.0916030534351144,0.9083969465648855,24.906470588235294
1761617220,3402.74839 N,08407.11375 W,304.4,11,0.85,0.908,1.57,0.85,0.5985504150390625,0.8092401611328125,-9.710881933593749,-3.0,-0.9923664122137404,1.1145038167938932,24.906470588235294
1761617221,3402.74839 N,08407.11375 W,304.4,11,0.85,0.908,1.57,0.85,0.469263525390625,0.7565677246093749,-9.76116016845703,-2.9083969465648853,-1.0687022900763359,0.8778625954198473,24.859411764705882
1761617222,3402.74839 N,08407.11375 W,304.4,11,0.85,0.908,1.57,0.85,0.5793968017578125,0.7398083129882812,-9.682151513671874,-2.8473282442748094,-0.9923664122137404,1.0458015267175573,24.906470588235294
1761617223,3402.74839 N,08407.11375 W,304.4,11,0.85,0.908,1.57,0.85,0.5913678100585937,0.7493851196289062,-9.777919580078125,-2.5877862595419847,-1.1526717557251909,1.0,24.953529411764706
1761617224,3402.74839 N,08407.11375 W,304.4,11,0.85,0.908,1.57,0.85,0.5889736083984375,0.7781155395507812,-9.81862100830078,-2.50381679389313,-0.9312977099236641,0.6030534351145038,24.953529411764706
1761617225,3402.74839 N,08407.11375 W,304.4,11,0.85,0.908,1.57,0.85,0.5434837768554687,0.7948749511718749,-9.753977563476562,-2.946564885496183,-1.1450381679389312,1.015267175572519,24.953529411764706
1761617226,3402.74839 N,08407.11375 W,304.4,11,0.85,0.518,1.57,0.85,0.5602431884765625,0.6177040283203125,-9.526528405761718,-2.687022900763359,-1.0381679389312977,0.6870229007633588,24.953529411764706
1761617227,3402.74839 N,08407.11375 W,304.4,11,0.85,0.518,1.57,0.85,0.55545478515625,0.7110778930664062,-9.763554370117188,-2.687022900763359,-1.015267175572519,0.8702290076335878,25.000588235294117
1761617228,3402.74837 N,08407.11405 W,304.3,11,0.85,0.518,1.57,0.85,0.5913678100585937,0.737414111328125,-9.658209497070311,-2.931297709923664,-1.0076335877862594,1.366412213740458,24.859411764705882
1761617229,3402.74837 N,08407.11405 W,304.3,11,0.85,0.518,1.57,0.85,0.6009446166992187,0.7565677246093749,-9.797073193359374,-2.7251908396946565,-1.0763358778625953,1.015267175572519,25.000588235294117
1761617230,3402.74837 N,08407.11405 W,304.3,11,0.85,0.518,1.57,0.85,0.6296750366210937,0.7445967163085937,-9.758765966796874,-2.7709923664122136,-0.9465648854961832,0.9847328244274809,24.953529411764706
1761617231,3402.74837 N,08407.11405 W,304.3,11,0.85,0.518,1.57,0.85,0.5674257934570313,0.7948749511718749,-9.801861596679688,-2.8625954198473282,-1.1450381679389312,0.8625954198473282,25.000588235294117
1761617232,3402.74837 N,08407.11405 W,304.3,11,0.85,0.518,1.57,0.85,0.5722141967773438,0.7781155395507812,-9.78031378173828,-2.8625954198473282,-1.1908396946564885,1.2900763358778626,25.04764705882353
1761617233,3402.74837 N,08407.11405 W,304.3,11,0.85,0.518,1.57,0.85,0.59376201171875,0.7996633544921875,-9.794678991699218,-3.3587786259541983,-1.1068702290076335,1.3511450381679388,24.906470588235294
1761617234,3402.74837 N,08407.11405 W,304.3,11,0.85,0.895,1.57,0.85,0.5770026000976562,0.7398083129882812,-9.739612353515625,-3.4427480916030535,-1.0916030534351144,1.816793893129771,24.906470588235294
1761617235,3402.74837 N,08407.11405 W,304.3,11,0.85,0.895,1.57,0.85,0.5602431884765625,0.7062894897460937,-9.782707983398437,-3.0381679389312977,-1.099236641221374,0.9923664122137404,25.04764705882353
1761617236,3402.74827 N,08407.11404 W,304.3,11,0.85,0.895,1.57,0.85,0.6296750366210937,0.7613561279296874,-9.785102185058593,-2.9160305343511452,-0.9083969465648855,1.1908396946564885,24.953529411764706
1761617237,3402.74827 N,08407.11404 W,304.3,11,0.85,0.895,1.57,0.85,0.612915625,0.7326257080078125,-9.720458740234374,-3.984732824427481,-1.4427480916030535,1.8015267175572518,24.953529411764706
1761617238,3402.74827 N,08407.11404 W,304.3,11,0.85,0.895,1.57,0.85,0.5985504150390625,0.9097966308593749,-9.809044201660155,-3.3053435114503817,-0.9541984732824428,1.3129770992366412,25.000588235294117
1761617239,3402.74827 N,08407.11404 W,304.3,11,0.85,0.895,1.57,0.85,0.59376201171875,0.737414111328125,-9.70369932861328,-3.2213740458015265,-0.9389312977099237,1.2748091603053435,25.000588235294117
1761617240,3402.74827 N,08407.11404 W,304.3,11,0.85,0.895,1.57,0.85,0.5865794067382812,0.7709329345703124,-9.789890588378906,-3.3053435114503817,-1.1526717557251909,1.6717557251908397,24.906470588235294
1761617241,3402.74827 N,08407.11404 W,304.3,11,0.85,0.895,1.57,0.85,0.5626373901367188,0.6200982299804687,-9.859322436523437,-2.7557251908396947,-1.3053435114503817,0.5954198473282443,24.953529411764706
1761617242,3402.74827 N,08407.11404 W,304.3,11,0.85,0.593,1.57,0.85,0.5626373901367188,0.737414111328125,-9.753977563476562,-2.969465648854962,-1.16793893129771,1.5954198473282444,24.953529411764706
1761617243,3402.74827 N,08407.11404 W,304.3,11,0.85,0.593,1.57,0.85,0.5003881469726562,0.622492431640625,-9.701305126953125,-1.5801526717557253,-1.297709923664122,0.3816793893129771,24.953529411764706
1761617244,3402.74817 N,08407.11396 W,304.3,11,0.85,0.593,1.57,0.85,0.6464344482421874,0.7541735229492187,-9.734823950195311,-3.1374045801526718,-1.1374045801526718,1.1908396946564885,24.906470588235294
1761617245,3402.74817 N,08407.11396 W,304.3,11,0.85,0.593,1.57,0.85,0.6081272216796875,0.6847416748046875,-9.739612353515625,-2.7404580152671754,-0.9847328244274809,0.8625954198473282,24.953529411764706
1761617246,3402.74817 N,08407.11396 W,304.3,11,0.85,0.593,1.57,0.85,0.5985504150390625,0.8068459594726562,-9.861716638183593,-2.9083969465648853,-1.297709923664122,0.7862595419847328,25.000588235294117
1761617247,3402.74817 N,08407.11396 W,304.3,11,0.85,0.593,1.57,0.85,0.5770026000976562,0.8164227661132812,-9.732429748535155,-2.8244274809160306,-1.1297709923664123,1.5114503816793894,24.906470588235294
1761617248,3402.74817 N,08407.11396 W,304.3,11,0.85,0.593,1.57,0.85,0.5961562133789062,0.7565677246093749,-9.710881933593749,-2.732824427480916,-0.9847328244274809,0.916030534351145,24.859411764705882
1761617249,3402.74817 N,08407.11396 W,304.3,11,0.85,0.593,1.57,0.85,0.6009446166992187,0.7900865478515624,-9.7683427734375,-2.8396946564885495,-1.0534351145038168,0.7786259541984732,24.906470588235294
1761617250,3402.74817 N,08407.11396 W,304.3,11,0.85,0.345,1.57,0.85,0.5793968017578125,0.6248866333007812,-9.773131176757811,-2.816793893129771,-1.1603053435114503,0.9007633587786259,24.953529411764706
1761617251,3402.74817 N,08407.11396 W,304.3,11,0.85,0.345,1.57,0.85,0.5817910034179687,0.7661445312499999,-9.847351428222655,-2.66412213740458,-1.0610687022900764,0.8396946564885496,24.81235294117647
1761617252,3402.74815 N,08407.11414 W,304.3,11,0.85,0.345,1.57,0.85,0.6177040283203125,0.7493851196289062,-9.732429748535155,-3.0381679389312977,-1.1221374045801527,1.099236641221374,24.859411764705882
1761617253,3402.74815 N,08407.11414 W,304.3,11,0.85,0.345,1.57,0.85,0.6392518432617187,0.8068459594726562,-9.665392102050781,-3.045801526717557,-1.0076335877862594,1.099236641221374,25.04764705882353
1761617254,3402.74815 N,08407.11414 W,304.3,11,0.85,0.345,1.57,0.85,0.5770026000976562,0.7422025146484375,-9.811438403320311,-2.954198473282443,-1.0,1.0687022900763359,24.953529411764706
1761617255,3402.74815 N,08407.11414 W,304.3,11,0.85,0.345,1.57,0.85,0.6296750366210937,0.7733271362304687,-9.813832604980469,-3.122137404580153,-1.1603053435114503,1.1755725190839694,24.906470588235294
1761617256,3402.74815 N,08407.11414 W,304.3,11,0.85,0.345,1.57,0.85,0.718260498046875,0.7517793212890624,-9.727641345214844,-3.0610687022900764,-1.083969465648855,1.251908396946565,25.000588235294117
1761617257,3402.74815 N,08407.11414 W,304.3,11,0.85,0.345,1.57,0.85,0.584185205078125,0.7757213378906249,-9.749189160156249,-2.984732824427481,-1.2290076335877862,0.9007633587786259,25.000588235294117
1761617258,3402.74815 N,08407.11414 W,304.3,11,0.85,0.552,1.57,0.85,0.46208092041015625,0.6392518432617187,-9.789890588378906,-2.9770992366412212,-1.0381679389312977,0.9389312977099237,24.906470588235294
1761617259,3402.74815 N,08407.11414 W,304.3,11,0.85,0.552,1.57,0.85,0.6009446166992187,0.7254431030273437,-9.7683427734375,-3.6412213740458017,-1.3129770992366412,1.748091603053435,24.953529411764706
1761617260,3402.74816 N,08407.11424 W,304.2,11,0.85,0.552,1.57,0.85,0.6248866333007812,0.7757213378906249,-9.708487731933593,-2.816793893129771,-1.1221374045801527,0.8473282442748091,24.953529411764706
1761617261,3402.74816 N,08407.11424 W,304.2,11,0.85,0.552,1.57,0.85,0.6153098266601562,0.7230489013671875,-9.720458740234374,-2.435114503816794,-0.8702290076335878,0.46564885496183206,24.859411764705882
1761617262,3402.74816 N,08407.11424 W,304.2,11,0.85,0.552,1.57,0.85,0.5889736083984375,0.7158662963867187,-9.749189160156249,-2.6717557251908395,-0.9312977099236641,0.9465648854961832,24.906470588235294
1761617263,3402.74816 N,08407.11424 W,304.2,11,0.85,0.552,1.57,0.85,0.5913678100585937,0.7541735229492187,-9.665392102050781,-2.5343511450381677,-0.6564885496183206,0.6946564885496184,24.859411764705882
1761617264,3402.74816 N,08407.11424 W,304.2,11,0.85,0.552,1.57,0.85,0.7613561279296874,0.833182177734375,-9.89523546142578,-0.04580152671755725,-1.786259541984733,1.0763358778625953,25.000588235294117
1761617265,3402.74816 N,08407.11424 W,304.2,11,0.85,0.552,1.57,0.85,0.6009446166992187,0.7805097412109374,-9.792284790039062,-3.267175572519084,-1.3053435114503817,1.16793893129771,24.906470588235294
1761617266,3402.74816 N,08407.11424 W,304.2,11,0.85,0.016,1.57,0.85,0.5506663818359374,0.7302315063476562,-9.74200655517578,-2.7786259541984735,-1.1297709923664123,0.9236641221374046,24.953529411764706
1761617267,3402.74816 N,08407.11424 W,304.2,11,0.85,0.016,1.57,0.85,0.5793968017578125,0.7445967163085937,-9.713276135253906,-2.816793893129771,-1.251908396946565,1.015267175572519,25.000588235294117
1761617268,3402.74824 N,08407.11419 W,304.2,11,0.85,0.016,1.57,0.85,0.5865794067382812,0.7829039428710937,-9.751583361816406,-2.717557251908397,-1.1068702290076335,1.1603053435114503,24.906470588235294
1761617269,3402.74824 N,08407.11419 W,304.2,11,0.85,0.016,1.57,0.85,0.6153098266601562,0.74699091796875,-9.78031378173828,-3.236641221374046,-0.8320610687022901,0.8244274809160306,24.906470588235294
1761617270,3402.74824 N,08407.11419 W,304.2,11,0.85,0.016,1.57,0.85,0.5602431884765625,0.7805097412109374,-9.794678991699218,-3.16793893129771,-1.0916030534351144,1.2671755725190839,24.953529411764706
1761617271,3402.74824 N,08407.11419 W,304.2,11,0.85,0.016,1.57,0.85,0.5961562133789062,0.7733271362304687,-9.847351428222655,-2.7557251908396947,-0.9236641221374046,0.8931297709923665,24.906470588235294
1761617272,3402.74824 N,08407.11419 W,304.2,11,0.85,0.016,1.57,0.85,0.5793968017578125,0.8092401611328125,-9.746794958496093,-2.9236641221374047,-0.8854961832061069,0.9618320610687023,25.04764705882353
1761617273,3402.74824 N,08407.11419 W,304.2,11,0.85,0.016,1.57,0.85,0.5506663818359374,0.7517793212890624,-9.701305126953125,-2.877862595419847,-0.8702290076335878,0.8854961832061069,24.953529411764706
1761617274,3402.74824 N,08407.11419 W,304.2,11,0.85,0.041,1.57,0.85,0.5913678100585937,0.74699091796875,-9.785102185058593,-3.0381679389312977,-1.099236641221374,1.0687022900763359,24.953529411764706
1761617275,3402.74824 N,08407.11419 W,304.2,11,0.85,0.041,1.57,0.85,0.603338818359375,0.7565677246093749,-9.698910925292969,-2.786259541984733,-1.099236641221374,0.9465648854961832,24.906470588235294
1761617276,3402.74830 N,08407.11415 W,304.1,11,0.85,0.041,1.57,0.85,0.612915625,0.70868369140625,-9.730035546875,-2.9389312977099236,-1.2290076335877862,0.9312977099236641,24.906470588235294
1761617277,3402.74830 N,08407.11415 W,304.1,11,0.85,0.041,1.57,0.85,0.59376201171875,0.8714894042968749,-9.670180505371093,-2.9923664122137406,-1.1145038167938932,0.9923664122137404,24.859411764705882
1761617278,3402.74830 N,08407.11415 W,304.1,11,0.85,0.041,1.57,0.85,0.5530605834960938,0.7565677246093749,-9.773131176757811,-2.9389312977099236,-1.1221374045801527,1.2442748091603053,24.906470588235294
1761617279,3402.74830 N,08407.11415 W,304.1,11,0.85,0.041,1.57,0.85,0.5793968017578125,0.7733271362304687,-9.801861596679688,-2.618320610687023,-1.0687022900763359,0.916030534351145,24.859411764705882
1761617280,3402.74830 N,08407.11415 W,304.1,11,0.85,0.041,1.57,0.85,0.6177040283203125,0.7278373046875,-9.689334118652344,-2.900763358778626,-1.0763358778625953,0.9541984732824428,24.953529411764706
1761617281,3402.74830 N,08407.11415 W,304.1,11,0.85,0.041,1.57,0.85,0.6009446166992187,0.7852981445312499,-9.775525378417969,-2.7022900763358777,-1.0381679389312977,0.9083969465648855,24.906470588235294
1761617282,3402.74830 N,08407.11415 W,304.1,11,0.85,0.361,1.57,0.85,0.584185205078125,0.7996633544921875,-9.789890588378906,-2.946564885496183,-1.0610687022900764,1.0076335877862594,24.906470588235294
1761617283,3402.74830 N,08407.11415 W,304.1,11,0.85,0.361,1.57,0.85,0.6009446166992187,0.7541735229492187,-9.600748657226562,-2.984732824427481,-1.0687022900763359,1.1450381679389312,24.859411764705882
1761617284,3402.74844 N,08407.11399 W,304.0,11,0.85,0.361,1.57,0.85,0.584185205078125,0.8092401611328125,-9.708487731933593,-3.0381679389312977,-0.9923664122137404,1.2213740458015268,24.906470588235294
1761617285,3402.74844 N,08407.11399 W,304.0,11,0.85,0.361,1.57,0.85,0.6488286499023437,0.7278373046875,-9.713276135253906,-2.854961832061069,-1.0534351145038168,0.8778625954198473,24.906470588235294
1761617286,3402.74844 N,08407.11399 W,304.0,11,0.85,0.361,1.57,0.85,0.59376201171875,0.7206546997070312,-9.713276135253906,-3.8931297709923665,-1.2442748091603053,1.618320610687023,24.859411764705882
1761617287,3402.74844 N,08407.11399 W,304.0,11,0.85,0.361,1.57,0.85,0.6057330200195312,0.7589619262695312,-9.588777648925781,-2.1297709923664123,-1.3511450381679388,0.5190839694656488,24.906470588235294
1761617288,3402.74844 N,08407.11399 W,304.0,11,0.85,0.361,1.57,0.85,0.5746083984375,0.7326257080078125,-9.749189160156249,-2.9618320610687023,-1.183206106870229,1.0763358778625953,24.81235294117647
1761617289,3402.74844 N,08407.11399 W,304.0,11,0.85,0.361,1.57,0.85,0.5746083984375,0.7062894897460937,-9.775525378417969,-2.885496183206107,-0.9694656488549618,0.8473282442748091,24.859411764705882
1761617290,3402.74844 N,08407.11399 W,304.0,11,0.85,0.365,1.57,0.85,0.603338818359375,0.737414111328125,-9.753977563476562,-2.8244274809160306,-0.9770992366412213,1.1068702290076335,25.04764705882353
1761617292,3402.74844 N,08407.11399 W,304.0,11,0.85,0.365,1.57,0.85,0.5674257934570313,0.7278373046875,-9.648632690429688,-3.4198473282442747,-1.0229007633587786,1.297709923664122,24.81235294117647
1761617293,3402.74853 N,08407.11387 W,303.9,11,0.85,0.365,1.57,0.85,0.5003881469726562,0.6248866333007812,-9.763554370117188,-3.900763358778626,-0.5267175572519084,2.50381679389313,24.906470588235294
1761617294,3402.74853 N,08407.11387 W,303.9,11,0.85,0.365,1.57,0.85,0.5698199951171875,0.8978256225585937,-9.794678991699218,-3.4427480916030535,-1.0763358778625953,1.3969465648854962,24.906470588235294
1761617295,3402.74853 N,08407.11387 W,303.9,11,0.85,0.365,1.57,0.85,0.6105214233398437,0.7900865478515624,-9.725247143554688,-2.3435114503816794,-0.9847328244274809,0.5038167938931297,24.81235294117647
1761617296,3402.74853 N,08407.11387 W,303.9,11,0.85,0.365,1.57,0.85,0.584185205078125,0.7805097412109374,-9.734823950195311,-3.1908396946564888,-1.1145038167938932,1.5572519083969465,24.81235294117647
1761617297,3402.74853 N,08407.11387 W,303.9,11,0.85,0.365,1.57,0.85,0.5602431884765625,0.7996633544921875,-9.804255798339844,-2.8091603053435112,-1.1297709923664123,0.916030534351145,25.000588235294117
1761617298,3402.74853 N,08407.11387 W,303.9,11,0.85,0.365,1.57,0.85,0.565031591796875,0.7900865478515624,-9.732429748535155,-2.9083969465648853,-1.2290076335877862,1.1221374045801527,24.953529411764706
1761617299,3402.74853 N,08407.11387 W,303.9,11,0.85,0.017,1.57,0.85,0.5410895751953124,0.7805097412109374,-9.753977563476562,-2.9083969465648853,-1.0458015267175573,0.9541984732824428,24.81235294117647
1761617300,3402.74853 N,08407.11387 W,303.9,11,0.85,0.017,1.57,0.85,0.5770026000976562,0.7326257080078125,-9.897629663085937,-4.129770992366412,-1.2595419847328244,2.564885496183206,24.953529411764706
1761617301,3402.74855 N,08407.11396 W,303.8,11,0.85,0.017,1.57,0.85,0.5195417602539062,0.689530078125,-9.763554370117188,-2.6412213740458017,-1.1297709923664123,0.8320610687022901,24.906470588235294
1761617302,3402.74855 N,08407.11396 W,303.8,11,0.85,0.017,1.57,0.85,0.55545478515625,0.7278373046875,-9.753977563476562,-2.8244274809160306,-0.9618320610687023,0.9312977099236641,24.81235294117647
1761617303,3402.74855 N,08407.11396 W,303.8,11,0.85,0.017,1.57,0.85,0.5961562133789062,0.7541735229492187,-9.804255798339844,-3.068702290076336,-1.1908396946564885,1.0229007633587786,24.906470588235294
1761617304,3402.74855 N,08407.11396 W,303.8,11,0.85,0.017,1.57,0.85,0.5746083984375,0.70868369140625,-9.713276135253906,-3.3893129770992365,-1.2900763358778626,1.7251908396946565,24.906470588235294
1761617305,3402.74855 N,08407.11396 W,303.8,11,0.85,0.017,1.57,0.85,0.55545478515625,0.7565677246093749,-9.689334118652344,-2.7099236641221376,-0.8320610687022901,0.8320610687022901,24.953529411764706
1761617306,3402.74855 N,08407.11396 W,303.8,11,0.85,0.017,1.57,0.85,0.5722141967773438,0.7900865478515624,-9.797073193359374,-2.7404580152671754,-1.0534351145038168,0.7938931297709924,24.953529411764706
1761617307,3402.74855 N,08407.11396 W,303.8,11,0.85,1.161,1.57,0.85,0.5674257934570313,0.7230489013671875,-9.72285294189453,-3.564885496183206,-0.8244274809160306,1.6030534351145038,24.81235294117647
1761617308,3402.74855 N,08407.11396 W,303.8,11,0.85,1.161,1.57,0.85,0.5985504150390625,0.8858546142578124,-9.746794958496093,-3.618320610687023,-1.2290076335877862,2.015267175572519,25.000588235294117
1761617309,3402.74864 N,08407.11416 W,303.7,11,0.85,1.161,1.57,0.85,0.5602431884765625,0.7637503295898437,-9.804255798339844,-2.8702290076335877,-1.2290076335877862,1.1374045801526718,24.906470588235294
1761617310,3402.74864 N,08407.11416 W,303.7,11,0.85,1.161,1.57,0.85,0.612915625,0.7924807495117187,-9.76116016845703,-2.8702290076335877,-0.9618320610687023,0.9847328244274809,25.000588235294117
1761617311,3402.74864 N,08407.11416 W,303.7,11,0.85,1.161,1.57,0.85,0.5889736083984375,0.7398083129882812,-9.720458740234374,-2.8091603053435112,-1.0763358778625953,0.9618320610687023,24.859411764705882
1761617312,3402.74864 N,08407.11416 W,303.7,11,0.85,1.161,1.57,0.85,0.5770026000976562,0.7733271362304687,-9.672574707031249,-3.4122137404580153,-1.099236641221374,1.3969465648854962,24.859411764705882
1761617313,3402.74864 N,08407.11416 W,303.7,11,0.85,1.161,1.57,0.85,0.5865794067382812,0.7350199096679687,-9.734823950195311,-3.0916030534351147,-1.1221374045801527,1.3587786259541985,24.859411764705882
1761617314,3402.74864 N,08407.11416 W,303.7,11,0.85,1.161,1.57,0.85,0.49799394531249996,0.70868369140625,-9.739612353515625,-3.4122137404580153,-1.2290076335877862,1.6793893129770991,24.859411764705882
1761617315,3402.74864 N,08407.11416 W,303.7,11,0.85,0.779,1.57,0.85,0.5243301635742187,0.7350199096679687,-9.753977563476562,-2.5267175572519083,-1.099236641221374,0.9236641221374046,24.906470588235294
1761617316,3402.74864 N,08407.11416 W,303.7,11,0.85,0.779,1.57,0.85,0.5746083984375,0.7326257080078125,-9.763554370117188,-2.8396946564885495,-1.0534351145038168,0.9007633587786259,24.906470588235294
1761617317,3402.74871 N,08407.11404 W,303.6,11,0.85,0.779,1.57,0.85,0.6200982299804687,0.7110778930664062,-9.79946739501953,-3.0076335877862594,-1.0534351145038168,1.1374045801526718,24.953529411764706
1761617318,3402.74871 N,08407.11404 W,303.6,11,0.85,0.779,1.57,0.85,0.565031591796875,0.6272808349609375,-9.725247143554688,-2.6564885496183206,-1.0229007633587786,0.9083969465648855,24.953529411764706
1761617319,3402.74871 N,08407.11404 W,303.6,11,0.85,0.779,1.57,0.85,0.5889736083984375,0.7493851196289062,-9.744400756835937,-3.183206106870229,-1.1908396946564885,1.4198473282442747,25.000588235294117
1761617320,3402.74871 N,08407.11404 W,303.6,11,0.85,0.779,1.57,0.85,0.5793968017578125,0.7685387329101562,-9.816226806640625,-2.66412213740458,-1.0229007633587786,1.0763358778625953,24.953529411764706
1761617321,3402.74871 N,08407.11404 W,303.6,11,0.85,0.779,1.57,0.85,0.6200982299804687,0.7948749511718749,-9.897629663085937,-2.877862595419847,-1.2442748091603053,1.0076335877862594,24.906470588235294
1761617322,3402.74871 N,08407.11404 W,303.6,11,0.85,0.779,1.57,0.85,0.47165772705078124,0.7493851196289062,-9.763554370117188,-2.2900763358778624,-1.099236641221374,0.8015267175572519,24.906470588235294
1761617323,3402.74871 N,08407.11404 W,303.6,11,0.85,0.514,1.57,0.85,0.55545478515625,0.9169792358398436,-9.756371765136718,-2.854961832061069,-1.1068702290076335,0.9236641221374046,24.906470588235294
1761617324,3402.74871 N,08407.11404 W,303.6,11,0.85,0.514,1.57,0.85,0.5722141967773438,0.7685387329101562,-9.753977563476562,-3.6106870229007635,-1.2442748091603053,1.7099236641221374,25.000588235294117
1761617325,3402.74874 N,08407.11386 W,303.5,11,0.85,0.514,1.57,0.85,0.55545478515625,0.6943184814453125,-9.794678991699218,-2.633587786259542,-0.916030534351145,0.7709923664122137,24.906470588235294
1761617326,3402.74874 N,08407.11386 W,303.5,11,0.85,0.514,1.57,0.85,0.6153098266601562,0.8020575561523438,-9.696516723632811,-4.022900763358779,-1.8473282442748091,2.6259541984732824,25.000588235294117
1761617327,3402.74874 N,08407.11386 W,303.5,11,0.85,0.514,1.57,0.85,0.5770026000976562,0.7996633544921875,-9.775525378417969,-2.786259541984733,-1.083969465648855,0.8702290076335878,25.000588235294117
1761617328,3402.74874 N,08407.11386 W,303.5,11,0.85,0.514,1.57,0.85,0.6177040283203125,0.7015010864257812,-9.74200655517578,-2.5114503816793894,-1.0305343511450382,0.7022900763358778,25.000588235294117
1761617329,3402.74874 N,08407.11386 W,303.5,11,0.85,0.514,1.57,0.85,0.5315127685546874,0.737414111328125,-9.81862100830078,-2.1603053435114505,-0.9618320610687023,0.3969465648854962,25.000588235294117
1761617330,3402.74874 N,08407.11386 W,303.5,11,0.85,0.514,1.57,0.85,0.6200982299804687,0.6177040283203125,-9.756371765136718,-3.114503816793893,-1.0534351145038168,1.0534351145038168,24.906470588235294
1761617331,3402.74874 N,08407.11386 W,303.5,11,0.85,1.064,1.57,0.85,0.6009446166992187,0.7948749511718749,-9.70369932861328,-2.7557251908396947,-0.9312977099236641,1.0458015267175573,24.953529411764706
1761617332,3402.74874 N,08407.11386 W,303.5,11,0.85,1.064,1.57,0.85,0.5506663818359374,0.8044517578125,-9.763554370117188,-2.9236641221374047,-1.1145038167938932,1.083969465648855,24.906470588235294
1761617333,3402.74866 N,08407.11381 W,303.3,11,0.85,1.064,1.57,0.85,0.6153098266601562,0.7637503295898437,-9.708487731933593,-2.969465648854962,-1.1374045801526718,1.2671755725190839,24.906470588235294
1761617334,3402.74866 N,08407.11381 W,303.3,11,0.85,1.064,1.57,0.85,0.5770026000976562,0.7637503295898437,-9.725247143554688,-2.9160305343511452,-1.0610687022900764,1.2061068702290076,24.906470588235294
1761617335,3402.74866 N,08407.11381 W,303.3,11,0.85,1.064,1.57,0.85,0.5291185668945312,0.7350199096679687,-9.68454571533203,-3.1374045801526718,-1.1603053435114503,1.083969465648855,24.953529411764706
1761617336,3402.74866 N,08407.11381 W,303.3,11,0.85,1.064,1.57,0.85,0.5267243652343749,0.6177040283203125,-9.732429748535155,-3.0076335877862594,-1.0763358778625953,1.2595419847328244,24.953529411764706
1761617337,3402.74866 N,08407.11381 W,303.3,11,0.85,1.064,1.57,0.85,0.5746083984375,0.7350199096679687,-9.718064538574218,-3.0610687022900764,-1.0381679389312977,1.3358778625954197,24.906470588235294
1761617338,3402.74866 N,08407.11381 W,303.3,11,0.85,1.064,1.57,0.85,0.5602431884765625,0.7326257080078125,-9.706093530273437,-3.045801526717557,-1.0305343511450382,1.083969465648855,24.906470588235294
1761617339,3402.74866 N,08407.11381 W,303.3,11,0.85,0.825,1.57,0.85,0.5626373901367188,0.737414111328125,-9.715670336914062,-2.7251908396946565,-1.0916030534351144,0.8091603053435115,25.000588235294117
1761617340,3402.74866 N,08407.11381 W,303.3,11,0.85,0.825,1.57,0.85,0.5626373901367188,0.9169792358398436,-9.737218151855469,-2.816793893129771,-1.1221374045801527,1.2061068702290076,24.906470588235294
1761617341,3402.74850 N,08407.11388 W,303.2,11,0.85,0.825,1.57,0.85,0.6177040283203125,0.737414111328125,-9.749189160156249,-3.236641221374046,-1.183206106870229,1.3358778625954197,24.81235294117647
1761617342,3402.74850 N,08407.11388 W,303.2,11,0.85,0.825,1.57,0.85,0.6081272216796875,0.7805097412109374,-9.811438403320311,-2.877862595419847,-1.0458015267175573,1.2748091603053435,24.859411764705882
1761617343,3402.74850 N,08407.11388 W,303.2,11,0.85,0.825,1.57,0.85,0.7517793212890624,0.7326257080078125,-9.797073193359374,-2.9923664122137406,-1.0305343511450382,1.1297709923664123,25.000588235294117
1761617344,3402.74850 N,08407.11388 W,303.2,11,0.85,0.825,1.57,0.85,0.5985504150390625,0.7302315063476562,-9.70369932861328,-2.969465648854962,-1.0381679389312977,0.8473282442748091,24.906470588235294
1761617345,3402.74850 N,08407.11388 W,303.2,11,0.85,0.825,1.57,0.85,0.5913678100585937,0.8092401611328125,-9.746794958496093,-3.2748091603053435,-1.1603053435114503,1.4580152671755726,24.906470588235294
1761617346,3402.74850 N,08407.11388 W,303.2,11,0.85,0.825,1.57,0.85,0.6153098266601562,0.6368576416015624,-9.698910925292969,-2.7404580152671754,-1.0534351145038168,0.9465648854961832,25.000588235294117
1761617347,3402.74850 N,08407.11388 W,303.2,11,0.85,0.257,1.57,0.85,0.5865794067382812,0.7326257080078125,-9.689334118652344,-2.0763358778625953,-1.0229007633587786,0.2824427480916031,24.953529411764706
1761617348,3402.74850 N,08407.11388 W,303.2,11,0.85,0.257,1.57,0.85,0.5913678100585937,0.718260498046875,-9.753977563476562,-2.8244274809160306,-1.1145038167938932,0.9083969465648855,24.906470588235294
1761617349,3402.74855 N,08407.11384 W,303.0,11,0.85,0.257,1.57,0.85,0.6200982299804687,0.6153098266601562,-9.720458740234374,-2.8702290076335877,-1.083969465648855,0.8702290076335878,25.000588235294117
1761617350,3402.74855 N,08407.11384 W,303.0,11,0.85,0.257,1.57,0.85,0.5722141967773438,0.7852981445312499,-9.730035546875,-3.0916030534351147,-1.1755725190839694,1.1068702290076335,24.906470588235294
1761617351,3402.74855 N,08407.11384 W,303.0,11,0.85,0.257,1.57,0.85,0.5698199951171875,0.7422025146484375,-9.955090502929687,-2.5343511450381677,-0.9465648854961832,0.549618320610687,24.906470588235294
1761617352,3402.74855 N,08407.11384 W,303.0,11,0.85,0.257,1.57,0.85,0.622492431640625,0.7996633544921875,-9.797073193359374,-2.83206106870229,-1.0381679389312977,1.183206106870229,24.81235294117647
1761617353,3402.74855 N,08407.11384 W,303.0,11,0.85,0.257,1.57,0.85,0.565031591796875,0.7972691528320313,-9.753977563476562,-2.6564885496183206,-1.213740458015267,0.7251908396946565,25.000588235294117
1761617354,3402.74855 N,08407.11384 W,303.0,11,0.85,0.257,1.57,0.85,0.612915625,0.9145850341796874,-9.698910925292969,-3.3435114503816794,-1.2061068702290076,1.5801526717557253,24.953529411764706
1761617355,3402.74855 N,08407.11384 W,303.0,11,0.85,0.170,1.57,0.85,0.59376201171875,0.7733271362304687,-9.775525378417969,-6.0,-1.4580152671755726,4.396946564885496,24.906470588235294
1761617356,3402.74855 N,08407.11384 W,303.0,11,0.85,0.170,1.57,0.85,0.6177040283203125,0.7661445312499999,-9.667786303710937,-3.267175572519084,-1.8396946564885497,1.1984732824427482,25.000588235294117
1761617357,3402.74863 N,08407.11382 W,302.9,11,0.85,0.170,1.57,0.85,0.6248866333007812,0.679953271484375,-9.763554370117188,-2.9389312977099236,-1.1221374045801527,0.9465648854961832,24.906470588235294
1761617358,3402.74863 N,08407.11382 W,302.9,11,0.85,0.170,1.57,0.85,0.6057330200195312,0.7685387329101562,-9.943119494628906,-2.877862595419847,-0.9923664122137404,0.7938931297709924,24.859411764705882
1761617359,3402.74863 N,08407.11382 W,302.9,11,0.85,0.170,1.57,0.85,0.5363011718749999,0.7709329345703124,-9.892841259765625,-3.2977099236641223,1.9236641221374047,3.50381679389313,24.906470588235294
1761617360,3402.74863 N,08407.11382 W,302.9,11,0.85,0.170,1.57,0.85,0.6655880615234374,0.7948749511718749,-9.765948571777344,-2.7786259541984735,-1.1068702290076335,1.015267175572519,24.953529411764706
1761617361,3402.74863 N,08407.11382 W,302.9,11,0.85,0.170,1.57,0.85,0.6009446166992187,0.7613561279296874,-9.72285294189453,-2.8702290076335877,-0.9618320610687023,1.0610687022900764,24.906470588235294
1761617362,3402.74863 N,08407.11382 W,302.9,11,0.85,0.170,1.57,0.85,0.5865794067382812,0.737414111328125,-9.753977563476562,-2.7557251908396947,-1.2061068702290076,0.8854961832061069,24.953529411764706
1761617363,3402.74863 N,08407.11382 W,302.9,11,0.85,0.096,1.57,0.85,0.5770026000976562,0.6679822631835937,-9.734823950195311,-2.9923664122137406,-1.183206106870229,1.1068702290076335,24.953529411764706
1761617364,3402.74863 N,08407.11382 W,302.9,11,0.85,0.096,1.57,0.85,0.6751648681640625,0.7661445312499999,-9.744400756835937,-3.0,-1.2213740458015268,1.213740458015267,24.906470588235294
1761617365,3402.74862 N,08407.11374 W,302.6,11,0.85,0.096,1.57,0.85,0.5363011718749999,0.7541735229492187,-9.706093530273437,-2.8091603053435112,-0.9236641221374046,1.0610687022900764,25.000588235294117
1761617366,3402.74862 N,08407.11374 W,302.6,11,0.85,0.096,1.57,0.85,0.6368576416015624,0.7278373046875,-9.749189160156249,-2.900763358778626,-1.1221374045801527,1.0610687022900764,24.859411764705882
1761617367,3402.74862 N,08407.11374 W,302.6,11,0.85,0.096,1.57,0.85,0.5913678100585937,0.7829039428710937,-9.710881933593749,-2.900763358778626,-1.0916030534351144,0.9618320610687023,24.906470588235294
1761617368,3402.74862 N,08407.11374 W,302.6,11,0.85,0.096,1.57,0.85,0.7158662963867187,0.7613561279296874,-9.83777462158203,-3.213740458015267,-0.9312977099236641,1.2290076335877862,25.000588235294117
1761617369,3402.74862 N,08407.11374 W,302.6,11,0.85,0.096,1.57,0.85,0.5817910034179687,0.7829039428710937,-9.756371765136718,-2.9923664122137406,-1.0687022900763359,1.0610687022900764,24.906470588235294
1761617370,3402.74862 N,08407.11374 W,302.6,11,0.85,0.096,1.57,0.85,0.7589619262695312,0.7852981445312499,-9.785102185058593,-3.33587786259542,-1.183206106870229,1.2442748091603053,24.906470588235294
1761617371,3402.74862 N,08407.11374 W,302.6,11,0.85,0.039,1.57,0.85,0.5578489868164063,0.7757213378906249,-9.710881933593749,-3.1526717557251906,-1.4961832061068703,0.7709923664122137,24.906470588235294
1761617372,3402.74862 N,08407.11374 W,302.6,11,0.85,0.039,1.57,0.85,0.5865794067382812,0.7781155395507812,-9.732429748535155,-2.717557251908397,-0.9847328244274809,1.099236641221374,24.906470588235294
1761617373,3402.74866 N,08407.11376 W,302.5,11,0.85,0.039,1.57,0.85,0.7541735229492187,0.7278373046875,-9.734823950195311,-2.7404580152671754,-0.9389312977099237,0.7480916030534351,24.953529411764706
1761617374,3402.74866 N,08407.11376 W,302.5,11,0.85,0.039,1.57,0.85,0.6296750366210937,0.7589619262695312,-9.710881933593749,-2.9770992366412212,-1.1068702290076335,1.1526717557251909,24.859411764705882
1761617375,3402.74866 N,08407.11376 W,302.5,11,0.85,0.039,1.57,0.85,0.5817910034179687,0.7445967163085937,-9.801861596679688,-2.5572519083969465,-0.9923664122137404,0.7862595419847328,24.906470588235294
1761617376,3402.74866 N,08407.11376 W,302.5,11,0.85,0.039,1.57,0.85,0.5770026000976562,0.7565677246093749,-9.7683427734375,-2.4580152671755724,-1.2366412213740459,0.648854961832061,24.859411764705882
1761617377,3402.74866 N,08407.11376 W,302.5,11,0.85,0.039,1.57,0.85,0.584185205078125,0.814028564453125,-9.526528405761718,-3.0,-1.1450381679389312,0.8931297709923665,24.906470588235294
1761617378,3402.74866 N,08407.11376 W,302.5,11,0.85,0.039,1.57,0.85,0.7230489013671875,0.7493851196289062,-9.658209497070311,-2.8244274809160306,-0.8320610687022901,1.213740458015267,24.859411764705882
1761617379,3402.74866 N,08407.11376 W,302.5,11,0.85,0.131,1.57,0.85,0.5482721801757812,0.7805097412109374,-9.816226806640625,-2.9923664122137406,-1.1984732824427482,1.0763358778625953,24.906470588235294
1761617380,3402.74866 N,08407.11376 W,302.5,11,0.85,0.131,1.57,0.85,0.565031591796875,0.7541735229492187,-9.756371765136718,-2.6946564885496183,-1.2900763358778626,0.9694656488549618,24.906470588235294
1761617381,3402.74860 N,08407.11370 W,302.3,11,0.85,0.131,1.57,0.85,0.5722141967773438,0.7733271362304687,-9.751583361816406,-2.633587786259542,-0.916030534351145,1.2671755725190839,24.953529411764706
1761617382,3402.74860 N,08407.11370 W,302.3,11,0.85,0.131,1.57,0.85,0.469263525390625,0.7685387329101562,-9.746794958496093,-2.83206106870229,-1.0,1.0916030534351144,24.906470588235294
1761617383,3402.74860 N,08407.11370 W,302.3,11,0.85,0.131,1.57,0.85,0.7613561279296874,0.8188169677734375,-9.710881933593749,-3.0610687022900764,-1.0610687022900764,1.1526717557251909,24.906470588235294
1761617384,3402.74860 N,08407.11370 W,302.3,11,0.85,0.131,1.57,0.85,0.5602431884765625,0.7733271362304687,-9.696516723632811,-2.7251908396946565,-1.1374045801526718,1.1450381679389312,24.906470588235294
1761617385,3402.74860 N,08407.11370 W,302.3,11,0.85,0.131,1.57,0.85,0.5913678100585937,0.7158662963867187,-9.794678991699218,-2.618320610687023,-1.0916030534351144,0.8015267175572519,24.859411764705882
1761617386,3402.74860 N,08407.11370 W,302.3,11,0.85,0.131,1.57,0.85,0.5530605834960938,0.6847416748046875,-9.732429748535155,-3.564885496183206,-1.0687022900763359,1.900763358778626,24.953529411764706
1761617387,3402.74860 N,08407.11370 W,302.3,11,0.85,0.324,1.57,0.85,0.5267243652343749,0.6943184814453125,-9.749189160156249,-2.0,-1.1526717557251909,-0.04580152671755725,24.906470588235294
1761617388,3402.74860 N,08407.11370 W,302.3,11,0.85,0.324,1.57,0.85,0.6272808349609375,0.7948749511718749,-9.765948571777344,-2.9160305343511452,-1.0,0.8931297709923665,25.000588235294117
1761617389,3402.74861 N,08407.11342 W,302.1,11,0.85,0.324,1.57,0.85,0.6009446166992187,0.7422025146484375,-9.792284790039062,-2.7099236641221376,-1.0458015267175573,0.6106870229007634,24.906470588235294
1761617390,3402.74861 N,08407.11342 W,302.1,11,0.85,0.324,1.57,0.85,0.5770026000976562,0.7733271362304687,-9.777919580078125,-2.8931297709923665,-0.9694656488549618,1.0763358778625953,24.859411764705882
1761617391,3402.74861 N,08407.11342 W,302.1,11,0.85,0.324,1.57,0.85,0.5626373901367188,0.7876923461914062,-9.749189160156249,-3.0229007633587788,-1.1145038167938932,1.282442748091603,25.000588235294117
1761617392,3402.74861 N,08407.11342 W,302.1,11,0.85,0.324,1.57,0.85,0.5530605834960938,0.7541735229492187,-9.667786303710937,-3.045801526717557,-1.1297709923664123,1.4427480916030535,24.906470588235294
1761617393,3402.74861 N,08407.11342 W,302.1,11,0.85,0.324,1.57,0.85,0.5770026000976562,0.7829039428710937,-9.734823950195311,-2.877862595419847,-1.1450381679389312,0.8625954198473282,24.906470588235294
1761617394,3402.74861 N,08407.11342 W,302.1,11,0.85,0.324,1.57,0.85,0.5889736083984375,0.7254431030273437,-9.773131176757811,-2.687022900763359,-0.9312977099236641,0.8396946564885496,24.906470588235294
1761617395,3402.74861 N,08407.11342 W,302.1,11,0.85,1.199,1.57,0.85,0.5770026000976562,0.8020575561523438,-9.753977563476562,-3.33587786259542,-1.0,1.381679389312977,24.953529411764706
1761617396,3402.74861 N,08407.11342 W,302.1,11,0.85,1.199,1.57,0.85,0.6344634399414062,0.7757213378906249,-9.698910925292969,-2.8244274809160306,-1.2213740458015268,1.3358778625954197,24.953529411764706
1761617397,3402.74846 N,08407.11354 W,302.0,10,1.06,1.199,1.57,0.85,0.6009446166992187,0.7613561279296874,-9.7683427734375,-3.2748091603053435,-1.5419847328244274,1.6946564885496183,24.859411764705882
1761617398,3402.74846 N,08407.11354 W,302.0,10,1.06,1.199,2.08,1.06,0.584185205078125,0.6967126831054687,-9.670180505371093,-2.816793893129771,-1.1603053435114503,0.8015267175572519,24.906470588235294
1761617399,3402.74846 N,08407.11354 W,302.0,10,1.06,1.199,2.08,1.06,0.35194764404296874,0.6655880615234374,-9.751583361816406,-1.534351145038168,-0.6641221374045801,-0.1984732824427481,24.906470588235294
1761617400,3402.74846 N,08407.11354 W,302.0,10,1.06,1.199,2.08,1.06,0.603338818359375,0.7278373046875,-9.770736975097655,-3.33587786259542,-1.2595419847328244,1.2442748091603053,24.906470588235294
1761617401,3402.74846 N,08407.11354 W,302.0,10,1.06,1.199,2.08,1.06,0.5363011718749999,0.7565677246093749,-9.773131176757811,-2.7938931297709924,-0.9694656488549618,0.732824427480916,24.859411764705882
1761617402,3402.74846 N,08407.11354 W,302.0,10,1.06,1.199,2.08,1.06,0.5913678100585937,0.74699091796875,-9.686939916992188,-2.816793893129771,-1.0534351145038168,1.213740458015267,24.906470588235294
1761617403,3402.74846 N,08407.11354 W,302.0,10,1.06,2.445,2.08,1.06,0.5482721801757812,0.7876923461914062,-9.801861596679688,-3.122137404580153,-1.0687022900763359,1.3129770992366412,24.906470588235294
1761617404,3402.74846 N,08407.11354 W,302.0,10,1.06,2.445,2.08,1.06,0.51714755859375,0.6775590698242188,-9.763554370117188,-2.4732824427480917,-1.0229007633587786,0.5267175572519084,24.906470588235294
1761617405,3402.74850 N,08407.11343 W,302.1,10,1.06,2.445,2.08,1.06,0.70868369140625,0.7709329345703124,-9.804255798339844,-2.9770992366412212,-1.0,1.1755725190839694,24.906470588235294
1761617407,3402.74850 N,08407.11343 W,302.1,10,1.06,2.445,2.08,1.06,0.4860229370117187,0.7278373046875,-9.68454571533203,-2.7786259541984735,-0.8625954198473282,0.9923664122137404,24.906470588235294
1761617408,3402.74850 N,08407.11343 W,302.1,10,1.06,2.445,2.08,1.06,0.5339069702148437,0.9002198242187499,-9.727641345214844,-2.786259541984733,-1.1603053435114503,-0.16030534351145037,24.906470588235294
1761617409,3402.74850 N,08407.11343 W,302.1,10,1.06,2.445,2.08,1.06,0.5482721801757812,0.7493851196289062,-9.789890588378906,-2.946564885496183,-1.1908396946564885,0.8702290076335878,24.953529411764706
1761617410,3402.74850 N,08407.11343 W,302.1,10,1.06,2.445,2.08,1.06,0.6105214233398437,0.7445967163085937,-9.797073193359374,-3.0839694656488548,-1.3358778625954197,1.1755725190839694,25.000588235294117
1761617411,3402.74850 N,08407.11343 W,302.1,10,1.06,2.445,2.08,1.06,0.5746083984375,0.7230489013671875,-9.777919580078125,-2.9083969465648853,-1.0610687022900764,0.8778625954198473,24.859411764705882
1761617412,3402.74850 N,08407.11343 W,302.1,10,1.06,1.292,2.08,1.06,0.5506663818359374,0.7350199096679687,-9.698910925292969,-3.7404580152671754,-1.083969465648855,1.5877862595419847,24.859411764705882
1761617413,3402.74850 N,08407.11343 W,302.1,10,1.06,1.292,2.08,1.06,0.488417138671875,0.7517793212890624,-9.76116016845703,-3.1755725190839694,-1.4274809160305344,1.4045801526717556,24.906470588235294
1761617414,3402.74842 N,08407.11370 W,301.8,10,1.06,1.292,2.08,1.06,0.5530605834960938,0.8068459594726562,-9.785102185058593,-2.6793893129770994,-1.2366412213740459,0.8625954198473282,24.953529411764706
1761617415,3402.74842 N,08407.11370 W,301.8,10,1.06,1.292,2.08,1.06,0.6009446166992187,0.8020575561523438,-9.782707983398437,-2.7709923664122136,-1.0229007633587786,1.0458015267175573,25.000588235294117
1761617416,3402.74842 N,08407.11370 W,301.8,10,1.06,1.292,2.08,1.06,0.5889736083984375,0.7972691528320313,-9.804255798339844,-3.030534351145038,-0.8702290076335878,0.9465648854961832,24.953529411764706
1761617417,3402.74842 N,08407.11370 W,301.8,10,1.06,1.292,2.08,1.06,0.5865794067382812,0.7613561279296874,-9.730035546875,-2.969465648854962,-1.2290076335877862,1.1908396946564885,24.906470588235294
1761617418,3402.74842 N,08407.11370 W,301.8,10,1.06,1.292,2.08,1.06,0.5506663818359374,0.6153098266601562,-9.94072529296875,-2.618320610687023,-0.9236641221374046,0.6259541984732825,24.81235294117647
1761617419,3402.74842 N,08407.11370 W,301.8,10,1.06,1.292,2.08,1.06,0.603338818359375,0.70868369140625,-9.794678991699218,-2.9236641221374047,-1.0916030534351144,1.0076335877862594,24.953529411764706
1761617420,3402.74842 N,08407.11370 W,301.8,10,1.06,0.263,2.08,1.06,0.612915625,0.74699091796875,-9.773131176757811,-3.1526717557251906,-1.1068702290076335,1.3129770992366412,24.953529411764706
1761617421,3402.74842 N,08407.11370 W,301.8,10,1.06,0.263,2.08,1.06,0.5458779785156249,0.70868369140625,-9.720458740234374,-2.9160305343511452,-0.8320610687022901,1.1374045801526718,24.906470588235294
1761617422,3402.74832 N,08407.11365 W,301.8,10,1.06,0.263,2.08,1.06,0.5961562133789062,0.7661445312499999,-9.672574707031249,-2.9160305343511452,-1.1221374045801527,0.9236641221374046,24.953529411764706
1761617423,3402.74832 N,08407.11365 W,301.8,10,1.06,0.263,2.08,1.06,0.47884033203125,0.7637503295898437,-9.713276135253906,-2.633587786259542,-1.0305343511450382,0.9312977099236641,24.906470588235294
1761617424,3402.74832 N,08407.11365 W,301.8,10,1.06,0.263,2.08,1.06,0.737414111328125,0.7876923461914062,-9.749189160156249,-2.9083969465648853,-0.9694656488549618,0.9389312977099237,24.906470588235294
1761617425,3402.74832 N,08407.11365 W,301.8,10,1.06,0.263,2.08,1.06,0.5746083984375,0.7613561279296874,-9.658209497070311,-2.7022900763358777,-0.9389312977099237,1.0229007633587786,24.906470588235294
1761617426,3402.74832 N,08407.11365 W,301.8,10,1.06,0.263,2.08,1.06,0.5722141967773438,0.7637503295898437,-9.832986218261718,-2.9389312977099236,-1.0458015267175573,1.1145038167938932,24.953529411764706
1761617427,3402.74832 N,08407.11365 W,301.8,10,1.06,0.263,2.08,1.06,0.5698199951171875,0.7445967163085937,-9.773131176757811,-2.2748091603053435,-0.9389312977099237,0.16793893129770993,25.000588235294117
1761617428,3402.74832 N,08407.11365 W,301.8,10,1.06,0.576,2.08,1.06,0.6081272216796875,0.8307879760742187,-9.773131176757811,-2.7022900763358777,-0.9465648854961832,0.9236641221374046,25.000588235294117
1761617429,3402.74832 N,08407.11365 W,301.8,10,1.06,0.576,2.08,1.06,0.5626373901367188,0.8307879760742187,-9.665392102050781,-2.687022900763359,-0.816793893129771,1.297709923664122,24.906470588235294
1761617430,3402.74831 N,08407.11371 W,301.7,09,1.22,0.576,2.08,1.06,0.59376201171875,0.7996633544921875,-9.777919580078125,-2.7099236641221376,-1.251908396946565,1.251908396946565,24.859411764705882
1761617431,3402.74831 N,08407.11371 W,301.7,09,1.22,0.576,2.28,1.22,0.5865794067382812,0.6200982299804687,-9.624690673828125,-2.6717557251908395,-1.0534351145038168,0.7862595419847328,24.953529411764706
1761617432,3402.74831 N,08407.11371 W,301.7,09,1.22,0.576,2.28,1.22,0.5817910034179687,0.7589619262695312,-9.718064538574218,-2.900763358778626,-1.083969465648855,0.8244274809160306,25.000588235294117
1761617433,3402.74831 N,08407.11371 W,301.7,09,1.22,0.576,2.28,1.22,0.4644751220703125,0.7876923461914062,-9.797073193359374,-3.0076335877862594,-1.0,0.9847328244274809,24.953529411764706
1761617434,3402.74831 N,08407.11371 W,301.7,09,1.22,0.576,2.28,1.22,0.5674257934570313,0.7206546997070312,-9.660603698730467,-2.7022900763358777,-0.9465648854961832,0.15267175572519084,24.906470588235294
1761617435,3402.74831 N,08407.11371 W,301.7,09,1.22,0.576,2.28,1.22,0.6081272216796875,0.7613561279296874,-9.749189160156249,-2.717557251908397,-1.1374045801526718,1.6106870229007633,24.859411764705882
1761617436,3402.74831 N,08407.11371 W,301.7,09,1.22,0.432,2.28,1.22,0.6416460449218749,0.7948749511718749,-9.648632690429688,-4.251908396946565,-1.3511450381679388,2.49618320610687,24.859411764705882
1761617437,3402.74831 N,08407.11371 W,301.7,09,1.22,0.432,2.28,1.22,0.6105214233398437,0.82360537109375,-9.746794958496093,-2.6106870229007635,-0.9847328244274809,0.7022900763358778,24.906470588235294
1761617438,3402.74837 N,08407.11354 W,301.7,10,1.06,0.432,2.28,1.22,0.469263525390625,0.8930372192382812,-9.696516723632811,-3.0076335877862594,-1.1908396946564885,1.0229007633587786,24.953529411764706
1761617439,3402.74837 N,08407.11354 W,301.7,10,1.06,0.432,2.08,1.06,0.5506663818359374,0.814028564453125,-9.777919580078125,-2.267175572519084,-0.8091603053435115,0.8702290076335878,24.953529411764706
1761617440,3402.74837 N,08407.11354 W,301.7,10,1.06,0.432,2.08,1.06,0.5674257934570313,0.8188169677734375,-9.777919580078125,-2.549618320610687,-1.0687022900763359,0.732824427480916,25.000588235294117
1761617441,3402.74837 N,08407.11354 W,301.7,10,1.06,0.432,2.08,1.06,0.49799394531249996,0.7350199096679687,-9.753977563476562,-3.7251908396946565,-0.9770992366412213,2.33587786259542,25.04764705882353
1761617442,3402.74837 N,08407.11354 W,301.7,10,1.06,0.432,2.08,1.06,0.7158662963867187,0.7038952880859375,-9.809044201660155,-2.6793893129770994,-1.099236641221374,0.7633587786259542,24.953529411764706
1761617443,3402.74837 N,08407.11354 W,301.7,10,1.06,0.432,2.08,1.06,0.5817910034179687,0.7661445312499999,-9.789890588378906,-3.1374045801526718,-1.1068702290076335,1.2366412213740459,24.953529411764706
1761617444,3402.74837 N,08407.11354 W,301.7,10,1.06,0.264,2.08,1.06,0.5339069702148437,0.7876923461914062,-9.773131176757811,-2.9923664122137406,-1.1984732824427482,1.2366412213740459,24.906470588235294
1761617445,3402.74837 N,08407.11354 W,301.7,10,1.06,0.264,2.08,1.06,0.6416460449218749,0.7972691528320313,-9.770736975097655,-2.816793893129771,-1.183206106870229,0.9465648854961832,25.000588235294117
1761617446,3402.74849 N,08407.11319 W,301.7,10,1.06,0.264,2.08,1.06,0.5865794067382812,0.7589619262695312,-9.797073193359374,-2.854961832061069,-1.3282442748091603,1.0610687022900764,24.953529411764706
1761617447,3402.74849 N,08407.11319 W,301.7,10,1.06,0.264,2.08,1.06,0.6153098266601562,0.7876923461914062,-9.718064538574218,-3.0229007633587788,-1.3282442748091603,1.251908396946565,24.953529411764706
1761617448,3402.74849 N,08407.11319 W,301.7,10,1.06,0.264,2.08,1.06,0.6536170532226562,0.8044517578125,-9.801861596679688,-2.9389312977099236,-1.0381679389312977,0.9847328244274809,24.906470588235294
1761617449,3402.74849 N,08407.11319 W,301.7,10,1.06,0.264,2.08,1.06,0.5530605834960938,0.8283937744140625,-9.782707983398437,-2.984732824427481,-1.0763358778625953,1.183206106870229,24.859411764705882
1761617450,3402.74849 N,08407.11319 W,301.7,10,1.06,0.264,2.08,1.06,0.5817910034179687,0.7517793212890624,-9.660603698730467,-2.900763358778626,-1.1755725190839694,0.9923664122137404,24.953529411764706
1761617451,3402.74849 N,08407.11319 W,301.7,10,1.06,0.264,2.08,1.06,0.5410895751953124,0.7709329345703124,-9.732429748535155,-2.9770992366412212,-1.2213740458015268,1.1526717557251909,24.906470588235294
1761617452,3402.74849 N,08407.11319 W,301.7,10,1.06,0.207,2.08,1.06,0.6488286499023437,0.7661445312499999,-9.76116016845703,-3.404580152671756,-1.2671755725190839,2.198473282442748,24.953529411764706
1761617453,3402.74849 N,08407.11319 W,301.7,10,1.06,0.207,2.08,1.06,0.5793968017578125,0.7565677246093749,-9.89523546142578,-2.7022900763358777,-1.0687022900763359,0.8091603053435115,24.953529411764706
1761617454,3402.74851 N,08407.11317 W,301.7,10,1.06,0.207,2.08,1.06,0.6177040283203125,0.7589619262695312,-9.674968908691406,-2.7557251908396947,-1.0916030534351144,0.6793893129770993,24.859411764705882
1761617455,3402.74851 N,08407.11317 W,301.7,10,1.06,0.207,2.08,1.06,0.5243301635742187,0.689530078125,-9.64623848876953,-1.2671755725190839,-0.8625954198473282,-0.42748091603053434,24.953529411764706
1761617456,3402.74851 N,08407.11317 W,301.7,10,1.06,0.207,2.08,1.06,0.5817910034179687,0.7422025146484375,-9.770736975097655,-2.687022900763359,-1.0381679389312977,0.8625954198473282,24.906470588235294
1761617457,3402.74851 N,08407.11317 W,301.7,10,1.06,0.207,2.08,1.06,0.5315127685546874,0.7278373046875,-9.662997900390625,-2.83206106870229,-0.8625954198473282,1.0458015267175573,24.906470588235294
1761617458,3402.74851 N,08407.11317 W,301.7,10,1.06,0.207,2.08,1.06,0.6177040283203125,0.8307879760742187,-9.789890588378906,-2.648854961832061,-0.9312977099236641,0.7480916030534351,24.953529411764706
1761617459,3402.74851 N,08407.11317 W,301.7,10,1.06,0.207,2.08,1.06,0.5865794067382812,0.679953271484375,-9.801861596679688,-2.984732824427481,-1.0610687022900764,1.1068702290076335,24.81235294117647
1761617460,3402.74851 N,08407.11317 W,301.7,10,1.06,0.040,2.08,1.06,0.5386953735351562,0.7398083129882812,-9.730035546875,-2.7786259541984735,-1.0916030534351144,1.015267175572519,25.000588235294117
1761617461,3402.74851 N,08407.11317 W,301.7,10,1.06,0.040,2.08,1.06,0.603338818359375,0.7996633544921875,-9.696516723632811,-2.946564885496183,-1.1297709923664123,1.1450381679389312,25.000588235294117
1761617462,3402.74867 N,08407.11314 W,301.5,10,1.14,0.040,2.08,1.06,0.5482721801757812,0.7613561279296874,-9.74200655517578,-3.0076335877862594,-1.1297709923664123,1.0687022900763359,24.81235294117647
1761617463,3402.74867 N,08407.11314 W,301.5,10,1.14,0.040,2.39,1.14,0.47165772705078124,0.9145850341796874,-9.715670336914062,-2.66412213740458,-1.1984732824427482,0.8549618320610687,24.906470588235294
1761617464,3402.74867 N,08407.11314 W,301.5,10,1.14,0.040,2.39,1.14,0.5482721801757812,0.814028564453125,-9.598354455566406,-4.343511450381679,-2.633587786259542,2.83206106870229,24.906470588235294
1761617465,3402.74867 N,08407.11314 W,301.5,10,1.14,0.040,2.39,1.14,0.6200982299804687,0.7613561279296874,-9.770736975097655,-2.6106870229007635,-1.1755725190839694,0.7557251908396947,24.953529411764706
1761617466,3402.74867 N,08407.11314 W,301.5,10,1.14,0.040,2.39,1.14,0.5770026000976562,0.6823474731445313,-9.756371765136718,-3.3053435114503817,-1.0763358778625953,1.2748091603053435,24.906470588235294
1761617467,3402.74867 N,08407.11314 W,301.5,10,1.14,0.040,2.39,1.14,0.5746083984375,0.7350199096679687,-9.76116016845703,-3.045801526717557,-1.0458015267175573,1.1603053435114503,25.000588235294117
1761617468,3402.74867 N,08407.11314 W,301.5,10,1.14,0.144,2.39,1.14,0.5602431884765625,0.9097966308593749,-9.710881933593749,-2.618320610687023,-1.183206106870229,0.5725190839694656,24.859411764705882
1761617469,3402.74867 N,08407.11314 W,301.5,10,1.14,0.144,2.39,1.14,0.6009446166992187,0.7709329345703124,-9.725247143554688,-2.9770992366412212,-1.1374045801526718,1.3206106870229009,24.906470588235294
1761617470,3402.74869 N,08407.11320 W,301.3,10,1.06,0.144,2.39,1.14,0.5746083984375,0.6488286499023437,-9.892841259765625,-3.0610687022900764,-1.1145038167938932,1.251908396946565,24.906470588235294
1761617471,3402.74869 N,08407.11320 W,301.3,10,1.06,0.144,2.08,1.06,0.5506663818359374,0.7757213378906249,-9.789890588378906,-3.236641221374046,-1.2213740458015268,0.9389312977099237,24.859411764705882
1761617472,3402.74869 N,08407.11320 W,301.3,10,1.06,0.144,2.08,1.06,0.584185205078125,0.8475473876953125,-9.753977563476562,-2.931297709923664,-1.16793893129771,0.9389312977099237,24.953529411764706
1761617473,3402.74869 N,08407.11320 W,301.3,10,1.06,0.144,2.08,1.06,0.6009446166992187,0.7278373046875,-9.677363110351562,-3.0610687022900764,-1.1221374045801527,1.1068702290076335,24.953529411764706
1761617474,3402.74869 N,08407.11320 W,301.3,10,1.06,0.144,2.08,1.06,0.5482721801757812,0.699106884765625,-9.777919580078125,-2.885496183206107,-1.0610687022900764,1.0763358778625953,24.906470588235294
1761617475,3402.74869 N,08407.11320 W,301.3,10,1.06,0.144,2.08,1.06,0.5985504150390625,0.6153098266601562,-9.785102185058593,-2.854961832061069,-0.9694656488549618,0.9236641221374046,25.000588235294117
1761617476,3402.74869 N,08407.11320 W,301.3,10,1.06,0.185,2.08,1.06,0.5674257934570313,0.7805097412109374,-9.809044201660155,-3.1297709923664123,-1.1145038167938932,0.9847328244274809,24.906470588235294
1761617477,3402.74869 N,08407.11320 W,301.3,10,1.06,0.185,2.08,1.06,0.5458779785156249,0.6727706665039062,-9.785102185058593,-2.969465648854962,-0.8091603053435115,1.0534351145038168,24.906470588235294
1761617478,3402.74873 N,08407.11344 W,301.1,11,1.06,0.185,2.08,1.06,0.5770026000976562,0.7589619262695312,-9.758765966796874,-2.885496183206107,-1.0229007633587786,0.9923664122137404,24.859411764705882
1761617479,3402.74873 N,08407.11344 W,301.1,11,1.06,0.185,2.08,1.06,0.5434837768554687,0.7326257080078125,-9.725247143554688,-3.0610687022900764,-0.8931297709923665,1.0458015267175573,24.906470588235294
1761617480,3402.74873 N,08407.11344 W,301.1,11,1.06,0.185,2.08,1.06,0.6105214233398437,0.7948749511718749,-9.737218151855469,-2.9770992366412212,-0.9923664122137404,1.183206106870229,24.906470588235294
1761617481,3402.74873 N,08407.11344 W,301.1,11,1.06,0.185,2.08,1.06,0.6177040283203125,0.74699091796875,-9.662997900390625,-3.1603053435114505,-1.183206106870229,1.0305343511450382,24.81235294117647
1761617482,3402.74873 N,08407.11344 W,301.1,11,1.06,0.185,2.08,1.06,0.6057330200195312,0.737414111328125,-9.7683427734375,-3.1908396946564888,-1.1297709923664123,1.3129770992366412,24.81235294117647
1761617483,3402.74873 N,08407.11344 W,301.1,11,1.06,0.185,2.08,1.06,0.5602431884765625,0.7398083129882812,-9.801861596679688,-2.717557251908397,-1.1908396946564885,0.7786259541984732,25.000588235294117
1761617484,3402.74873 N,08407.11344 W,301.1,11,1.06,0.285,2.08,1.06,0.612915625,0.7805097412109374,-9.708487731933593,-2.8244274809160306,-1.213740458015267,0.9389312977099237,25.000588235294117
1761617485,3402.74873 N,08407.11344 W,301.1,11,1.06,0.285,2.08,1.06,0.584185205078125,0.7517793212890624,-9.739612353515625,-3.282442748091603,-1.1221374045801527,1.4427480916030535,24.81235294117647
1761617486,3402.74877 N,08407.11359 W,300.7,11,1.06,0.285,2.08,1.06,0.6536170532226562,0.7996633544921875,-9.813832604980469,-2.5572519083969465,-1.0610687022900764,0.7099236641221374,24.953529411764706
1761617487,3402.74877 N,08407.11359 W,300.7,11,1.06,0.285,2.08,1.06,0.5961562133789062,0.7302315063476562,-9.770736975097655,-2.9160305343511452,-0.9770992366412213,1.213740458015267,25.000588235294117
1761617488,3402.74877 N,08407.11359 W,300.7,11,1.06,0.285,2.08,1.06,0.6416460449218749,0.7733271362304687,-9.782707983398437,-3.5267175572519083,-0.9694656488549618,1.1374045801526718,24.906470588235294
1761617489,3402.74877 N,08407.11359 W,300.7,11,1.06,0.285,2.08,1.06,0.5889736083984375,0.8283937744140625,-9.74200655517578,-3.3206106870229006,-1.0610687022900764,1.7099236641221374,24.906470588235294
1761617490,3402.74877 N,08407.11359 W,300.7,11,1.06,0.285,2.08,1.06,0.5913678100585937,0.679953271484375,-9.725247143554688,-2.8091603053435112,-0.9236641221374046,0.8854961832061069,24.859411764705882
1761617491,3402.74877 N,08407.11359 W,300.7,11,1.06,0.285,2.08,1.06,0.584185205078125,0.7350199096679687,-9.744400756835937,-3.114503816793893,-1.0916030534351144,1.282442748091603,24.906470588235294
1761617492,3402.74877 N,08407.11359 W,300.7,11,1.06,0.254,2.08,1.06,0.47644613037109373,0.82360537109375,-9.749189160156249,-3.4656488549618323,-1.1068702290076335,1.3358778625954197,24.76529411764706
1761617493,3402.74877 N,08407.11359 W,300.7,11,1.06,0.254,2.08,1.06,0.5410895751953124,0.7613561279296874,-9.811438403320311,-3.099236641221374,-1.0763358778625953,0.9847328244274809,24.953529411764706
1761617494,3402.74879 N,08407.11373 W,300.3,11,1.06,0.254,2.08,1.06,0.5865794067382812,0.7733271362304687,-9.74200655517578,-2.7251908396946565,-1.083969465648855,0.8854961832061069,24.953529411764706
1761617495,3402.74879 N,08407.11373 W,300.3,11,1.06,0.254,2.08,1.06,0.5770026000976562,0.6153098266601562,-9.904812268066406,-3.015267175572519,-1.0381679389312977,1.083969465648855,24.81235294117647
1761617496,3402.74879 N,08407.11373 W,300.3,11,1.06,0.254,2.08,1.06,0.5793968017578125,0.7661445312499999,-9.787496386718749,-2.900763358778626,-1.0687022900763359,0.9312977099236641,24.953529411764706
1761617497,3402.74879 N,08407.11373 W,300.3,11,1.06,0.254,2.08,1.06,0.6105214233398437,0.7924807495117187,-9.727641345214844,-3.1603053435114505,-1.083969465648855,1.1450381679389312,24.906470588235294
1761617498,3402.74879 N,08407.11373 W,300.3,11,1.06,0.254,2.08,1.06,0.6416460449218749,0.8355763793945312,-9.7683427734375,-2.954198473282443,-0.9389312977099237,1.2442748091603053,24.953529411764706
1761617499,3402.74879 N,08407.11373 W,300.3,11,1.06,0.254,2.08,1.06,0.5770026000976562,0.7685387329101562,-9.708487731933593,-3.030534351145038,-1.297709923664122,1.2213740458015268,24.906470588235294
1761617500,3402.74879 N,08407.11373 W,300.3,11,1.06,0.247,2.08,1.06,0.6081272216796875,0.7781155395507812,-9.698910925292969,-3.0229007633587788,-1.083969465648855,1.1984732824427482,24.906470588235294
1761617501,3402.74879 N,08407.11373 W,300.3,11,1.06,0.247,2.08,1.06,0.5722141967773438,0.7493851196289062,-9.804255798339844,-2.8625954198473282,-1.2290076335877862,1.0381679389312977,24.906470588235294
1761617502,3402.74885 N,08407.11380 W,299.9,10,1.06,0.247,2.08,1.06,0.5889736083984375,0.8978256225585937,-9.751583361816406,-2.900763358778626,-1.1145038167938932,1.015267175572519,24.859411764705882
1761617503,3402.74885 N,08407.11380 W,299.9,10,1.06,0.247,2.08,1.06,0.5626373901367188,0.7493851196289062,-9.897629663085937,-3.0229007633587788,-0.9923664122137404,0.9770992366412213,24.953529411764706
1761617504,3402.74885 N,08407.11380 W,299.9,10,1.06,0.247,2.08,1.06,0.6057330200195312,0.7733271362304687,-9.730035546875,-3.0839694656488548,-1.1526717557251909,1.16793893129771,24.906470588235294
1761617505,3402.74885 N,08407.11380 W,299.9,10,1.06,0.247,2.08,1.06,0.5698199951171875,0.7493851196289062,-9.6917283203125,-2.786259541984733,-1.0687022900763359,1.0,24.906470588235294
1761617506,3402.74885 N,08407.11380 W,299.9,10,1.06,0.247,2.08,1.06,0.7062894897460937,0.8020575561523438,-9.734823950195311,-3.015267175572519,-1.0305343511450382,1.2213740458015268,24.906470588235294
1761617507,3402.74885 N,08407.11380 W,299.9,10,1.06,0.247,2.08,1.06,0.6392518432617187,0.7924807495117187,-9.744400756835937,-3.053435114503817,-1.0458015267175573,0.8931297709923665,24.953529411764706
1761617508,3402.74885 N,08407.11380 W,299.9,10,1.06,0.284,2.08,1.06,0.5698199951171875,0.8930372192382812,-9.753977563476562,-3.0076335877862594,-1.1603053435114503,1.0381679389312977,24.906470588235294
1761617509,3402.74885 N,08407.11380 W,299.9,10,1.06,0.284,2.08,1.06,0.5482721801757812,0.7613561279296874,-9.823409411621093,-3.114503816793893,-1.1145038167938932,1.015267175572519,24.953529411764706
1761617510,3402.74880 N,08407.11391 W,299.4,10,1.06,0.284,2.08,1.06,0.6296750366210937,0.7206546997070312,-9.746794958496093,-2.8702290076335877,-1.0610687022900764,1.083969465648855,24.81235294117647
1761617511,3402.74880 N,08407.11391 W,299.4,10,1.06,0.284,2.08,1.06,0.3184288208007812,0.9121908325195311,-9.706093530273437,-2.5114503816793894,-0.5954198473282443,1.1755725190839694,24.906470588235294
1761617512,3402.74880 N,08407.11391 W,299.4,10,1.06,0.284,2.08,1.06,0.5243301635742187,0.8188169677734375,-9.727641345214844,-3.3435114503816794,-1.2366412213740459,1.3587786259541985,24.906470588235294
1761617513,3402.74880 N,08407.11391 W,299.4,10,1.06,0.284,2.08,1.06,0.565031591796875,0.8762778076171874,-9.679757312011718,-2.7251908396946565,-1.1068702290076335,0.7099236641221374,24.906470588235294
1761617514,3402.74880 N,08407.11391 W,299.4,10,1.06,0.284,2.08,1.06,0.5099649536132812,0.8762778076171874,-9.667786303710937,-3.7099236641221376,-3.8396946564885495,2.4885496183206106,24.81235294117647
1761617515,3402.74880 N,08407.11391 W,299.4,10,1.06,0.284,2.08,1.06,0.5410895751953124,0.9169792358398436,-9.710881933593749,-3.045801526717557,-1.099236641221374,0.7251908396946565,24.953529411764706
1761617517,3402.74880 N,08407.11391 W,299.4,10,1.06,0.347,2.08,1.06,0.718260498046875,0.6512228515624999,-9.749189160156249,-2.4580152671755724,-1.2061068702290076,0.4198473282442748,24.81235294117647
1761617518,3402.74880 N,08407.11391 W,299.4,10,1.06,0.347,2.08,1.06,0.603338818359375,0.7254431030273437,-9.672574707031249,-4.2748091603053435,-1.0381679389312977,2.0610687022900764,24.953529411764706
1761617519,3402.74883 N,08407.11400 W,299.0,10,1.06,0.347,2.08,1.06,0.7398083129882812,0.8762778076171874,-9.773131176757811,-2.6946564885496183,-0.9312977099236641,1.0763358778625953,24.906470588235294
1761617520,3402.74883 N,08407.11400 W,299.0,10,1.06,0.347,2.08,1.06,0.584185205078125,0.6967126831054687,-9.710881933593749,-2.8473282442748094,-1.0,1.2213740458015268,24.859411764705882
1761617521,3402.74883 N,08407.11400 W,299.0,10,1.06,0.347,2.08,1.06,0.5722141967773438,0.8834604125976562,-9.787496386718749,-2.404580152671756,-1.0687022900763359,1.251908396946565,24.81235294117647
1761617522,3402.74883 N,08407.11400 W,299.0,10,1.06,0.347,2.08,1.06,0.5339069702148437,0.8786720092773437,-9.6917283203125,-2.801526717557252,-1.183206106870229,0.9694656488549618,24.906470588235294
1761617523,3402.74883 N,08407.11400 W,299.0,10,1.06,0.347,2.08,1.06,0.6272808349609375,0.7278373046875,-9.782707983398437,-2.717557251908397,-0.9389312977099237,0.7099236641221374,24.859411764705882
1761617524,3402.74883 N,08407.11400 W,299.0,10,1.06,0.347,2.08,1.06,0.5746083984375,0.7493851196289062,-9.785102185058593,-2.931297709923664,-1.0610687022900764,1.083969465648855,24.953529411764706
1761617525,3402.74883 N,08407.11400 W,299.0,10,1.06,0.372,2.08,1.06,0.6105214233398437,0.9074024291992187,-9.919177478027343,-3.045801526717557,-1.0305343511450382,1.1908396946564885,24.953529411764706
1761617526,3402.74883 N,08407.11400 W,299.0,10,1.06,0.372,2.08,1.06,0.5746083984375,0.7924807495117187,-9.773131176757811,-2.7557251908396947,-1.1221374045801527,1.1984732824427482,25.000588235294117
1761617527,3402.74884 N,08407.11411 W,298.7,10,1.06,0.372,2.08,1.06,0.565031591796875,0.814028564453125,-9.777919580078125,-2.8396946564885495,-1.0763358778625953,0.9923664122137404,24.859411764705882
1761617528,3402.74884 N,08407.11411 W,298.7,10,1.06,0.372,2.08,1.06,0.6153098266601562,0.7900865478515624,-9.81862100830078,-2.8625954198473282,-1.0763358778625953,1.1603053435114503,24.953529411764706
1761617529,3402.74884 N,08407.11411 W,298.7,10,1.06,0.372,2.08,1.06,0.63206923828125,0.737414111328125,-9.746794958496093,-3.030534351145038,-1.16793893129771,1.0534351145038168,25.000588235294117
1761617530,3402.74884 N,08407.11411 W,298.7,10,1.06,0.372,2.08,1.06,0.5889736083984375,0.8906430175781249,-9.68454571533203,-2.854961832061069,-1.1984732824427482,1.1221374045801527,24.906470588235294
1761617531,3402.74884 N,08407.11411 W,298.7,10,1.06,0.372,2.08,1.06,0.565031591796875,0.6967126831054687,-9.82580361328125,-2.687022900763359,-1.1908396946564885,0.9694656488549618,24.906470588235294
1761617532,3402.74884 N,08407.11411 W,298.7,10,1.06,0.372,2.08,1.06,0.5674257934570313,0.7110778930664062,-9.732429748535155,-2.7404580152671754,-1.1526717557251909,0.9541984732824428,24.906470588235294
1761617533,3402.74884 N,08407.11411 W,298.7,10,1.06,0.303,2.08,1.06,0.6296750366210937,0.7900865478515624,-9.835380419921874,-3.1526717557251906,-1.0458015267175573,1.5038167938931297,24.906470588235294
1761617534,3402.74884 N,08407.11411 W,298.7,10,1.06,0.303,2.08,1.06,0.4644751220703125,0.6296750366210937,-9.718064538574218,-2.6717557251908395,-1.183206106870229,0.9236641221374046,25.000588235294117
1761617535,3402.74886 N,08407.11418 W,298.4,11,1.06,0.303,2.08,1.06,0.5243301635742187,0.6177040283203125,-9.660603698730467,-2.7251908396946565,-1.0687022900763359,0.8320610687022901,24.859411764705882
1761617536,3402.74886 N,08407.11418 W,298.4,11,1.06,0.303,2.08,1.06,0.5674257934570313,0.6200982299804687,-9.763554370117188,-2.213740458015267,-0.9312977099236641,-0.10687022900763359,24.906470588235294
1761617537,3402.74886 N,08407.11418 W,298.4,11,1.06,0.303,2.08,1.06,0.5363011718749999,0.7589619262695312,-9.732429748535155,-3.2900763358778624,-1.1450381679389312,1.4809160305343512,24.859411764705882
1761617538,3402.74886 N,08407.11418 W,298.4,11,1.06,0.303,2.08,1.06,0.5626373901367188,0.7062894897460937,-9.732429748535155,-2.8396946564885495,-1.1145038167938932,0.9618320610687023,24.81235294117647
1761617539,3402.74886 N,08407.11418 W,298.4,11,1.06,0.303,2.08,1.06,0.55545478515625,0.7781155395507812,-9.816226806640625,-2.5572519083969465,-0.48854961832061067,0.7099236641221374,25.04764705882353
1761617540,3402.74886 N,08407.11418 W,298.4,11,1.06,0.303,2.08,1.06,0.5817910034179687,0.7661445312499999,-9.72285294189453,-2.7099236641221376,-0.9083969465648855,0.6564885496183206,24.906470588235294
1761617541,3402.74886 N,08407.11418 W,298.4,11,1.06,0.192,2.08,1.06,0.5315127685546874,0.7996633544921875,-9.765948571777344,-2.5419847328244276,-1.0381679389312977,0.7251908396946565,24.953529411764706
1761617542,3402.74886 N,08407.11418 W,298.4,11,1.06,0.192,2.08,1.06,0.6296750366210937,0.7254431030273437,-9.797073193359374,-2.8396946564885495,-0.9236641221374046,1.1603053435114503,24.859411764705882
1761617543,3402.74886 N,08407.11434 W,297.8,11,1.06,0.192,2.08,1.06,0.5722141967773438,0.7900865478515624,-9.730035546875,-3.0839694656488548,-0.9694656488549618,1.183206106870229,25.04764705882353
1761617544,3402.74886 N,08407.11434 W,297.8,11,1.06,0.192,2.08,1.06,0.55545478515625,0.7589619262695312,-9.888052856445311,-3.0839694656488548,-1.2290076335877862,1.4122137404580153,25.000588235294117
1761617545,3402.74886 N,08407.11434 W,297.8,11,1.06,0.192,2.08,1.06,0.4644751220703125,0.8068459594726562,-9.91438907470703,-3.1297709923664123,-1.1603053435114503,1.0763358778625953,24.859411764705882
1761617546,3402.74886 N,08407.11434 W,297.8,11,1.06,0.192,2.08,1.06,0.5865794067382812,0.7589619262695312,-9.777919580078125,-3.16793893129771,-1.0610687022900764,1.1603053435114503,24.859411764705882
1761617547,3402.74886 N,08407.11434 W,297.8,11,1.06,0.192,2.08,1.06,0.5698199951171875,0.8762778076171874,-9.770736975097655,-3.0610687022900764,-0.9694656488549618,1.4198473282442747,24.953529411764706
1761617548,3402.74886 N,08407.11434 W,297.8,11,1.06,0.192,2.08,1.06,0.5602431884765625,0.737414111328125,-9.775525378417969,-2.9236641221374047,-1.16793893129771,0.9847328244274809,24.906470588235294
1761617549,3402.74886 N,08407.11434 W,297.8,11,1.06,0.123,2.08,1.06,0.5578489868164063,0.9097966308593749,-9.72285294189453,-2.8931297709923665,-1.2061068702290076,1.0076335877862594,25.000588235294117
1761617550,3402.74886 N,08407.11434 W,297.8,11,1.06,0.123,2.08,1.06,0.4908113403320312,0.7302315063476562,-9.785102185058593,-3.366412213740458,-1.1068702290076335,1.5801526717557253,24.906470588235294
1761617551,3402.74885 N,08407.11430 W,297.6,11,1.06,0.123,2.08,1.06,0.5674257934570313,0.7158662963867187,-9.78031378173828,-3.1526717557251906,-1.3282442748091603,1.297709923664122,25.000588235294117
1761617552,3402.74885 N,08407.11430 W,297.6,11,1.06,0.123,2.08,1.06,0.5626373901367188,0.74699091796875,-9.8449572265625,-2.7938931297709924,-1.0381679389312977,1.0381679389312977,24.953529411764706
1761617553,3402.74885 N,08407.11430 W,297.6,11,1.06,0.123,2.08,1.06,0.5817910034179687,0.7541735229492187,-9.753977563476562,-3.0076335877862594,-1.2366412213740459,1.0534351145038168,25.000588235294117
1761617554,3402.74885 N,08407.11430 W,297.6,11,1.06,0.123,2.08,1.06,0.5722141967773438,0.7613561279296874,-9.753977563476562,-2.8091603053435112,-0.9770992366412213,0.9389312977099237,24.906470588235294
1761617555,3402.74885 N,08407.11430 W,297.6,11,1.06,0.123,2.08,1.06,0.5482721801757812,0.7613561279296874,-9.789890588378906,-2.816793893129771,-1.0916030534351144,0.9541984732824428,24.953529411764706
1761617556,3402.74885 N,08407.11430 W,297.6,11,1.06,0.123,2.08,1.06,0.6177040283203125,0.737414111328125,-9.725247143554688,-2.900763358778626,-1.0,1.0610687022900764,24.953529411764706
1761617557,3402.74885 N,08407.11430 W,297.6,11,1.06,0.109,2.08,1.06,0.7302315063476562,0.7254431030273437,-9.730035546875,-2.7786259541984735,-0.8473282442748091,1.0076335877862594,24.906470588235294
1761617558,3402.74885 N,08407.11430 W,297.6,11,1.06,0.109,2.08,1.06,0.5793968017578125,0.7661445312499999,-9.662997900390625,-2.885496183206107,-1.1297709923664123,1.2366412213740459,24.906470588235294
1761617559,3402.74884 N,08407.11431 W,297.4,11,1.06,0.109,2.08,1.06,0.5602431884765625,0.9145850341796874,-9.926360083007811,-2.900763358778626,-0.9618320610687023,1.1221374045801527,24.906470588235294
1761617560,3402.74884 N,08407.11431 W,297.4,11,1.06,0.109,2.08,1.06,0.6081272216796875,0.7685387329101562,-9.794678991699218,-2.8702290076335877,-1.0534351145038168,1.1068702290076335,25.04764705882353
1761617561,3402.74884 N,08407.11431 W,297.4,11,1.06,0.109,2.08,1.06,0.7589619262695312,0.7829039428710937,-9.770736975097655,-2.618320610687023,-1.083969465648855,0.6030534351145038,25.000588235294117
1761617562,3402.74884 N,08407.11431 W,297.4,11,1.06,0.109,2.08,1.06,0.5602431884765625,0.74699091796875,-9.76116016845703,-2.954198473282443,-1.2671755725190839,1.0,24.953529411764706
1761617563,3402.74884 N,08407.11431 W,297.4,11,1.06,0.109,2.08,1.06,0.5267243652343749,0.9074024291992187,-9.787496386718749,-2.946564885496183,-1.0229007633587786,0.8244274809160306,24.906470588235294
1761617564,3402.74884 N,08407.11431 W,297.4,11,1.06,0.109,2.08,1.06,0.565031591796875,0.7709329345703124,-9.727641345214844,-2.854961832061069,-1.0458015267175573,1.0458015267175573,24.906470588235294
1761617565,3402.74884 N,08407.11431 W,297.4,11,1.06,0.070,2.08,1.06,0.5291185668945312,0.7805097412109374,-9.816226806640625,-2.786259541984733,-0.9923664122137404,1.015267175572519,24.953529411764706
1761617566,3402.74884 N,08407.11431 W,297.4,11,1.06,0.070,2.08,1.06,0.5913678100585937,0.7350199096679687,-9.725247143554688,-2.984732824427481,-1.099236641221374,1.1603053435114503,24.953529411764706
1761617567,3402.74886 N,08407.11433 W,297.1,11,1.06,0.070,2.08,1.06,0.5003881469726562,0.7637503295898437,-9.758765966796874,-3.6259541984732824,-1.4885496183206106,1.6488549618320612,24.953529411764706
1761617568,3402.74886 N,08407.11433 W,297.1,11,1.06,0.070,2.08,1.06,0.5722141967773438,0.8116343627929687,-9.7683427734375,-2.6946564885496183,-0.8702290076335878,0.916030534351145,25.000588235294117
1761617569,3402.74886 N,08407.11433 W,297.1,11,1.06,0.070,2.08,1.06,0.6081272216796875,0.7685387329101562,-9.909600671386718,-2.7557251908396947,-0.9312977099236641,0.916030534351145,25.000588235294117
1761617570,3402.74886 N,08407.11433 W,297.1,11,1.06,0.070,2.08,1.06,0.5458779785156249,0.7876923461914062,-9.739612353515625,-2.9618320610687023,-1.1755725190839694,1.0381679389312977,24.953529411764706
1761617571,3402.74886 N,08407.11433 W,297.1,11,1.06,0.070,2.08,1.06,0.5913678100585937,0.9097966308593749,-9.708487731933593,-2.931297709923664,-1.1145038167938932,1.1374045801526718,24.953529411764706
1761617572,3402.74886 N,08407.11433 W,297.1,11,1.06,0.070,2.08,1.06,0.5291185668945312,0.7948749511718749,-9.718064538574218,-2.9083969465648853,-0.8778625954198473,1.1221374045801527,24.906470588235294
1761617573,3402.74886 N,08407.11433 W,297.1,11,1.06,0.052,2.08,1.06,0.6081272216796875,0.82360537109375,-9.821015209960937,-2.595419847328244,-1.0076335877862594,1.3969465648854962,25.000588235294117
1761617574,3402.74886 N,08407.11433 W,297.1,11,1.06,0.052,2.08,1.06,0.47165772705078124,0.7781155395507812,-9.78031378173828,-2.9083969465648853,-0.9847328244274809,1.0305343511450382,25.000588235294117
1761617575,3402.74887 N,08407.11443 W,296.8,11,1.06,0.052,2.08,1.06,0.5506663818359374,0.7924807495117187,-9.713276135253906,-2.816793893129771,-0.8854961832061069,0.9847328244274809,24.953529411764706
1761617576,3402.74887 N,08407.11443 W,296.8,11,1.06,0.052,2.08,1.06,0.47644613037109373,0.6584054565429687,-9.696516723632811,-2.9770992366412212,-1.0458015267175573,0.9847328244274809,25.04764705882353
1761617577,3402.74887 N,08407.11443 W,296.8,11,1.06,0.052,2.08,1.06,0.5339069702148437,0.7589619262695312,-9.770736975097655,-3.1297709923664123,-0.9923664122137404,1.2061068702290076,24.906470588235294
1761617578,3402.74887 N,08407.11443 W,296.8,11,1.06,0.052,2.08,1.06,0.5865794067382812,0.7541735229492187,-9.775525378417969,-3.213740458015267,-1.0,1.8244274809160306,24.953529411764706
1761617579,3402.74887 N,08407.11443 W,296.8,11,1.06,0.052,2.08,1.06,0.5698199951171875,0.7517793212890624,-9.708487731933593,-2.9923664122137406,-1.1526717557251909,1.1450381679389312,25.04764705882353
1761617580,3402.74887 N,08407.11443 W,296.8,11,1.06,0.052,2.08,1.06,0.5243301635742187,0.7924807495117187,-9.706093530273437,-2.114503816793893,-0.9770992366412213,0.22900763358778625,24.953529411764706
1761617581,3402.74887 N,08407.11443 W,296.8,11,1.06,0.068,2.08,1.06,0.59376201171875,0.8259995727539062,-9.763554370117188,-3.0381679389312977,-1.0916030534351144,1.2671755725190839,24.953529411764706
1761617582,3402.74887 N,08407.11443 W,296.8,11,1.06,0.068,2.08,1.06,0.5889736083984375,0.7589619262695312,-9.797073193359374,-2.954198473282443,-1.0534351145038168,1.0610687022900764,24.906470588235294
1761617583,3402.74887 N,08407.11446 W,296.7,11,1.06,0.068,2.08,1.06,0.4644751220703125,0.7733271362304687,-9.753977563476562,-3.1374045801526718,-1.213740458015267,1.1755725190839694,24.953529411764706
1761617584,3402.74887 N,08407.11446 W,296.7,11,1.06,0.068,2.08,1.06,0.5530605834960938,0.9002198242187499,-9.749189160156249,-2.83206106870229,-1.1450381679389312,0.7557251908396947,25.000588235294117
1761617585,3402.74887 N,08407.11446 W,296.7,11,1.06,0.068,2.08,1.06,0.47644613037109373,0.7661445312499999,-9.727641345214844,-3.2061068702290076,-1.0458015267175573,1.3740458015267176,25.000588235294117
1761617586,3402.74887 N,08407.11446 W,296.7,11,1.06,0.068,2.08,1.06,0.5602431884765625,0.737414111328125,-9.758765966796874,-2.5801526717557253,-1.0610687022900764,0.648854961832061,25.000588235294117
1761617587,3402.74887 N,08407.11446 W,296.7,11,1.06,0.068,2.08,1.06,0.5410895751953124,0.7876923461914062,-9.823409411621093,-2.9083969465648853,-1.1068702290076335,0.7709923664122137,25.000588235294117
1761617588,3402.74887 N,08407.11446 W,296.7,11,1.06,0.068,2.08,1.06,0.5746083984375,0.8164227661132812,-9.708487731933593,-2.946564885496183,-0.9541984732824428,1.2748091603053435,24.859411764705882
1761617589,3402.74887 N,08407.11446 W,296.7,11,1.06,0.432,2.08,1.06,0.612915625,0.6464344482421874,-9.70369932861328,-3.0916030534351147,-0.9770992366412213,1.0305343511450382,25.04764705882353
1761617590,3402.74887 N,08407.11446 W,296.7,11,1.06,0.432,2.08,1.06,0.5027823486328125,0.7326257080078125,-9.777919580078125,-2.8091603053435112,-1.0458015267175573,1.1603053435114503,24.953529411764706
1761617591,3402.74885 N,08407.11456 W,296.8,11,1.06,0.432,2.08,1.06,0.5626373901367188,0.8307879760742187,-9.694122521972655,-2.946564885496183,-1.2061068702290076,0.9465648854961832,25.000588235294117
1761617592,3402.74885 N,08407.11456 W,296.8,11,1.06,0.432,2.08,1.06,0.6296750366210937,0.7829039428710937,-9.660603698730467,-2.885496183206107,-1.0,1.1297709923664123,25.000588235294117
1761617593,3402.74885 N,08407.11456 W,296.8,11,1.06,0.432,2.08,1.06,0.5913678100585937,0.7278373046875,-9.758765966796874,-2.8244274809160306,-1.1297709923664123,0.9923664122137404,24.906470588235294
1761617594,3402.74885 N,08407.11456 W,296.8,11,1.06,0.432,2.08,1.06,0.5530605834960938,0.7565677246093749,-9.787496386718749,-2.969465648854962,-1.0305343511450382,1.1603053435114503,24.906470588235294
1761617595,3402.74885 N,08407.11456 W,296.8,11,1.06,0.432,2.08,1.06,0.5793968017578125,0.7685387329101562,-9.7683427734375,-2.854961832061069,-0.9465648854961832,1.0,25.000588235294117
1761617596,3402.74885 N,08407.11456 W,296.8,11,1.06,0.432,2.08,1.06,0.5793968017578125,0.7637503295898437,-9.773131176757811,-2.9389312977099236,-1.1068702290076335,1.0305343511450382,24.953529411764706
1761617597,3402.74885 N,08407.11456 W,296.8,11,1.06,0.518,2.08,1.06,0.6081272216796875,0.7589619262695312,-9.794678991699218,-2.984732824427481,-1.1755725190839694,0.8854961832061069,25.000588235294117
1761617598,3402.74885 N,08407.11456 W,296.8,11,1.06,0.518,2.08,1.06,0.5913678100585937,0.7781155395507812,-9.79946739501953,-3.0839694656488548,-0.9847328244274809,1.0076335877862594,25.04764705882353
1761617599,3402.74882 N,08407.11466 W,296.7,11,1.06,0.518,2.08,1.06,0.55545478515625,0.7900865478515624,-9.76116016845703,-2.931297709923664,-1.1297709923664123,1.0076335877862594,24.953529411764706
1761617600,3402.74882 N,08407.11466 W,296.7,11,1.06,0.518,2.08,1.06,0.612915625,0.9097966308593749,-9.756371765136718,-3.068702290076336,-1.0534351145038168,1.282442748091603,24.906470588235294
1761617601,3402.74882 N,08407.11466 W,296.7,11,1.06,0.518,2.08,1.06,0.6081272216796875,0.7350199096679687,-9.686939916992188,-2.595419847328244,-1.1526717557251909,0.7175572519083969,25.000588235294117
1761617602,3402.74882 N,08407.11466 W,296.7,11,1.06,0.518,2.08,1.06,0.5219359619140624,0.8116343627929687,-9.763554370117188,-3.0381679389312977,-1.2671755725190839,0.9770992366412213,25.09470588235294
1761617603,3402.74882 N,08407.11466 W,296.7,11,1.06,0.518,2.08,1.06,0.584185205078125,0.7326257080078125,-9.708487731933593,-2.9083969465648853,-1.0305343511450382,1.1755725190839694,25.04764705882353
1761617604,3402.74882 N,08407.11466 W,296.7,11,1.06,0.518,2.08,1.06,0.5985504150390625,0.6560112548828124,-9.763554370117188,-3.1526717557251906,-1.2671755725190839,1.3129770992366412,25.000588235294117
1761617605,3402.74882 N,08407.11466 W,296.7,11,1.06,0.120,2.08,1.06,0.6488286499023437,0.7805097412109374,-9.74200655517578,-3.0076335877862594,-1.1908396946564885,1.366412213740458,25.09470588235294
1761617606,3402.74882 N,08407.11466 W,296.7,11,1.06,0.120,2.08,1.06,0.5243301635742187,0.7517793212890624,-9.792284790039062,-3.122137404580153,-1.2290076335877862,1.2213740458015268,24.906470588235294
1761617607,3402.74884 N,08407.11462 W,296.7,09,1.15,0.120,2.08,1.06,0.5746083984375,0.7493851196289062,-9.773131176757811,-2.9389312977099236,-0.9541984732824428,0.9007633587786259,24.953529411764706
1761617608,3402.74884 N,08407.11462 W,296.7,09,1.15,0.120,2.40,1.15,0.584185205078125,0.7900865478515624,-9.749189160156249,-2.6946564885496183,-1.1450381679389312,0.9770992366412213,24.953529411764706
1761617609,3402.74884 N,08407.11462 W,296.7,09,1.15,0.120,2.40,1.15,0.507570751953125,0.7948749511718749,-9.749189160156249,-2.595419847328244,-1.0763358778625953,0.9389312977099237,25.04764705882353
1761617610,3402.74884 N,08407.11462 W,296.7,09,1.15,0.120,2.40,1.15,0.5482721801757812,0.7589619262695312,-9.95987890625,-2.801526717557252,-1.0381679389312977,1.2671755725190839,25.04764705882353
1761617611,3402.74884 N,08407.11462 W,296.7,09,1.15,0.120,2.40,1.15,0.5770026000976562,0.7781155395507812,-9.64623848876953,-2.8625954198473282,-1.0610687022900764,1.0076335877862594,24.953529411764706
1761617612,3402.74884 N,08407.11462 W,296.7,09,1.15,0.120,2.40,1.15,0.5746083984375,0.7972691528320313,-9.713276135253906,-2.8702290076335877,-1.0458015267175573,1.0534351145038168,24.906470588235294
1761617613,3402.74884 N,08407.11462 W,296.7,09,1.15,0.552,2.40,1.15,0.6057330200195312,0.7829039428710937,-9.770736975097655,-2.8473282442748094,-1.0076335877862594,0.9923664122137404,25.04764705882353
1761617614,3402.74884 N,08407.11462 W,296.7,09,1.15,0.552,2.40,1.15,0.6153098266601562,0.7541735229492187,-9.70369932861328,-3.0381679389312977,-1.099236641221374,1.2366412213740459,24.953529411764706
1761617615,3402.74881 N,08407.11470 W,296.7,10,1.15,0.552,2.40,1.15,0.5865794067382812,0.7398083129882812,-9.775525378417969,-3.2595419847328246,-1.0763358778625953,1.1297709923664123,25.09470588235294
1761617616,3402.74881 N,08407.11470 W,296.7,10,1.15,0.552,2.40,1.15,0.5602431884765625,0.7015010864257812,-9.81862100830078,-2.7251908396946565,-1.1908396946564885,1.0229007633587786,25.04764705882353
1761617617,3402.74881 N,08407.11470 W,296.7,10,1.15,0.552,2.40,1.15,0.6153098266601562,0.7805097412109374,-9.756371765136718,-2.8702290076335877,-1.0458015267175573,1.0534351145038168,25.04764705882353
1761617618,3402.74881 N,08407.11470 W,296.7,10,1.15,0.552,2.40,1.15,0.5506663818359374,0.7733271362304687,-9.830592016601562,-3.0,-1.3053435114503817,1.0763358778625953,25.000588235294117
1761617619,3402.74881 N,08407.11470 W,296.7,10,1.15,0.552,2.40,1.15,0.5602431884765625,0.737414111328125,-9.775525378417969,-2.9389312977099236,-0.9465648854961832,0.8473282442748091,24.953529411764706
1761617620,3402.74881 N,08407.11470 W,296.7,10,1.15,0.552,2.40,1.15,0.5913678100585937,0.7900865478515624,-9.792284790039062,-3.0,-1.0458015267175573,1.1526717557251909,25.000588235294117
1761617621,3402.74881 N,08407.11470 W,296.7,10,1.15,0.110,2.40,1.15,0.5626373901367188,0.8307879760742187,-9.801861596679688,-2.8931297709923665,-1.0,1.1526717557251909,24.953529411764706
1761617622,3402.74881 N,08407.11470 W,296.7,10,1.15,0.110,2.40,1.15,0.4836287353515625,0.612915625,-9.792284790039062,-2.931297709923664,-0.9847328244274809,0.8778625954198473,24.953529411764706
1761617623,3402.74875 N,08407.11491 W,296.7,10,1.15,0.110,2.40,1.15,0.45968671875,0.7517793212890624,-9.74200655517578,-2.7480916030534353,-0.9389312977099237,1.0458015267175573,25.000588235294117
1761617624,3402.74875 N,08407.11491 W,296.7,10,1.15,0.110,2.40,1.15,0.7637503295898437,0.74699091796875,-9.679757312011718,-2.8931297709923665,-1.1755725190839694,0.9465648854961832,25.04764705882353
1761617625,3402.74875 N,08407.11491 W,296.7,10,1.15,0.110,2.40,1.15,0.6081272216796875,0.7996633544921875,-9.935936889648437,-2.7938931297709924,-1.0534351145038168,1.1755725190839694,25.000588235294117
1761617626,3402.74875 N,08407.11491 W,296.7,10,1.15,0.110,2.40,1.15,0.5578489868164063,0.6248866333007812,-9.919177478027343,-2.8702290076335877,-1.099236641221374,1.1374045801526718,25.04764705882353
1761617627,3402.74875 N,08407.11491 W,296.7,10,1.15,0.110,2.40,1.15,0.45968671875,0.7613561279296874,-9.641450085449218,-2.885496183206107,-1.1297709923664123,1.1374045801526718,25.000588235294117
1761617628,3402.74875 N,08407.11491 W,296.7,10,1.15,0.110,2.40,1.15,0.5889736083984375,0.6296750366210937,-9.775525378417969,-3.2213740458015265,-1.099236641221374,1.4580152671755726,24.953529411764706
1761617629,3402.74875 N,08407.11491 W,296.7,10,1.15,0.419,2.40,1.15,0.6488286499023437,0.7876923461914062,-9.727641345214844,-3.0381679389312977,-1.0381679389312977,1.0916030534351144,25.000588235294117
1761617630,3402.74875 N,08407.11491 W,296.7,10,1.15,0.419,2.40,1.15,0.5746083984375,0.7852981445312499,-9.749189160156249,-2.6717557251908395,-1.1450381679389312,0.648854961832061,24.859411764705882
1761617632,3402.74878 N,08407.11511 W,296.7,10,1.15,0.419,2.40,1.15,0.5770026000976562,0.7757213378906249,-9.70369932861328,-2.7709923664122136,-1.2213740458015268,0.7709923664122137,24.81235294117647
1761617633,3402.74878 N,08407.11511 W,296.7,10,1.15,0.419,2.40,1.15,0.6679822631835937,0.8403647827148437,-9.751583361816406,-2.931297709923664,-1.1221374045801527,1.3740458015267176,24.953529411764706
1761617634,3402.74878 N,08407.11511 W,296.7,10,1.15,0.419,2.40,1.15,0.5626373901367188,0.7326257080078125,-9.74200655517578,-2.763358778625954,-1.1755725190839694,1.1145038167938932,24.906470588235294
1761617635,3402.74878 N,08407.11511 W,296.7,10,1.15,0.419,2.40,1.15,0.5315127685546874,0.7398083129882812,-9.80665,-3.145038167938931,-1.213740458015267,0.9923664122137404,25.000588235294117
1761617636,3402.74878 N,08407.11511 W,296.7,10,1.15,0.419,2.40,1.15,0.5410895751953124,0.7350199096679687,-9.787496386718749,-2.8931297709923665,-1.0610687022900764,1.1297709923664123,25.000588235294117
1761617637,3402.74878 N,08407.11511 W,296.7,10,1.15,0.419,2.40,1.15,0.4740519287109375,0.7876923461914062,-9.670180505371093,-3.053435114503817,-1.2442748091603053,0.9007633587786259,24.906470588235294
1761617638,3402.74878 N,08407.11511 W,296.7,10,1.15,0.316,2.40,1.15,0.603338818359375,0.9121908325195311,-9.74200655517578,-3.122137404580153,-0.8320610687022901,1.1526717557251909,24.953529411764706
1761617639,3402.74878 N,08407.11511 W,296.7,10,1.15,0.316,2.40,1.15,0.5315127685546874,0.7900865478515624,-9.720458740234374,-3.1908396946564888,-1.1145038167938932,1.213740458015267,24.906470588235294
1761617640,3402.74884 N,08407.11525 W,296.9,10,1.06,0.316,2.40,1.15,0.5578489868164063,0.7876923461914062,-9.804255798339844,-2.946564885496183,-1.0763358778625953,0.9694656488549618,25.000588235294117
1761617641,3402.74884 N,08407.11525 W,296.9,10,1.06,0.316,2.08,1.06,0.5315127685546874,0.7134720947265625,-9.928754284667969,-2.946564885496183,-1.1526717557251909,1.0687022900763359,24.906470588235294
1761617642,3402.74884 N,08407.11525 W,296.9,10,1.06,0.316,2.08,1.06,0.584185205078125,0.8212111694335937,-9.794678991699218,-1.16793893129771,-0.20610687022900764,-0.8473282442748091,24.953529411764706
1761617643,3402.74884 N,08407.11525 W,296.9,10,1.06,0.316,2.08,1.06,0.46208092041015625,0.8403647827148437,-9.79946739501953,-3.66412213740458,-1.213740458015267,2.099236641221374,24.906470588235294
1761617644,3402.74884 N,08407.11525 W,296.9,10,1.06,0.316,2.08,1.06,0.603338818359375,0.7230489013671875,-9.821015209960937,-2.427480916030534,-1.2213740458015268,0.2900763358778626,25.000588235294117
1761617645,3402.74884 N,08407.11525 W,296.9,10,1.06,0.316,2.08,1.06,0.565031591796875,0.7158662963867187,-9.72285294189453,-2.877862595419847,-1.1145038167938932,1.1297709923664123,24.953529411764706
1761617646,3402.74884 N,08407.11525 W,296.9,10,1.06,0.463,2.08,1.06,0.5482721801757812,0.6871358764648438,-9.720458740234374,-3.1068702290076335,-1.0687022900763359,0.8778625954198473,24.953529411764706
1761617647,3402.74884 N,08407.11525 W,296.9,10,1.06,0.463,2.08,1.06,0.59376201171875,0.718260498046875,-9.78031378173828,-3.0381679389312977,-1.0076335877862594,0.8015267175572519,24.906470588235294
1761617648,3402.74885 N,08407.11550 W,297.2,10,1.06,0.463,2.08,1.06,0.5985504150390625,0.7829039428710937,-9.74200655517578,-2.2519083969465647,-0.7404580152671756,0.5725190839694656,25.000588235294117
1761617649,3402.74885 N,08407.11550 W,297.2,10,1.06,0.463,2.08,1.06,0.5602431884765625,0.814028564453125,-9.749189160156249,-2.6030534351145036,-1.0076335877862594,0.7022900763358778,24.906470588235294
1761617650,3402.74885 N,08407.11550 W,297.2,10,1.06,0.463,2.08,1.06,0.6009446166992187,0.8259995727539062,-9.775525378417969,-2.7251908396946565,-1.0381679389312977,0.9923664122137404,24.906470588235294
1761617651,3402.74885 N,08407.11550 W,297.2,10,1.06,0.463,2.08,1.06,0.6200982299804687,0.7517793212890624,-9.770736975097655,-2.8091603053435112,-1.0916030534351144,1.099236641221374,25.000588235294117
1761617652,3402.74885 N,08407.11550 W,297.2,10,1.06,0.463,2.08,1.06,0.5817910034179687,0.8714894042968749,-9.74200655517578,-2.946564885496183,-1.0687022900763359,1.1450381679389312,24.953529411764706
1761617653,3402.74885 N,08407.11550 W,297.2,10,1.06,0.463,2.08,1.06,0.6200982299804687,0.7613561279296874,-9.739612353515625,-2.480916030534351,-1.1374045801526718,0.6259541984732825,25.000588235294117
1761617654,3402.74885 N,08407.11550 W,297.2,10,1.06,0.513,2.08,1.06,0.603338818359375,0.6248866333007812,-9.725247143554688,-2.900763358778626,-1.0763358778625953,1.1755725190839694,24.906470588235294
1761617655,3402.74885 N,08407.11550 W,297.2,10,1.06,0.513,2.08,1.06,0.5291185668945312,0.8116343627929687,-9.753977563476562,-3.068702290076336,-1.0534351145038168,1.1984732824427482,25.000588235294117
1761617656,3402.74887 N,08407.11564 W,297.8,10,1.06,0.513,2.08,1.06,0.6200982299804687,0.7493851196289062,-9.72285294189453,-3.015267175572519,-1.1908396946564885,1.1526717557251909,24.953529411764706
1761617657,3402.74887 N,08407.11564 W,297.8,10,1.06,0.513,2.08,1.06,0.7110778930664062,0.7733271362304687,-9.955090502929687,-2.9160305343511452,-1.1526717557251909,1.3282442748091603,25.04764705882353
1761617658,3402.74887 N,08407.11564 W,297.8,10,1.06,0.513,2.08,1.06,0.5817910034179687,0.6560112548828124,-9.773131176757811,-2.648854961832061,-0.8244274809160306,0.7022900763358778,24.906470588235294
1761617659,3402.74887 N,08407.11564 W,297.8,10,1.06,0.513,2.08,1.06,0.6416460449218749,0.7517793212890624,-9.765948571777344,-2.6030534351145036,-1.1068702290076335,0.5877862595419847,24.906470588235294
1761617660,3402.74887 N,08407.11564 W,297.8,10,1.06,0.513,2.08,1.06,0.7637503295898437,0.8068459594726562,-9.72285294189453,-3.0763358778625953,-1.0610687022900764,1.2748091603053435,24.859411764705882
1761617661,3402.74887 N,08407.11564 W,297.8,10,1.06,0.513,2.08,1.06,0.565031591796875,0.7326257080078125,-9.540893615722656,-3.068702290076336,-1.2213740458015268,1.297709923664122,25.04764705882353
1761617662,3402.74887 N,08407.11564 W,297.8,10,1.06,0.498,2.08,1.06,0.5961562133789062,0.8882488159179687,-9.832986218261718,-2.8473282442748094,-1.1450381679389312,0.7480916030534351,25.000588235294117
1761617663,3402.74887 N,08407.11564 W,297.8,10,1.06,0.498,2.08,1.06,0.6009446166992187,0.7757213378906249,-9.74200655517578,-3.0839694656488548,-1.0229007633587786,1.2595419847328244,24.906470588235294
1761617664,3402.74888 N,08407.11567 W,298.2,10,1.06,0.498,2.08,1.06,0.5865794067382812,0.7948749511718749,-9.811438403320311,-2.900763358778626,-0.816793893129771,0.8015267175572519,24.906470588235294
1761617665,3402.74888 N,08407.11567 W,298.2,10,1.06,0.498,2.08,1.06,0.565031591796875,0.7972691528320313,-9.765948571777344,-2.6946564885496183,-1.183206106870229,0.7862595419847328,24.953529411764706
1761617666,3402.74888 N,08407.11567 W,298.2,10,1.06,0.498,2.08,1.06,0.5985504150390625,0.7876923461914062,-9.789890588378906,-2.9389312977099236,-1.099236641221374,1.1297709923664123,24.859411764705882
1761617667,3402.74888 N,08407.11567 W,298.2,10,1.06,0.498,2.08,1.06,0.5003881469726562,0.82360537109375,-9.70369932861328,-3.3893129770992365,-1.0916030534351144,1.3587786259541985,24.906470588235294
1761617668,3402.74888 N,08407.11567 W,298.2,10,1.06,0.498,2.08,1.06,0.5195417602539062,0.7829039428710937,-9.756371765136718,-3.16793893129771,-1.2290076335877862,1.4427480916030535,24.953529411764706
1761617669,3402.74888 N,08407.11567 W,298.2,10,1.06,0.498,2.08,1.06,0.5889736083984375,0.8834604125976562,-9.698910925292969,-2.312977099236641,-1.1603053435114503,0.3511450381679389,24.953529411764706
1761617670,3402.74888 N,08407.11567 W,298.2,10,1.06,0.454,2.08,1.06,0.4644751220703125,0.7493851196289062,-9.797073193359374,-2.969465648854962,-1.1145038167938932,0.8931297709923665,24.81235294117647
1761617671,3402.74888 N,08407.11567 W,298.2,10,1.06,0.454,2.08,1.06,0.55545478515625,0.7757213378906249,-9.730035546875,-2.9083969465648853,-1.1526717557251909,0.8473282442748091,24.953529411764706
1761617672,3402.74890 N,08407.11564 W,298.5,10,1.06,0.454,2.08,1.06,0.5817910034179687,0.7781155395507812,-9.770736975097655,-2.9160305343511452,-1.1908396946564885,1.0534351145038168,24.859411764705882
1761617673,3402.74890 N,08407.11564 W,298.5,10,1.06,0.454,2.08,1.06,0.6464344482421874,0.7805097412109374,-9.694122521972655,-2.931297709923664,-1.1755725190839694,1.099236641221374,25.000588235294117
1761617674,3402.74890 N,08407.11564 W,298.5,10,1.06,0.454,2.08,1.06,0.565031591796875,0.9097966308593749,-9.801861596679688,-2.717557251908397,-0.8702290076335878,0.9312977099236641,24.906470588235294
1761617675,3402.74890 N,08407.11564 W,298.5,10,1.06,0.454,2.08,1.06,0.55545478515625,0.7589619262695312,-9.732429748535155,-2.9160305343511452,-1.0534351145038168,1.2213740458015268,25.000588235294117
1761617676,3402.74890 N,08407.11564 W,298.5,10,1.06,0.454,2.08,1.06,0.6009446166992187,0.7852981445312499,-9.727641345214844,-3.0610687022900764,-0.9923664122137404,1.083969465648855,24.953529411764706
1761617677,3402.74890 N,08407.11564 W,298.5,10,1.06,0.454,2.08,1.06,0.5770026000976562,0.7900865478515624,-9.74200655517578,-2.687022900763359,-1.015267175572519,0.8244274809160306,24.953529411764706
1761617678,3402.74890 N,08407.11564 W,298.5,10,1.06,0.403,2.08,1.06,0.5961562133789062,0.612915625,-9.679757312011718,-2.816793893129771,-1.0610687022900764,1.0381679389312977,25.000588235294117
1761617679,3402.74890 N,08407.11564 W,298.5,10,1.06,0.403,2.08,1.06,0.6272808349609375,0.7637503295898437,-9.773131176757811,-2.6946564885496183,-1.0916030534351144,0.7786259541984732,25.000588235294117
1761617680,3402.74890 N,08407.11565 W,298.6,10,1.06,0.403,2.08,1.06,0.5985504150390625,0.8164227661132812,-9.600748657226562,-3.6717557251908395,-1.0458015267175573,1.549618320610687,24.953529411764706
1761617681,3402.74890 N,08407.11565 W,298.6,10,1.06,0.403,2.08,1.06,0.5386953735351562,0.7733271362304687,-9.76116016845703,-2.9923664122137406,-1.1374045801526718,1.1221374045801527,25.04764705882353
1761617682,3402.74890 N,08407.11565 W,298.6,10,1.06,0.403,2.08,1.06,0.5243301635742187,0.6368576416015624,-9.763554370117188,-2.7557251908396947,-1.0076335877862594,1.1068702290076335,25.000588235294117
1761617683,3402.74890 N,08407.11565 W,298.6,10,1.06,0.403,2.08,1.06,0.5602431884765625,0.6272808349609375,-9.662997900390625,-2.618320610687023,-1.1908396946564885,0.9694656488549618,24.953529411764706
1761617684,3402.74890 N,08407.11565 W,298.6,10,1.06,0.403,2.08,1.06,0.5674257934570313,0.7110778930664062,-9.80665,-2.801526717557252,-1.213740458015267,0.9847328244274809,25.000588235294117
1761617685,3402.74890 N,08407.11565 W,298.6,10,1.06,0.403,2.08,1.06,0.5674257934570313,0.7517793212890624,-9.82580361328125,-2.9236641221374047,-0.9541984732824428,1.0305343511450382,24.953529411764706
1761617686,3402.74890 N,08407.11565 W,298.6,10,1.06,0.241,2.08,1.06,0.5626373901367188,0.7972691528320313,-9.756371765136718,-3.122137404580153,-1.0687022900763359,0.9923664122137404,24.953529411764706
1761617687,3402.74890 N,08407.11565 W,298.6,10,1.06,0.241,2.08,1.06,0.622492431640625,0.7302315063476562,-9.749189160156249,-3.0,-1.0381679389312977,1.0076335877862594,24.953529411764706
1761617688,3402.74894 N,08407.11584 W,298.2,10,1.06,0.241,2.08,1.06,0.5482721801757812,0.718260498046875,-9.811438403320311,-2.7786259541984735,-0.9847328244274809,1.1908396946564885,24.906470588235294
1761617689,3402.74894 N,08407.11584 W,298.2,10,1.06,0.241,2.09,1.06,0.565031591796875,0.7278373046875,-9.782707983398437,-2.366412213740458,-1.2061068702290076,0.26717557251908397,24.906470588235294
1761617690,3402.74894 N,08407.11584 W,298.2,10,1.06,0.241,2.09,1.06,0.47884033203125,0.6560112548828124,-9.758765966796874,-3.7557251908396947,-1.0687022900763359,2.2213740458015265,24.953529411764706
1761617691,3402.74894 N,08407.11584 W,298.2,10,1.06,0.241,2.09,1.06,0.5985504150390625,0.7589619262695312,-9.801861596679688,-3.0916030534351147,-0.9694656488549618,1.534351145038168,25.04764705882353
1761617692,3402.74894 N,08407.11584 W,298.2,10,1.06,0.241,2.09,1.06,0.5506663818359374,0.7685387329101562,-9.775525378417969,-2.1755725190839694,-1.083969465648855,0.4351145038167939,24.906470588235294
1761617693,3402.74894 N,08407.11584 W,298.2,10,1.06,0.241,2.09,1.06,0.5961562133789062,0.7685387329101562,-9.78031378173828,-3.8091603053435112,-1.2595419847328244,2.099236641221374,24.953529411764706
1761617694,3402.74894 N,08407.11584 W,298.2,10,1.06,0.342,2.09,1.06,0.5195417602539062,0.8092401611328125,-9.832986218261718,-2.0610687022900764,-1.0534351145038168,1.0,25.000588235294117
1761617695,3402.74894 N,08407.11584 W,298.2,10,1.06,0.342,2.09,1.06,0.5961562133789062,0.7805097412109374,-9.713276135253906,-3.1297709923664123,-0.9694656488549618,1.1450381679389312,24.859411764705882
1761617696,3402.74896 N,08407.11611 W,297.0,10,1.06,0.342,2.09,1.06,0.5770026000976562,0.7805097412109374,-9.765948571777344,-3.5343511450381677,-1.1908396946564885,1.5648854961832062,24.953529411764706
1761617697,3402.74896 N,08407.11611 W,297.0,10,1.06,0.342,2.09,1.06,0.55545478515625,0.7445967163085937,-9.866505041503906,-2.8625954198473282,-0.8320610687022901,0.9923664122137404,24.953529411764706
1761617698,3402.74896 N,08407.11611 W,297.0,10,1.06,0.342,2.09,1.06,0.5578489868164063,0.814028564453125,-9.758765966796874,-2.618320610687023,-1.1526717557251909,0.5648854961832062,24.953529411764706
1761617699,3402.74896 N,08407.11611 W,297.0,10,1.06,0.342,2.09,1.06,0.5722141967773438,0.7541735229492187,-9.746794958496093,-3.015267175572519,-1.1603053435114503,1.16793893129771,25.000588235294117
1761617700,3402.74896 N,08407.11611 W,297.0,10,1.06,0.342,2.09,1.06,0.5147533569335937,0.7685387329101562,-9.801861596679688,-2.984732824427481,-1.0687022900763359,1.1450381679389312,24.906470588235294
1761617701,3402.74896 N,08407.11611 W,297.0,10,1.06,0.342,2.09,1.06,0.5482721801757812,0.7613561279296874,-9.787496386718749,-2.854961832061069,-1.0610687022900764,0.8778625954198473,24.906470588235294
1761617702,3402.74896 N,08407.11611 W,297.0,10,1.06,0.054,2.09,1.06,0.612915625,0.6512228515624999,-9.713276135253906,-2.9236641221374047,-1.1984732824427482,1.1984732824427482,24.906470588235294
1761617703,3402.74896 N,08407.11611 W,297.0,10,1.06,0.054,2.09,1.06,0.5722141967773438,0.8882488159179687,-9.682151513671874,-2.9923664122137406,-1.16793893129771,1.4885496183206106,25.000588235294117
1761617704,3402.74896 N,08407.11619 W,296.9,10,1.06,0.054,2.09,1.06,0.5219359619140624,0.7541735229492187,-9.79946739501953,-2.3893129770992365,-1.0916030534351144,0.5419847328244275,25.000588235294117
1761617705,3402.74896 N,08407.11619 W,296.9,10,1.06,0.054,2.09,1.06,0.5889736083984375,0.7805097412109374,-9.744400756835937,-2.0229007633587788,-0.8244274809160306,0.4351145038167939,25.000588235294117
1761617706,3402.74896 N,08407.11619 W,296.9,10,1.06,0.054,2.09,1.06,0.5865794067382812,0.9169792358398436,-9.775525378417969,-2.7251908396946565,-1.183206106870229,1.015267175572519,25.04764705882353
1761617707,3402.74896 N,08407.11619 W,296.9,10,1.06,0.054,2.09,1.06,0.584185205078125,0.7613561279296874,-9.938331091308592,-2.877862595419847,-1.1984732824427482,1.083969465648855,25.04764705882353
1761617708,3402.74896 N,08407.11619 W,296.9,10,1.06,0.054,2.09,1.06,0.5913678100585937,0.70868369140625,-9.746794958496093,-2.1526717557251906,-0.9236641221374046,0.45038167938931295,24.953529411764706
1761617709,3402.74896 N,08407.11619 W,296.9,10,1.06,0.054,2.09,1.06,0.6560112548828124,0.7589619262695312,-9.715670336914062,-2.6793893129770994,-1.0076335877862594,0.7022900763358778,25.000588235294117
1761617710,3402.74896 N,08407.11619 W,296.9,10,1.06,0.067,2.09,1.06,0.70868369140625,0.8906430175781249,-9.775525378417969,-3.2290076335877864,-0.8854961832061069,1.4961832061068703,25.04764705882353
1761617711,3402.74896 N,08407.11619 W,296.9,10,1.06,0.067,2.09,1.06,0.5530605834960938,0.7948749511718749,-9.715670336914062,-2.7557251908396947,-1.2290076335877862,0.8625954198473282,25.000588235294117
1761617712,3402.74903 N,08407.11645 W,296.4,10,1.06,0.067,2.09,1.06,0.6296750366210937,0.7422025146484375,-9.7683427734375,-3.030534351145038,-1.1908396946564885,1.183206106870229,25.04764705882353
1761617713,3402.74903 N,08407.11645 W,296.4,10,1.06,0.067,2.09,1.06,0.7541735229492187,0.7757213378906249,-9.765948571777344,-3.053435114503817,-1.099236641221374,1.2900763358778626,25.04764705882353
1761617714,3402.74903 N,08407.11645 W,296.4,10,1.06,0.067,2.09,1.06,0.59376201171875,0.7685387329101562,-9.74200655517578,-2.8473282442748094,-0.8015267175572519,1.1068702290076335,25.000588235294117
1761617715,3402.74903 N,08407.11645 W,296.4,10,1.06,0.067,2.09,1.06,0.55545478515625,0.6464344482421874,-9.715670336914062,-2.946564885496183,-1.1526717557251909,1.099236641221374,25.04764705882353
1761617716,3402.74903 N,08407.11645 W,296.4,10,1.06,0.067,2.09,1.06,0.5865794067382812,0.7829039428710937,-9.76116016845703,-2.8702290076335877,-0.9465648854961832,1.1068702290076335,24.953529411764706
1761617717,3402.74903 N,08407.11645 W,296.4,10,1.06,0.067,2.09,1.06,0.6105214233398437,0.7948749511718749,-9.773131176757811,-3.1755725190839694,-0.9389312977099237,1.0229007633587786,25.000588235294117
1761617718,3402.74903 N,08407.11645 W,296.4,10,1.06,0.201,2.09,1.06,0.6057330200195312,0.7733271362304687,-9.770736975097655,-2.7938931297709924,-0.8091603053435115,1.1526717557251909,25.04764705882353
1761617719,3402.74903 N,08407.11645 W,296.4,10,1.06,0.201,2.09,1.06,0.565031591796875,0.718260498046875,-9.751583361816406,-2.854961832061069,-1.1450381679389312,1.0916030534351144,25.000588235294117
1761617720,3402.74908 N,08407.11668 W,296.0,10,1.06,0.201,2.09,1.06,0.5770026000976562,0.7589619262695312,-9.809044201660155,-2.4656488549618323,-1.0229007633587786,0.9465648854961832,25.09470588235294
1761617721,3402.74908 N,08407.11668 W,296.0,10,1.06,0.201,2.09,1.06,0.469263525390625,0.7996633544921875,-9.770736975097655,-2.633587786259542,-1.0381679389312977,0.8473282442748091,25.04764705882353
1761617722,3402.74908 N,08407.11668 W,296.0,10,1.06,0.201,2.09,1.06,0.5889736083984375,0.6368576416015624,-9.718064538574218,-3.122137404580153,-1.1908396946564885,1.3129770992366412,25.04764705882353
1761617723,3402.74908 N,08407.11668 W,296.0,10,1.06,0.201,2.09,1.06,0.5602431884765625,0.9121908325195311,-9.713276135253906,-3.0,-0.8473282442748091,0.9312977099236641,25.141764705882352
1761617724,3402.74908 N,08407.11668 W,296.0,10,1.06,0.201,2.09,1.06,0.5339069702148437,0.7517793212890624,-9.713276135253906,-2.946564885496183,-0.9847328244274809,1.1450381679389312,25.04764705882353
1761617725,3402.74908 N,08407.11668 W,296.0,10,1.06,0.201,2.09,1.06,0.603338818359375,0.8116343627929687,-9.708487731933593,-3.1297709923664123,-0.9236641221374046,1.0458015267175573,25.09470588235294
1761617726,3402.74908 N,08407.11668 W,296.0,10,1.06,0.282,2.09,1.06,0.6368576416015624,0.6847416748046875,-9.773131176757811,-2.8244274809160306,-1.0,0.9465648854961832,25.141764705882352
1761617727,3402.74908 N,08407.11668 W,296.0,10,1.06,0.282,2.09,1.06,0.5363011718749999,0.7493851196289062,-9.725247143554688,-3.0381679389312977,-1.0916030534351144,0.8320610687022901,25.04764705882353
1761617728,3402.74912 N,08407.11682 W,295.7,10,1.06,0.282,2.09,1.06,0.6153098266601562,0.6153098266601562,-9.667786303710937,-2.8625954198473282,-1.2290076335877862,1.0458015267175573,25.000588235294117
1761617729,3402.74912 N,08407.11682 W,295.7,10,1.06,0.282,2.09,1.06,0.5243301635742187,0.7134720947265625,-9.782707983398437,-3.030534351145038,-1.0763358778625953,0.8854961832061069,25.04764705882353
1761617730,3402.74912 N,08407.11682 W,295.7,10,1.06,0.282,2.09,1.06,0.6057330200195312,0.7565677246093749,-9.718064538574218,-2.8091603053435112,-1.0076335877862594,1.0763358778625953,24.953529411764706
1761617731,3402.74912 N,08407.11682 W,295.7,10,1.06,0.282,2.09,1.06,0.7613561279296874,0.8116343627929687,-9.813832604980469,-3.0076335877862594,-1.083969465648855,1.0687022900763359,25.000588235294117
1761617732,3402.74912 N,08407.11682 W,295.7,10,1.06,0.282,2.09,1.06,0.6392518432617187,0.8212111694335937,-9.773131176757811,-2.8244274809160306,-1.099236641221374,1.0916030534351144,25.000588235294117
1761617733,3402.74912 N,08407.11682 W,295.7,10,1.06,0.282,2.09,1.06,0.5530605834960938,0.7445967163085937,-9.775525378417969,-3.0,-1.099236641221374,0.9770992366412213,25.000588235294117
1761617734,3402.74912 N,08407.11682 W,295.7,10,1.06,0.154,2.09,1.06,0.6655880615234374,0.7517793212890624,-9.763554370117188,-2.7480916030534353,-1.1374045801526718,1.083969465648855,24.953529411764706
1761617735,3402.74912 N,08407.11682 W,295.7,10,1.06,0.154,2.09,1.06,0.5746083984375,0.7637503295898437,-9.682151513671874,-2.969465648854962,-1.0687022900763359,1.0916030534351144,25.04764705882353
1761617736,3402.74916 N,08407.11701 W,295.1,10,1.06,0.154,2.09,1.06,0.5243301635742187,0.7398083129882812,-9.725247143554688,-3.3740458015267176,-1.251908396946565,1.3969465648854962,25.09470588235294
1761617737,3402.74916 N,08407.11701 W,295.1,10,1.06,0.154,2.09,1.06,0.603338818359375,0.7876923461914062,-9.725247143554688,-2.5877862595419847,-1.2290076335877862,0.3893129770992366,25.04764705882353
1761617738,3402.74916 N,08407.11701 W,295.1,10,1.06,0.154,2.09,1.06,0.5722141967773438,0.7733271362304687,-9.782707983398437,-2.9236641221374047,-1.0763358778625953,0.9389312977099237,25.09470588235294
1761617739,3402.74916 N,08407.11701 W,295.1,10,1.06,0.154,2.09,1.06,0.5434837768554687,0.7852981445312499,-9.734823950195311,-3.3435114503816794,-0.9770992366412213,1.2442748091603053,25.000588235294117
1761617741,3402.74916 N,08407.11701 W,295.1,10,1.06,0.154,2.09,1.06,0.5458779785156249,0.7302315063476562,-9.732429748535155,-3.4427480916030535,-0.9312977099236641,1.1526717557251909,24.953529411764706
1761617742,3402.74916 N,08407.11701 W,295.1,10,1.06,0.154,2.09,1.06,0.5578489868164063,0.7805097412109374,-9.758765966796874,-2.7480916030534353,-1.0229007633587786,1.0916030534351144,24.953529411764706
1761617743,3402.74916 N,08407.11701 W,295.1,10,1.06,0.027,2.09,1.06,0.5339069702148437,0.82360537109375,-9.68454571533203,-2.5572519083969465,-0.8854961832061069,0.7175572519083969,24.859411764705882
1761617744,3402.74916 N,08407.11701 W,295.1,10,1.06,0.027,2.09,1.06,0.5770026000976562,0.7948749511718749,-9.701305126953125,-3.33587786259542,-1.1145038167938932,1.4045801526717556,25.09470588235294
1761617745,3402.74915 N,08407.11688 W,295.5,10,1.06,0.027,2.09,1.06,0.5434837768554687,0.7613561279296874,-9.758765966796874,-3.015267175572519,-1.3053435114503817,0.8015267175572519,24.953529411764706
1761617746,3402.74915 N,08407.11688 W,295.5,10,1.06,0.027,2.09,1.06,0.5770026000976562,0.7445967163085937,-9.730035546875,-2.763358778625954,-1.1145038167938932,1.1221374045801527,25.000588235294117
1761617747,3402.74915 N,08407.11688 W,295.5,10,1.06,0.027,2.09,1.06,0.5386953735351562,0.7805097412109374,-9.773131176757811,-2.984732824427481,-1.0458015267175573,1.1908396946564885,24.906470588235294
1761617748,3402.74915 N,08407.11688 W,295.5,10,1.06,0.027,2.09,1.06,0.5506663818359374,0.8643067993164062,-9.730035546875,-2.931297709923664,-1.213740458015267,0.8778625954198473,25.000588235294117
1761617749,3402.74915 N,08407.11688 W,295.5,10,1.06,0.027,2.09,1.06,0.5626373901367188,0.7805097412109374,-9.753977563476562,-3.0610687022900764,-1.0,1.1984732824427482,24.906470588235294
1761617750,3402.74915 N,08407.11688 W,295.5,10,1.06,0.027,2.09,1.06,0.6057330200195312,0.7661445312499999,-9.763554370117188,-3.0763358778625953,-1.3053435114503817,1.2748091603053435,25.04764705882353
1761617751,3402.74915 N,08407.11688 W,295.5,10,1.06,0.284,2.09,1.06,0.5602431884765625,0.7661445312499999,-9.682151513671874,-2.8702290076335877,-0.8473282442748091,1.0305343511450382,25.000588235294117
1761617752,3402.74915 N,08407.11688 W,295.5,10,1.06,0.284,2.09,1.06,0.603338818359375,0.7158662963867187,-9.787496386718749,-2.969465648854962,-1.0229007633587786,0.9312977099236641,25.04764705882353
1761617753,3402.74916 N,08407.11689 W,295.4,10,1.06,0.284,2.09,1.06,0.5267243652343749,0.7398083129882812,-9.746794958496093,-2.801526717557252,-0.9007633587786259,1.1603053435114503,25.04764705882353
1761617754,3402.74916 N,08407.11689 W,295.4,10,1.06,0.284,2.09,1.06,0.5698199951171875,0.7062894897460937,-9.72285294189453,-2.732824427480916,-0.9541984732824428,0.8091603053435115,24.953529411764706
1761617755,3402.74916 N,08407.11689 W,295.4,10,1.06,0.284,2.09,1.06,0.5578489868164063,0.7972691528320313,-9.701305126953125,-2.9923664122137406,-1.2366412213740459,1.0076335877862594,25.000588235294117
1761617756,3402.74916 N,08407.11689 W,295.4,10,1.06,0.284,2.09,1.06,0.5793968017578125,0.7517793212890624,-9.789890588378906,-2.9770992366412212,-1.297709923664122,0.8702290076335878,24.953529411764706
1761617757,3402.74916 N,08407.11689 W,295.4,10,1.06,0.284,2.09,1.06,0.5506663818359374,0.7254431030273437,-9.6917283203125,-2.9389312977099236,-1.0534351145038168,0.9312977099236641,24.953529411764706
1761617758,3402.74916 N,08407.11689 W,295.4,10,1.06,0.284,2.09,1.06,0.7493851196289062,0.9002198242187499,-9.698910925292969,-2.9083969465648853,-1.3053435114503817,1.1145038167938932,25.04764705882353
1761617759,3402.74916 N,08407.11689 W,295.4,10,1.06,0.047,2.09,1.06,0.5817910034179687,0.7206546997070312,-9.770736975097655,-2.7404580152671754,-1.0916030534351144,1.0916030534351144,25.04764705882353
1761617760,3402.74916 N,08407.11689 W,295.4,10,1.06,0.047,2.09,1.06,0.5722141967773438,0.9121908325195311,-9.739612353515625,-3.0,-0.9694656488549618,1.0229007633587786,24.906470588235294
1761617761,3402.74920 N,08407.11707 W,295.3,11,1.06,0.047,2.09,1.06,0.5482721801757812,0.7996633544921875,-9.751583361816406,-2.9770992366412212,-1.1068702290076335,1.1068702290076335,25.000588235294117
1761617762,3402.74920 N,08407.11707 W,295.3,11,1.06,0.047,2.09,1.06,0.603338818359375,0.814028564453125,-9.698910925292969,-2.7786259541984735,-0.8549618320610687,1.1297709923664123,25.04764705882353
1761617763,3402.74920 N,08407.11707 W,295.3,11,1.06,0.047,2.09,1.06,0.5722141967773438,0.7852981445312499,-9.756371765136718,-2.9923664122137406,-1.1374045801526718,0.9923664122137404,24.906470588235294
1761617764,3402.74920 N,08407.11707 W,295.3,11,1.06,0.047,2.09,1.06,0.5793968017578125,0.8738836059570312,-9.720458740234374,-2.900763358778626,-1.1908396946564885,1.1755725190839694,25.000588235294117
1761617765,3402.74920 N,08407.11707 W,295.3,11,1.06,0.047,2.09,1.06,0.63206923828125,0.7038952880859375,-9.734823950195311,-2.9923664122137406,-1.099236641221374,0.9083969465648855,25.000588235294117
1761617766,3402.74920 N,08407.11707 W,295.3,11,1.06,0.047,2.09,1.06,0.5602431884765625,0.7493851196289062,-9.81862100830078,-2.7251908396946565,-1.0305343511450382,0.8778625954198473,25.04764705882353
1761617767,3402.74920 N,08407.11707 W,295.3,11,1.06,0.053,2.09,1.06,0.5961562133789062,0.8044517578125,-9.821015209960937,-2.8473282442748094,-1.1908396946564885,0.549618320610687,25.04764705882353
1761617768,3402.74920 N,08407.11707 W,295.3,11,1.06,0.053,2.09,1.06,0.5817910034179687,0.7733271362304687,-9.686939916992188,-2.519083969465649,-1.0687022900763359,0.6717557251908397,25.09470588235294
1761617769,3402.74920 N,08407.11709 W,295.2,11,1.06,0.053,2.09,1.06,0.5746083984375,0.7493851196289062,-9.758765966796874,-2.366412213740458,-1.0305343511450382,0.42748091603053434,25.04764705882353
1761617770,3402.74920 N,08407.11709 W,295.2,11,1.06,0.053,2.09,1.06,0.5889736083984375,0.9074024291992187,-9.794678991699218,-2.1755725190839694,-0.8702290076335878,0.7862595419847328,25.000588235294117
1761617771,3402.74920 N,08407.11709 W,295.2,11,1.06,0.053,2.09,1.06,0.565031591796875,0.612915625,-9.70369932861328,-2.5877862595419847,-0.9618320610687023,0.7099236641221374,25.000588235294117
1761617772,3402.74920 N,08407.11709 W,295.2,11,1.06,0.053,2.09,1.06,0.5602431884765625,0.7757213378906249,-9.816226806640625,-3.3435114503816794,-1.1068702290076335,1.2595419847328244,24.953529411764706
1761617773,3402.74920 N,08407.11709 W,295.2,11,1.06,0.053,2.09,1.06,0.5482721801757812,0.7852981445312499,-9.746794958496093,-2.9770992366412212,-1.1450381679389312,0.9923664122137404,25.000588235294117
1761617774,3402.74920 N,08407.11709 W,295.2,11,1.06,0.053,2.09,1.06,0.5985504150390625,0.7589619262695312,-9.732429748535155,-2.8931297709923665,-0.9618320610687023,1.366412213740458,25.09470588235294
1761617775,3402.74920 N,08407.11709 W,295.2,11,1.06,0.101,2.09,1.06,0.5770026000976562,0.7805097412109374,-9.72285294189453,-3.6259541984732824,-1.1297709923664123,1.5572519083969465,25.09470588235294
1761617776,3402.74920 N,08407.11709 W,295.2,11,1.06,0.101,2.09,1.06,0.5698199951171875,0.737414111328125,-9.7683427734375,-2.9236641221374047,-1.1145038167938932,1.1908396946564885,25.09470588235294
1761617777,3402.74924 N,08407.11714 W,295.1,11,1.06,0.101,2.09,1.06,0.6009446166992187,0.7541735229492187,-9.782707983398437,-3.3053435114503817,-1.1221374045801527,1.4580152671755726,25.000588235294117
1761617778,3402.74924 N,08407.11714 W,295.1,11,1.06,0.101,2.09,1.06,0.5817910034179687,0.7972691528320313,-9.706093530273437,-2.946564885496183,-0.9770992366412213,1.0687022900763359,25.04764705882353
1761617779,3402.74924 N,08407.11714 W,295.1,11,1.06,0.101,2.09,1.06,0.584185205078125,0.8259995727539062,-9.775525378417969,-2.946564885496183,-1.2290076335877862,1.3282442748091603,25.09470588235294
1761617780,3402.74924 N,08407.11714 W,295.1,11,1.06,0.101,2.09,1.06,0.5746083984375,0.7613561279296874,-9.809044201660155,-3.183206106870229,-0.9770992366412213,1.2213740458015268,24.953529411764706
1761617781,3402.74924 N,08407.11714 W,295.1,11,1.06,0.101,2.09,1.06,0.5315127685546874,0.7805097412109374,-9.785102185058593,-2.877862595419847,-0.8931297709923665,1.1984732824427482,25.04764705882353
1761617782,3402.74924 N,08407.11714 W,295.1,11,1.06,0.101,2.09,1.06,0.584185205078125,0.7613561279296874,-9.782707983398437,-2.6946564885496183,-1.0687022900763359,1.0,25.04764705882353
1761617783,3402.74924 N,08407.11714 W,295.1,11,1.06,0.106,2.09,1.06,0.488417138671875,0.8188169677734375,-9.947907897949218,-2.3893129770992365,-1.1145038167938932,0.6183206106870229,25.09470588235294
1761617784,3402.74924 N,08407.11714 W,295.1,11,1.06,0.106,2.09,1.06,0.5674257934570313,0.6296750366210937,-9.72285294189453,-2.236641221374046,-0.7862595419847328,0.48854961832061067,25.04764705882353
1761617785,3402.74926 N,08407.11708 W,295.2,11,1.06,0.106,2.09,1.06,0.63206923828125,0.7805097412109374,-9.698910925292969,-2.9389312977099236,-1.0305343511450382,1.1908396946564885,25.000588235294117
1761617786,3402.74926 N,08407.11708 W,295.2,11,1.06,0.106,2.09,1.06,0.5147533569335937,0.7661445312499999,-9.758765966796874,-3.053435114503817,-0.9694656488549618,1.0381679389312977,25.04764705882353
1761617787,3402.74926 N,08407.11708 W,295.2,11,1.06,0.106,2.09,1.06,0.6488286499023437,0.8116343627929687,-9.68454571533203,-5.419847328244275,-1.3435114503816794,2.9083969465648853,25.04764705882353
1761617788,3402.74926 N,08407.11708 W,295.2,11,1.06,0.106,2.09,1.06,0.6057330200195312,0.8954314208984374,-9.885658654785155,-2.9618320610687023,-1.282442748091603,0.8015267175572519,25.141764705882352
1761617789,3402.74926 N,08407.11708 W,295.2,11,1.06,0.106,2.09,1.06,0.6344634399414062,0.8379705810546875,-9.749189160156249,-1.6870229007633588,-0.5419847328244275,-0.6412213740458015,24.953529411764706
1761617790,3402.74926 N,08407.11708 W,295.2,11,1.06,0.106,2.09,1.06,0.5817910034179687,0.7948749511718749,-9.792284790039062,-2.49618320610687,-1.083969465648855,0.7480916030534351,25.000588235294117
1761617791,3402.74926 N,08407.11708 W,295.2,11,1.06,0.089,2.09,1.06,0.5339069702148437,0.7709329345703124,-9.794678991699218,-2.7786259541984735,-1.0381679389312977,1.1908396946564885,25.04764705882353
1761617792,3402.74926 N,08407.11708 W,295.2,11,1.06,0.089,2.09,1.06,0.6081272216796875,0.7158662963867187,-9.758765966796874,-4.099236641221374,-1.5801526717557253,1.7633587786259541,24.953529411764706
1761617793,3402.74928 N,08407.11706 W,295.3,11,1.06,0.089,2.09,1.06,0.7613561279296874,0.7278373046875,-9.823409411621093,-3.8091603053435112,-1.0381679389312977,1.3969465648854962,25.09470588235294
1761617794,3402.74928 N,08407.11706 W,295.3,11,1.06,0.089,2.09,1.06,0.5985504150390625,0.7326257080078125,-9.765948571777344,-2.931297709923664,-1.0076335877862594,0.9236641221374046,25.09470588235294
1761617795,3402.74928 N,08407.11706 W,295.3,11,1.06,0.089,2.09,1.06,0.5291185668945312,0.7781155395507812,-9.832986218261718,-2.3206106870229006,-0.7862595419847328,0.46564885496183206,24.953529411764706
1761617796,3402.74928 N,08407.11706 W,295.3,11,1.06,0.089,2.09,1.06,0.5434837768554687,0.8188169677734375,-9.74200655517578,-3.2748091603053435,-0.9618320610687023,1.3129770992366412,24.953529411764706
1761617797,3402.74928 N,08407.11706 W,295.3,11,1.06,0.089,2.09,1.06,0.6248866333007812,0.7493851196289062,-9.710881933593749,-3.0610687022900764,-1.0916030534351144,1.3969465648854962,24.906470588235294
1761617798,3402.74928 N,08407.11706 W,295.3,11,1.06,0.089,2.09,1.06,0.5410895751953124,0.7422025146484375,-9.730035546875,-2.633587786259542,-0.9007633587786259,0.9007633587786259,25.04764705882353
1761617799,3402.74928 N,08407.11706 W,295.3,11,1.06,0.287,2.09,1.06,0.7062894897460937,0.7350199096679687,-9.765948571777344,-2.618320610687023,-0.916030534351145,0.8625954198473282,25.04764705882353
1761617800,3402.74928 N,08407.11706 W,295.3,11,1.06,0.287,2.09,1.06,0.59376201171875,0.7350199096679687,-9.756371765136718,-3.4580152671755724,-1.3358778625954197,1.5801526717557253,25.09470588235294
1761617801,3402.74929 N,08407.11701 W,295.3,11,1.06,0.287,2.09,1.06,0.6607996582031249,0.7709329345703124,-9.682151513671874,-3.1908396946564888,-1.1297709923664123,1.1297709923664123,24.953529411764706
1761617802,3402.74929 N,08407.11701 W,295.3,11,1.06,0.287,2.09,1.06,0.5123591552734374,0.8882488159179687,-9.751583361816406,-3.0381679389312977,-1.282442748091603,1.1068702290076335,24.953529411764706
1761617803,3402.74929 N,08407.11701 W,295.3,11,1.06,0.287,2.09,1.06,0.5961562133789062,0.7254431030273437,-9.775525378417969,-2.8396946564885495,-0.9847328244274809,1.16793893129771,25.04764705882353
1761617804,3402.74929 N,08407.11701 W,295.3,11,1.06,0.287,2.09,1.06,0.5674257934570313,0.7350199096679687,-9.78031378173828,-3.0229007633587788,-1.0229007633587786,0.9083969465648855,25.000588235294117
1761617805,3402.74929 N,08407.11701 W,295.3,11,1.06,0.287,2.09,1.06,0.6296750366210937,0.7589619262695312,-9.710881933593749,-2.900763358778626,-1.0763358778625953,1.0076335877862594,25.000588235294117
1761617806,3402.74929 N,08407.11701 W,295.3,11,1.06,0.287,2.09,1.06,0.5961562133789062,0.7661445312499999,-9.777919580078125,-2.763358778625954,-1.2213740458015268,0.9389312977099237,24.953529411764706
1761617807,3402.74929 N,08407.11701 W,295.3,11,1.06,0.258,2.09,1.06,0.5865794067382812,0.74699091796875,-9.804255798339844,-3.114503816793893,-1.015267175572519,1.4351145038167938,25.04764705882353
1761617808,3402.74929 N,08407.11701 W,295.3,11,1.06,0.258,2.09,1.06,0.6536170532226562,0.7589619262695312,-9.751583361816406,-3.1603053435114505,-1.1297709923664123,1.381679389312977,25.09470588235294
1761617809,3402.74929 N,08407.11698 W,295.4,11,1.06,0.258,2.09,1.06,0.46686932373046874,0.74699091796875,-9.727641345214844,-2.7938931297709924,-1.0763358778625953,1.1068702290076335,25.000588235294117
1761617810,3402.74929 N,08407.11698 W,295.4,11,1.06,0.258,2.09,1.06,0.6296750366210937,0.7900865478515624,-9.7683427734375,-3.1603053435114505,-0.9923664122137404,1.099236641221374,24.953529411764706
1761617811,3402.74929 N,08407.11698 W,295.4,11,1.06,0.258,2.09,1.06,0.6392518432617187,0.7254431030273437,-9.749189160156249,-2.8625954198473282,-0.8778625954198473,0.8549618320610687,25.000588235294117
1761617812,3402.74929 N,08407.11698 W,295.4,11,1.06,0.258,2.09,1.06,0.5674257934570313,0.7206546997070312,-9.80665,-2.6030534351145036,-0.9923664122137404,1.015267175572519,25.04764705882353
1761617813,3402.74929 N,08407.11698 W,295.4,11,1.06,0.258,2.09,1.06,0.5339069702148437,0.6440402465820312,-9.785102185058593,-2.9618320610687023,-0.9694656488549618,1.0458015267175573,25.09470588235294
1761617814,3402.74929 N,08407.11698 W,295.4,11,1.06,0.258,2.09,1.06,0.5482721801757812,0.7781155395507812,-9.782707983398437,-3.015267175572519,-1.083969465648855,1.1526717557251909,24.906470588235294
1761617815,3402.74929 N,08407.11698 W,295.4,11,1.06,0.250,2.09,1.06,0.603338818359375,0.7757213378906249,-9.74200655517578,-2.8625954198473282,-1.083969465648855,1.0534351145038168,25.04764705882353
1761617816,3402.74929 N,08407.11698 W,295.4,11,1.06,0.250,2.09,1.06,0.7613561279296874,0.8283937744140625,-9.658209497070311,-2.8702290076335877,-1.2061068702290076,1.1374045801526718,24.953529411764706
1761617817,3402.74927 N,08407.11688 W,295.7,11,1.06,0.250,2.09,1.06,0.5913678100585937,0.8212111694335937,-9.696516723632811,-3.763358778625954,-1.2442748091603053,1.6717557251908397,24.953529411764706
1761617818,3402.74927 N,08407.11688 W,295.7,11,1.06,0.250,2.09,1.06,0.55545478515625,0.6153098266601562,-9.777919580078125,-2.9770992366412212,-1.0458015267175573,1.1221374045801527,24.906470588235294
1761617819,3402.74927 N,08407.11688 W,295.7,11,1.06,0.250,2.09,1.06,0.6153098266601562,0.737414111328125,-9.773131176757811,-2.9236641221374047,-1.1145038167938932,0.7480916030534351,24.953529411764706
1761617820,3402.74927 N,08407.11688 W,295.7,11,1.06,0.250,2.09,1.06,0.6057330200195312,0.7422025146484375,-9.813832604980469,-2.900763358778626,-1.0687022900763359,0.8854961832061069,25.04764705882353
1761617821,3402.74927 N,08407.11688 W,295.7,11,1.06,0.250,2.09,1.06,0.4836287353515625,0.7924807495117187,-9.72285294189453,-2.6717557251908395,-1.1145038167938932,0.8015267175572519,25.141764705882352
1761617822,3402.74927 N,08407.11688 W,295.7,11,1.06,0.250,2.09,1.06,0.5889736083984375,0.7062894897460937,-9.718064538574218,-3.053435114503817,-1.0381679389312977,1.1374045801526718,24.953529411764706
1761617823,3402.74927 N,08407.11688 W,295.7,11,1.06,0.119,2.09,1.06,0.6464344482421874,0.8882488159179687,-9.900023864746093,-1.8625954198473282,-1.0687022900763359,0.2748091603053435,25.09470588235294
1761617824,3402.74927 N,08407.11688 W,295.7,11,1.06,0.119,2.09,1.06,0.6105214233398437,0.7805097412109374,-9.789890588378906,-2.3740458015267176,-1.015267175572519,0.5267175572519084,25.000588235294117
1761617825,3402.74927 N,08407.11679 W,295.7,11,1.06,0.119,2.09,1.06,0.6105214233398437,0.7781155395507812,-9.789890588378906,-2.7404580152671754,-1.0381679389312977,0.7938931297709924,24.953529411764706
1761617826,3402.74927 N,08407.11679 W,295.7,11,1.06,0.119,2.09,1.06,0.5482721801757812,0.7422025146484375,-9.811438403320311,-2.946564885496183,-1.099236641221374,0.8931297709923665,25.04764705882353
1761617827,3402.74927 N,08407.11679 W,295.7,11,1.06,0.119,2.09,1.06,0.5817910034179687,0.7685387329101562,-9.674968908691406,-2.8244274809160306,-0.9770992366412213,0.9083969465648855,25.000588235294117
1761617828,3402.74927 N,08407.11679 W,295.7,11,1.06,0.119,2.09,1.06,0.6200982299804687,0.7685387329101562,-9.76116016845703,-3.2061068702290076,-1.1374045801526718,1.4961832061068703,25.04764705882353
1761617829,3402.74927 N,08407.11679 W,295.7,11,1.06,0.119,2.09,1.06,0.5770026000976562,0.7493851196289062,-9.756371765136718,-3.1908396946564888,-1.1145038167938932,1.3969465648854962,25.000588235294117
1761617830,3402.74927 N,08407.11679 W,295.7,11,1.06,0.119,2.09,1.06,0.5793968017578125,0.7565677246093749,-9.74200655517578,-2.6946564885496183,-1.1450381679389312,0.8473282442748091,25.04764705882353
1761617831,3402.74927 N,08407.11679 W,295.7,11,1.06,0.024,2.09,1.06,0.5506663818359374,0.7829039428710937,-9.665392102050781,-3.015267175572519,-1.1755725190839694,1.1526717557251909,25.09470588235294
1761617832,3402.74927 N,08407.11679 W,295.7,11,1.06,0.024,2.09,1.06,0.5770026000976562,0.7589619262695312,-9.773131176757811,-2.9770992366412212,-1.213740458015267,0.9618320610687023,25.000588235294117
1761617833,3402.74929 N,08407.11692 W,295.2,11,1.06,0.024,2.09,1.06,0.6153098266601562,0.7589619262695312,-9.708487731933593,-2.9923664122137406,-0.9923664122137404,1.0916030534351144,25.04764705882353
1761617834,3402.74929 N,08407.11692 W,295.2,11,1.06,0.024,2.09,1.06,0.5530605834960938,0.7637503295898437,-9.720458740234374,-2.8931297709923665,-0.9389312977099237,0.8778625954198473,25.04764705882353
1761617835,3402.74929 N,08407.11692 W,295.2,11,1.06,0.024,2.09,1.06,0.5817910034179687,0.7254431030273437,-9.801861596679688,-2.282442748091603,-1.0076335877862594,0.648854961832061,25.000588235294117
1761617836,3402.74929 N,08407.11692 W,295.2,11,1.06,0.024,2.09,1.06,0.5793968017578125,0.7517793212890624,-9.739612353515625,-2.969465648854962,-1.0381679389312977,0.9923664122137404,25.000588235294117
1761617837,3402.74929 N,08407.11692 W,295.2,11,1.06,0.024,2.09,1.06,0.5746083984375,0.7565677246093749,-9.686939916992188,-3.7022900763358777,-1.5114503816793894,1.6946564885496183,25.000588235294117
1761617838,3402.74929 N,08407.11692 W,295.2,11,1.06,0.024,2.09,1.06,0.5626373901367188,0.6200982299804687,-9.89523546142578,-2.969465648854962,-1.0076335877862594,1.083969465648855,25.04764705882353
1761617839,3402.74929 N,08407.11692 W,295.2,11,1.06,0.408,2.09,1.06,0.5770026000976562,0.7589619262695312,-9.74200655517578,-2.877862595419847,-0.9465648854961832,0.7709923664122137,25.04764705882353
1761617840,3402.74929 N,08407.11692 W,295.2,11,1.06,0.408,2.09,1.06,0.5147533569335937,0.7541735229492187,-9.720458740234374,-2.7404580152671754,-1.1984732824427482,0.9007633587786259,25.000588235294117
1761617841,3402.74928 N,08407.11674 W,295.4,11,1.06,0.408,2.09,1.06,0.55545478515625,0.699106884765625,-9.720458740234374,-2.7557251908396947,-1.1755725190839694,1.2290076335877862,24.906470588235294
1761617842,3402.74928 N,08407.11674 W,295.4,11,1.06,0.408,2.09,1.06,0.5985504150390625,0.612915625,-9.8449572265625,-3.2213740458015265,-1.1526717557251909,1.2748091603053435,25.000588235294117
1761617843,3402.74928 N,08407.11674 W,295.4,11,1.06,0.408,2.09,1.06,0.603338818359375,0.7422025146484375,-9.665392102050781,-3.267175572519084,-1.1068702290076335,1.5877862595419847,25.09470588235294
1761617844,3402.74928 N,08407.11674 W,295.4,11,1.06,0.408,2.09,1.06,0.6488286499023437,0.612915625,-9.763554370117188,-3.8702290076335877,-1.1984732824427482,1.7786259541984732,25.04764705882353
1761617845,3402.74928 N,08407.11674 W,295.4,11,1.06,0.408,2.09,1.06,0.6536170532226562,0.7254431030273437,-9.746794958496093,-2.564885496183206,-0.9618320610687023,0.8396946564885496,24.953529411764706
1761617846,3402.74928 N,08407.11674 W,295.4,11,1.06,0.408,2.09,1.06,0.5482721801757812,0.7493851196289062,-9.734823950195311,-2.6946564885496183,-1.083969465648855,1.0,24.906470588235294
1761617847,3402.74928 N,08407.11674 W,295.4,11,1.06,0.150,2.09,1.06,0.5865794067382812,0.7709329345703124,-9.689334118652344,-2.572519083969466,-0.8549618320610687,0.7251908396946565,24.859411764705882
1761617848,3402.74928 N,08407.11674 W,295.4,11,1.06,0.150,2.09,1.06,0.5913678100585937,0.7565677246093749,-9.758765966796874,-2.5114503816793894,-1.1374045801526718,0.5572519083969466,25.04764705882353
1761617849,3402.74922 N,08407.11645 W,295.3,11,1.06,0.150,2.09,1.06,0.6368576416015624,0.7565677246093749,-9.689334118652344,-3.687022900763359,-0.9389312977099237,1.3435114503816794,25.000588235294117
1761617851,3402.74922 N,08407.11645 W,295.3,11,1.06,0.150,2.09,1.06,0.584185205078125,0.6919242797851562,-9.78031378173828,-2.954198473282443,-1.4045801526717556,0.8473282442748091,25.09470588235294
1761617852,3402.74922 N,08407.11645 W,295.3,11,1.06,0.150,2.09,1.06,0.6416460449218749,0.7278373046875,-9.662997900390625,-3.0076335877862594,-1.0458015267175573,0.9541984732824428,25.000588235294117
1761617853,3402.74922 N,08407.11645 W,295.3,11,1.06,0.150,2.09,1.06,0.48123453369140623,0.7805097412109374,-9.746794958496093,-2.9770992366412212,-1.2671755725190839,0.9923664122137404,25.000588235294117
1761617854,3402.74922 N,08407.11645 W,295.3,11,1.06,0.150,2.09,1.06,0.59376201171875,0.7972691528320313,-9.859322436523437,-2.9236641221374047,-1.2442748091603053,1.3435114503816794,25.000588235294117
1761617855,3402.74922 N,08407.11645 W,295.3,11,1.06,0.150,2.09,1.06,0.5434837768554687,0.7709329345703124,-9.758765966796874,-3.0229007633587788,-1.083969465648855,1.4122137404580153,24.906470588235294
1761617856,3402.74922 N,08407.11645 W,295.3,11,1.06,0.303,2.09,1.06,0.5722141967773438,0.7996633544921875,-9.849745629882811,-2.7022900763358777,-0.8244274809160306,1.0763358778625953,25.000588235294117
1761617857,3402.74922 N,08407.11645 W,295.3,11,1.06,0.303,2.09,1.06,0.5267243652343749,0.6344634399414062,-9.770736975097655,-2.9083969465648853,-1.1221374045801527,1.0381679389312977,25.000588235294117
1761617858,3402.74922 N,08407.11658 W,295.1,11,1.06,0.303,2.09,1.06,0.6200982299804687,0.833182177734375,-9.694122521972655,-3.068702290076336,-1.0458015267175573,1.4198473282442747,25.04764705882353
1761617859,3402.74922 N,08407.11658 W,295.1,11,1.06,0.303,2.09,1.06,0.6081272216796875,0.7541735229492187,-9.718064538574218,-2.549618320610687,-1.0305343511450382,1.0229007633587786,24.906470588235294
1761617860,3402.74922 N,08407.11658 W,295.1,11,1.06,0.303,2.09,1.06,0.5626373901367188,0.7805097412109374,-9.744400756835937,-2.9389312977099236,-1.0916030534351144,1.3053435114503817,24.953529411764706
1761617861,3402.74922 N,08407.11658 W,295.1,11,1.06,0.303,2.09,1.06,0.5674257934570313,0.7852981445312499,-9.737218151855469,-3.0763358778625953,-0.9465648854961832,1.1526717557251909,24.953529411764706
1761617862,3402.74922 N,08407.11658 W,295.1,11,1.06,0.303,2.09,1.06,0.5889736083984375,0.7996633544921875,-9.655815295410155,-3.0229007633587788,-1.0610687022900764,1.0610687022900764,24.953529411764706
1761617863,3402.74922 N,08407.11658 W,295.1,11,1.06,0.303,2.09,1.06,0.5674257934570313,0.9121908325195311,-9.686939916992188,-2.519083969465649,-1.1984732824427482,0.7557251908396947,25.000588235294117
1761617864,3402.74922 N,08407.11658 W,295.1,11,1.06,0.366,2.09,1.06,0.55545478515625,0.7781155395507812,-9.715670336914062,-3.0610687022900764,-0.9847328244274809,1.1221374045801527,25.000588235294117
1761617865,3402.74922 N,08407.11658 W,295.1,11,1.06,0.366,2.09,1.06,0.5770026000976562,0.9121908325195311,-9.720458740234374,-3.3053435114503817,-1.282442748091603,1.3358778625954197,24.953529411764706
1761617866,3402.74923 N,08407.11696 W,294.5,11,1.06,0.366,2.09,1.06,0.5865794067382812,0.7493851196289062,-9.773131176757811,-3.2519083969465647,-1.2748091603053435,1.4580152671755726,24.906470588235294
1761617867,3402.74923 N,08407.11696 W,294.5,11,1.06,0.366,2.09,1.06,0.63206923828125,0.8044517578125,-9.773131176757811,-2.7938931297709924,-1.0381679389312977,0.8473282442748091,25.000588235294117
1761617868,3402.74923 N,08407.11696 W,294.5,11,1.06,0.366,2.09,1.06,0.49320554199218747,0.612915625,-9.629479077148437,-2.9618320610687023,-1.1221374045801527,0.648854961832061,24.953529411764706
1761617869,3402.74923 N,08407.11696 W,294.5,11,1.06,0.366,2.09,1.06,0.6081272216796875,0.7972691528320313,-9.91438907470703,-4.152671755725191,-1.7786259541984732,2.3282442748091605,24.906470588235294
1761617870,3402.74923 N,08407.11696 W,294.5,11,1.06,0.366,2.09,1.06,0.584185205078125,0.7254431030273437,-9.7683427734375,-3.618320610687023,-1.183206106870229,1.4885496183206106,25.000588235294117
1761617871,3402.74923 N,08407.11696 W,294.5,11,1.06,0.366,2.09,1.06,0.6105214233398437,0.8690952026367187,-9.804255798339844,-3.282442748091603,-1.16793893129771,1.7938931297709924,24.953529411764706
1761617872,3402.74923 N,08407.11696 W,294.5,11,1.06,0.296,2.09,1.06,0.5219359619140624,0.7015010864257812,-9.706093530273437,-3.0,-1.015267175572519,1.0534351145038168,25.04764705882353
1761617873,3402.74923 N,08407.11696 W,294.5,11,1.06,0.296,2.09,1.06,0.565031591796875,0.6177040283203125,-9.706093530273437,-2.648854961832061,-1.1374045801526718,0.7480916030534351,24.906470588235294
1761617874,3402.74929 N,08407.11732 W,293.8,11,1.06,0.296,2.09,1.06,0.5674257934570313,0.6703764648437499,-9.732429748535155,-4.221374045801527,-2.4732824427480917,2.4885496183206106,25.000588235294117
1761617875,3402.74929 N,08407.11732 W,293.8,11,1.06,0.296,2.09,1.06,0.5865794067382812,0.7062894897460937,-9.739612353515625,-2.885496183206107,-1.1603053435114503,0.7404580152671756,25.000588235294117
1761617876,3402.74929 N,08407.11732 W,293.8,11,1.06,0.296,2.09,1.06,0.5698199951171875,0.8451531860351562,-9.811438403320311,-2.8091603053435112,-0.9236641221374046,1.1221374045801527,24.906470588235294
1761617877,3402.74929 N,08407.11732 W,293.8,11,1.06,0.296,2.09,1.06,0.5602431884765625,0.7733271362304687,-9.689334118652344,-2.9083969465648853,-1.015267175572519,1.083969465648855,25.04764705882353
1761617878,3402.74929 N,08407.11732 W,293.8,11,1.06,0.296,2.09,1.06,0.6009446166992187,0.7924807495117187,-9.674968908691406,-2.816793893129771,-0.8854961832061069,1.2290076335877862,24.906470588235294
1761617879,3402.74929 N,08407.11732 W,293.8,11,1.06,0.296,2.09,1.06,0.6081272216796875,0.7493851196289062,-9.715670336914062,-3.1526717557251906,-1.2366412213740459,1.0229007633587786,25.04764705882353
1761617880,3402.74929 N,08407.11732 W,293.8,11,1.06,0.207,2.09,1.06,0.5817910034179687,0.7733271362304687,-9.770736975097655,-2.984732824427481,-1.083969465648855,1.099236641221374,25.000588235294117
1761617881,3402.74929 N,08407.11732 W,293.8,11,1.06,0.207,2.09,1.06,0.5793968017578125,0.833182177734375,-9.701305126953125,-2.7709923664122136,-1.0916030534351144,0.7022900763358778,25.000588235294117
1761617882,3402.74929 N,08407.11762 W,293.6,11,1.06,0.207,2.09,1.06,0.5458779785156249,0.7062894897460937,-9.83777462158203,-2.8396946564885495,-1.0305343511450382,0.6870229007633588,25.04764705882353
1761617883,3402.74929 N,08407.11762 W,293.6,11,1.06,0.207,2.09,1.06,0.6344634399414062,0.7876923461914062,-9.727641345214844,-3.0839694656488548,-1.1297709923664123,0.9389312977099237,24.906470588235294
1761617884,3402.74929 N,08407.11762 W,293.6,11,1.06,0.207,2.09,1.06,0.5722141967773438,0.7781155395507812,-9.751583361816406,-2.946564885496183,-1.0229007633587786,1.2290076335877862,24.953529411764706
1761617885,3402.74929 N,08407.11762 W,293.6,11,1.06,0.207,2.09,1.06,0.5889736083984375,0.7972691528320313,-9.739612353515625,-3.015267175572519,-1.1908396946564885,1.099236641221374,24.953529411764706
1761617886,3402.74929 N,08407.11762 W,293.6,11,1.06,0.207,2.09,1.06,0.5626373901367188,0.7637503295898437,-9.6917283203125,-2.8931297709923665,-1.0076335877862594,1.1068702290076335,24.906470588235294
1761617887,3402.74929 N,08407.11762 W,293.6,11,1.06,0.207,2.09,1.06,0.5147533569335937,0.7661445312499999,-9.672574707031249,-2.9160305343511452,-1.1221374045801527,1.0381679389312977,25.000588235294117
1761617888,3402.74929 N,08407.11762 W,293.6,11,1.06,0.131,2.09,1.06,0.5889736083984375,0.7350199096679687,-9.816226806640625,-2.9236641221374047,-1.0687022900763359,1.083969465648855,24.906470588235294
1761617889,3402.74929 N,08407.11762 W,293.6,11,1.06,0.131,2.09,1.06,0.584185205078125,0.74699091796875,-9.758765966796874,-2.816793893129771,-1.0610687022900764,1.083969465648855,25.04764705882353
1761617890,3402.74927 N,08407.11783 W,293.4,11,1.06,0.131,2.09,1.06,0.612915625,0.7398083129882812,-9.770736975097655,-2.946564885496183,-0.9236641221374046,1.0534351145038168,24.906470588235294
1761617891,3402.74927 N,08407.11783 W,293.4,11,1.06,0.131,2.09,1.06,0.5865794067382812,0.7589619262695312,-9.727641345214844,-2.9389312977099236,-1.1068702290076335,0.916030534351145,24.953529411764706
1761617892,3402.74927 N,08407.11783 W,293.4,11,1.06,0.131,2.09,1.06,0.51714755859375,0.814028564453125,-9.753977563476562,-3.045801526717557,-1.1908396946564885,1.0763358778625953,25.04764705882353
1761617893,3402.74927 N,08407.11783 W,293.4,11,1.06,0.131,2.09,1.06,0.6177040283203125,0.7972691528320313,-9.679757312011718,-3.053435114503817,-1.1450381679389312,0.9312977099236641,24.953529411764706
1761617894,3402.74927 N,08407.11783 W,293.4,11,1.06,0.131,2.09,1.06,0.5602431884765625,0.7781155395507812,-9.794678991699218,-2.9618320610687023,-1.0916030534351144,1.1603053435114503,25.000588235294117
1761617895,3402.74927 N,08407.11783 W,293.4,11,1.06,0.131,2.09,1.06,0.565031591796875,0.7493851196289062,-9.765948571777344,-2.9923664122137406,-1.0305343511450382,1.4122137404580153,25.000588235294117
1761617896,3402.74927 N,08407.11783 W,293.4,11,1.06,0.092,2.09,1.06,0.6200982299804687,0.7350199096679687,-9.83777462158203,-3.900763358778626,-1.366412213740458,2.16793893129771,24.906470588235294
1761617897,3402.74927 N,08407.11783 W,293.4,11,1.06,0.092,2.09,1.06,0.5889736083984375,0.699106884765625,-9.686939916992188,-1.015267175572519,-0.6717557251908397,-0.32061068702290074,25.000588235294117
1761617898,3402.74926 N,08407.11804 W,293.2,11,1.06,0.092,2.09,1.06,0.5722141967773438,0.7948749511718749,-9.763554370117188,-3.1374045801526718,-1.3206106870229009,1.4885496183206106,24.953529411764706
1761617899,3402.74926 N,08407.11804 W,293.2,11,1.06,0.092,2.09,1.06,0.6081272216796875,0.6464344482421874,-9.782707983398437,-2.763358778625954,-1.0458015267175573,0.8244274809160306,25.04764705882353
1761617900,3402.74926 N,08407.11804 W,293.2,11,1.06,0.092,2.09,1.06,0.5578489868164063,0.7134720947265625,-9.662997900390625,-2.7709923664122136,-1.1755725190839694,0.6793893129770993,24.953529411764706
1761617901,3402.74926 N,08407.11804 W,293.2,11,1.06,0.092,2.09,1.06,0.5793968017578125,0.8092401611328125,-9.667786303710937,-3.236641221374046,-1.1297709923664123,1.213740458015267,24.906470588235294
1761617902,3402.74926 N,08407.11804 W,293.2,11,1.06,0.092,2.09,1.06,0.5865794067382812,0.814028564453125,-9.878476049804688,-2.9618320610687023,-1.1984732824427482,1.0305343511450382,25.04764705882353
1761617903,3402.74926 N,08407.11804 W,293.2,11,1.06,0.092,2.09,1.06,0.6464344482421874,0.7302315063476562,-9.900023864746093,-2.763358778625954,-1.1297709923664123,0.9618320610687023,25.09470588235294
1761617904,3402.74926 N,08407.11804 W,293.2,11,1.06,0.032,2.09,1.06,0.4955997436523437,0.8068459594726562,-9.74200655517578,-2.6564885496183206,-1.0458015267175573,1.0,25.000588235294117
1761617905,3402.74926 N,08407.11804 W,293.2,11,1.06,0.032,2.09,1.06,0.603338818359375,0.7709329345703124,-9.840168823242188,-3.2595419847328246,-1.1374045801526718,1.5877862595419847,25.04764705882353
1761617906,3402.74923 N,08407.11817 W,293.3,11,1.17,0.032,2.09,1.06,0.5913678100585937,0.7613561279296874,-9.797073193359374,-3.114503816793893,-1.1908396946564885,1.183206106870229,24.906470588235294
1761617907,3402.74923 N,08407.11817 W,293.3,11,1.17,0.032,2.37,1.17,0.5961562133789062,0.7589619262695312,-9.749189160156249,-3.122137404580153,-1.083969465648855,1.1755725190839694,24.953529411764706
1761617908,3402.74923 N,08407.11817 W,293.3,11,1.17,0.032,2.37,1.17,0.612915625,0.7972691528320313,-9.789890588378906,-3.030534351145038,-1.183206106870229,1.1297709923664123,25.04764705882353
1761617909,3402.74923 N,08407.11817 W,293.3,11,1.17,0.032,2.37,1.17,0.603338818359375,0.6272808349609375,-9.713276135253906,-3.2900763358778624,-1.083969465648855,1.5801526717557253,24.953529411764706
1761617910,3402.74923 N,08407.11817 W,293.3,11,1.17,0.032,2.37,1.17,0.612915625,0.7757213378906249,-9.730035546875,-2.5114503816793894,-0.9007633587786259,0.6259541984732825,25.000588235294117
1761617911,3402.74923 N,08407.11817 W,293.3,11,1.17,0.032,2.37,1.17,0.5961562133789062,0.7733271362304687,-9.76116016845703,-3.0610687022900764,-1.015267175572519,1.2671755725190839,25.141764705882352
1761617912,3402.74923 N,08407.11817 W,293.3,11,1.17,0.102,2.37,1.17,0.5578489868164063,0.612915625,-9.753977563476562,-3.122137404580153,-1.1068702290076335,1.0534351145038168,25.000588235294117
1761617913,3402.74923 N,08407.11817 W,293.3,11,1.17,0.102,2.37,1.17,0.6177040283203125,0.7637503295898437,-9.76116016845703,-2.6030534351145036,-1.0229007633587786,0.6183206106870229,24.906470588235294
1761617914,3402.74923 N,08407.11823 W,293.2,10,1.07,0.102,2.37,1.17,0.5746083984375,0.7302315063476562,-9.751583361816406,-2.5801526717557253,-1.1526717557251909,0.7862595419847328,24.953529411764706
1761617915,3402.74923 N,08407.11823 W,293.2,10,1.07,0.102,2.21,1.07,0.46208092041015625,0.9002198242187499,-9.777919580078125,-3.2519083969465647,-1.2213740458015268,1.251908396946565,25.09470588235294
1761617916,3402.74923 N,08407.11823 W,293.2,10,1.07,0.102,2.21,1.07,0.5147533569335937,0.70868369140625,-9.734823950195311,-3.1297709923664123,-1.1526717557251909,0.8931297709923665,25.09470588235294
1761617917,3402.74923 N,08407.11823 W,293.2,10,1.07,0.102,2.21,1.07,0.6009446166992187,0.7781155395507812,-9.763554370117188,-2.717557251908397,-1.0305343511450382,1.0,25.000588235294117
1761617918,3402.74923 N,08407.11823 W,293.2,10,1.07,0.102,2.21,1.07,0.7589619262695312,0.6416460449218749,-9.890447058105469,-3.0839694656488548,-1.1297709923664123,1.2213740458015268,25.141764705882352
1761617919,3402.74923 N,08407.11823 W,293.2,10,1.07,0.102,2.21,1.07,0.5602431884765625,0.8571241943359375,-9.679757312011718,-2.7786259541984735,-1.2671755725190839,1.0610687022900764,25.09470588235294
1761617920,3402.74923 N,08407.11823 W,293.2,10,1.07,0.164,2.21,1.07,0.5722141967773438,0.7733271362304687,-9.746794958496093,-3.1526717557251906,-1.4045801526717556,0.2900763358778626,25.09470588235294
1761617921,3402.74923 N,08407.11823 W,293.2,10,1.07,0.164,2.21,1.07,0.5363011718749999,0.7852981445312499,-9.947907897949218,-2.8396946564885495,-1.2595419847328244,1.2442748091603053,25.04764705882353
1761617922,3402.74921 N,08407.11818 W,293.6,11,1.07,0.164,2.21,1.07,0.689530078125,0.7230489013671875,-9.782707983398437,-3.045801526717557,-0.9923664122137404,1.3740458015267176,25.09470588235294
1761617923,3402.74921 N,08407.11818 W,293.6,11,1.07,0.164,2.09,1.07,0.5243301635742187,0.7781155395507812,-9.751583361816406,-3.0763358778625953,-1.2061068702290076,1.0229007633587786,25.09470588235294
1761617924,3402.74921 N,08407.11818 W,293.6,11,1.07,0.164,2.09,1.07,0.5793968017578125,0.7661445312499999,-9.773131176757811,-2.931297709923664,-1.2213740458015268,1.1908396946564885,25.04764705882353
1761617925,3402.74921 N,08407.11818 W,293.6,11,1.07,0.164,2.09,1.07,0.622492431640625,0.8020575561523438,-9.840168823242188,-2.984732824427481,-1.2442748091603053,1.0305343511450382,25.000588235294117
1761617926,3402.74921 N,08407.11818 W,293.6,11,1.07,0.164,2.09,1.07,0.6081272216796875,0.8906430175781249,-9.911994873046874,-3.0381679389312977,-0.9770992366412213,0.9389312977099237,25.09470588235294
1761617927,3402.74921 N,08407.11818 W,293.6,11,1.07,0.164,2.09,1.07,0.5482721801757812,0.7757213378906249,-9.72285294189453,-2.786259541984733,-1.1068702290076335,1.0305343511450382,25.000588235294117
1761617928,3402.74921 N,08407.11818 W,293.6,11,1.07,0.207,2.09,1.07,0.47644613037109373,0.9169792358398436,-9.830592016601562,-2.8091603053435112,-1.1221374045801527,1.0076335877862594,25.09470588235294
1761617929,3402.74921 N,08407.11818 W,293.6,11,1.07,0.207,2.09,1.07,0.584185205078125,0.7541735229492187,-9.765948571777344,-2.801526717557252,-1.1755725190839694,1.1755725190839694,25.09470588235294
1761617930,3402.74917 N,08407.11820 W,293.7,11,1.07,0.207,2.09,1.07,0.5698199951171875,0.612915625,-9.787496386718749,-2.8396946564885495,-1.2061068702290076,1.0763358778625953,25.09470588235294
1761617931,3402.74917 N,08407.11820 W,293.7,11,1.07,0.207,2.09,1.07,0.5602431884765625,0.7398083129882812,-9.749189160156249,-3.0381679389312977,-1.0305343511450382,0.9541984732824428,25.09470588235294
1761617932,3402.74917 N,08407.11820 W,293.7,11,1.07,0.207,2.09,1.07,0.59376201171875,0.6416460449218749,-9.737218151855469,-3.045801526717557,-1.0916030534351144,1.183206106870229,25.04764705882353
1761617933,3402.74917 N,08407.11820 W,293.7,11,1.07,0.207,2.09,1.07,0.5626373901367188,0.74699091796875,-9.756371765136718,-2.9389312977099236,-0.9694656488549618,0.9770992366412213,25.04764705882353
1761617934,3402.74917 N,08407.11820 W,293.7,11,1.07,0.207,2.09,1.07,0.5985504150390625,0.814028564453125,-9.7683427734375,-2.8625954198473282,-1.2442748091603053,0.9389312977099237,25.04764705882353
1761617935,3402.74917 N,08407.11820 W,293.7,11,1.07,0.207,2.09,1.07,0.584185205078125,0.7422025146484375,-9.655815295410155,-2.6564885496183206,-1.1374045801526718,1.0305343511450382,25.04764705882353
1761617936,3402.74917 N,08407.11820 W,293.7,11,1.07,0.178,2.09,1.07,0.603338818359375,0.8092401611328125,-9.734823950195311,-2.7786259541984735,-1.083969465648855,0.9618320610687023,25.000588235294117
1761617937,3402.74917 N,08407.11820 W,293.7,11,1.07,0.178,2.09,1.07,0.5817910034179687,0.6440402465820312,-9.718064538574218,-2.854961832061069,-1.2595419847328244,1.0534351145038168,24.953529411764706
1761617938,3402.74916 N,08407.11839 W,293.3,11,1.07,0.178,2.09,1.07,0.603338818359375,0.7613561279296874,-9.720458740234374,-2.946564885496183,-1.0305343511450382,1.1450381679389312,24.953529411764706
1761617939,3402.74916 N,08407.11839 W,293.3,11,1.07,0.178,2.09,1.07,0.5434837768554687,0.7541735229492187,-9.74200655517578,-2.8091603053435112,-1.1908396946564885,0.9236641221374046,25.04764705882353
1761617940,3402.74916 N,08407.11839 W,293.3,11,1.07,0.178,2.09,1.07,0.6248866333007812,0.7852981445312499,-9.677363110351562,-2.854961832061069,-1.3129770992366412,0.9236641221374046,25.000588235294117
1761617941,3402.74916 N,08407.11839 W,293.3,11,1.07,0.178,2.09,1.07,0.469263525390625,0.8092401611328125,-9.732429748535155,-2.7709923664122136,-1.0305343511450382,1.015267175572519,24.953529411764706
1761617942,3402.74916 N,08407.11839 W,293.3,11,1.07,0.178,2.09,1.07,0.584185205078125,0.7326257080078125,-9.737218151855469,-3.0381679389312977,-1.1221374045801527,1.015267175572519,25.04764705882353
1761617943,3402.74916 N,08407.11839 W,293.3,11,1.07,0.178,2.09,1.07,0.5746083984375,0.8068459594726562,-9.74200655517578,-2.618320610687023,-1.0534351145038168,0.8702290076335878,25.000588235294117
1761617944,3402.74916 N,08407.11839 W,293.3,11,1.07,0.093,2.09,1.07,0.5817910034179687,0.7038952880859375,-9.710881933593749,-2.9618320610687023,-1.1908396946564885,1.0458015267175573,25.000588235294117
1761617945,3402.74916 N,08407.11839 W,293.3,11,1.07,0.093,2.09,1.07,0.45968671875,0.8164227661132812,-9.696516723632811,-2.8473282442748094,-0.9389312977099237,1.0916030534351144,25.000588235294117
1761617946,3402.74912 N,08407.11840 W,293.6,11,1.07,0.093,2.09,1.07,0.5865794067382812,0.6751648681640625,-9.931148486328125,-2.984732824427481,-1.1221374045801527,1.1450381679389312,25.04764705882353
1761617947,3402.74912 N,08407.11840 W,293.6,11,1.07,0.093,2.09,1.07,0.603338818359375,0.8092401611328125,-9.928754284667969,-3.0076335877862594,-1.0229007633587786,1.0534351145038168,25.09470588235294
1761617948,3402.74912 N,08407.11840 W,293.6,11,1.07,0.093,2.09,1.07,0.5746083984375,0.6153098266601562,-9.756371765136718,-2.969465648854962,-1.1297709923664123,0.8320610687022901,24.906470588235294
1761617949,3402.74912 N,08407.11840 W,293.6,11,1.07,0.093,2.09,1.07,0.565031591796875,0.7781155395507812,-9.80665,-2.877862595419847,-1.0,1.2748091603053435,25.000588235294117
1761617950,3402.74912 N,08407.11840 W,293.6,11,1.07,0.093,2.09,1.07,0.5482721801757812,0.612915625,-9.64623848876953,-2.83206106870229,-0.9770992366412213,0.9541984732824428,25.09470588235294
1761617951,3402.74912 N,08407.11840 W,293.6,11,1.07,0.093,2.09,1.07,0.612915625,0.7015010864257812,-9.744400756835937,-2.7022900763358777,-1.1984732824427482,0.9389312977099237,25.000588235294117
1761617952,3402.74912 N,08407.11840 W,293.6,11,1.07,0.136,2.09,1.07,0.584185205078125,0.7852981445312499,-9.79946739501953,-2.854961832061069,-1.0763358778625953,1.0458015267175573,25.000588235294117
1761617953,3402.74912 N,08407.11840 W,293.6,11,1.07,0.136,2.09,1.07,0.6248866333007812,0.8020575561523438,-9.718064538574218,-3.381679389312977,-1.0687022900763359,1.2748091603053435,24.953529411764706
1761617954,3402.74911 N,08407.11848 W,293.7,11,1.07,0.136,2.09,1.07,0.5315127685546874,0.6871358764648438,-9.801861596679688,-3.114503816793893,-1.6488549618320612,1.6259541984732824,25.04764705882353
1761617955,3402.74911 N,08407.11848 W,293.7,11,1.07,0.136,2.09,1.07,0.5386953735351562,0.7110778930664062,-9.840168823242188,-1.4274809160305344,-1.7786259541984732,0.25190839694656486,25.04764705882353
1761617956,3402.74911 N,08407.11848 W,293.7,11,1.07,0.136,2.09,1.07,0.584185205078125,0.7685387329101562,-9.782707983398437,-1.8931297709923665,-0.8854961832061069,0.8473282442748091,24.953529411764706
1761617957,3402.74911 N,08407.11848 W,293.7,11,1.07,0.136,2.09,1.07,0.584185205078125,0.7398083129882812,-9.823409411621093,-3.2061068702290076,-0.9083969465648855,1.0381679389312977,25.09470588235294
1761617958,3402.74911 N,08407.11848 W,293.7,11,1.07,0.136,2.09,1.07,0.5578489868164063,0.7852981445312499,-9.72285294189453,-3.3587786259541983,-1.2061068702290076,1.8396946564885497,25.04764705882353
1761617959,3402.74911 N,08407.11848 W,293.7,11,1.07,0.136,2.09,1.07,0.5722141967773438,0.6153098266601562,-9.87608184814453,-3.4580152671755724,-1.2061068702290076,1.6259541984732824,25.000588235294117
1761617960,3402.74911 N,08407.11848 W,293.7,11,1.07,0.083,2.09,1.07,0.5147533569335937,0.7637503295898437,-9.739612353515625,-2.854961832061069,-1.1374045801526718,0.8244274809160306,25.000588235294117
1761617961,3402.74911 N,08407.11848 W,293.7,11,1.07,0.083,2.09,1.07,0.5985504150390625,0.7326257080078125,-9.701305126953125,-2.5114503816793894,-0.916030534351145,1.0305343511450382,25.000588235294117
1761617963,3402.74911 N,08407.11853 W,293.9,11,1.07,0.083,2.09,1.07,0.5793968017578125,0.7158662963867187,-9.658209497070311,-3.099236641221374,-1.2595419847328244,1.3435114503816794,25.000588235294117
1761617964,3402.74911 N,08407.11853 W,293.9,11,1.07,0.083,2.09,1.07,0.612915625,0.6440402465820312,-9.68454571533203,-3.2595419847328246,-1.1984732824427482,1.4961832061068703,24.953529411764706
1761617965,3402.74911 N,08407.11853 W,293.9,11,1.07,0.083,2.09,1.07,0.5315127685546874,0.7733271362304687,-9.751583361816406,-2.900763358778626,-1.1068702290076335,0.7633587786259542,25.04764705882353
1761617966,3402.74911 N,08407.11853 W,293.9,11,1.07,0.083,2.09,1.07,0.603338818359375,0.7709329345703124,-9.730035546875,-3.4580152671755724,-1.0458015267175573,1.5801526717557253,25.141764705882352
1761617967,3402.74911 N,08407.11853 W,293.9,11,1.07,0.083,2.09,1.07,0.5386953735351562,0.7565677246093749,-9.950302099609374,-3.33587786259542,-1.8625954198473282,1.7557251908396947,24.906470588235294
1761617968,3402.74911 N,08407.11853 W,293.9,11,1.07,0.083,2.09,1.07,0.5985504150390625,0.7829039428710937,-9.83777462158203,-3.099236641221374,-0.6870229007633588,0.816793893129771,24.906470588235294
1761617969,3402.74911 N,08407.11853 W,293.9,11,1.07,0.117,2.09,1.07,0.5482721801757812,0.7972691528320313,-9.885658654785155,-2.435114503816794,-0.9694656488549618,0.6946564885496184,25.04764705882353
1761617970,3402.74911 N,08407.11853 W,293.9,11,1.07,0.117,2.09,1.07,0.5195417602539062,0.6153098266601562,-9.76116016845703,-2.7022900763358777,-1.1221374045801527,0.8702290076335878,25.04764705882353
1761617971,3402.74909 N,08407.11851 W,294.1,11,1.17,0.117,2.09,1.07,0.5770026000976562,0.7805097412109374,-9.926360083007811,-2.931297709923664,-1.015267175572519,1.0916030534351144,25.04764705882353
1761617972,3402.74909 N,08407.11851 W,294.1,11,1.17,0.117,2.37,1.17,0.5267243652343749,0.8020575561523438,-9.739612353515625,-2.984732824427481,-1.0916030534351144,1.0687022900763359,25.04764705882353
1761617973,3402.74909 N,08407.11851 W,294.1,11,1.17,0.117,2.37,1.17,0.5770026000976562,0.9026140258789062,-9.794678991699218,-3.053435114503817,-1.1068702290076335,0.7557251908396947,25.000588235294117
1761617974,3402.74909 N,08407.11851 W,294.1,11,1.17,0.117,2.37,1.17,0.4644751220703125,0.7924807495117187,-9.792284790039062,-3.030534351145038,-1.015267175572519,0.9083969465648855,25.000588235294117
1761617975,3402.74909 N,08407.11851 W,294.1,11,1.17,0.117,2.37,1.17,0.5746083984375,0.7422025146484375,-9.739612353515625,-3.015267175572519,-1.0763358778625953,0.9618320610687023,24.953529411764706
1761617976,3402.74909 N,08407.11851 W,294.1,11,1.17,0.117,2.37,1.17,0.5243301635742187,0.737414111328125,-9.787496386718749,-2.648854961832061,-1.1068702290076335,0.9236641221374046,25.09470588235294
1761617977,3402.74909 N,08407.11851 W,294.1,11,1.17,0.397,2.37,1.17,0.603338818359375,0.7661445312499999,-9.698910925292969,-3.7404580152671754,-1.297709923664122,2.4198473282442747,25.000588235294117
1761617978,3402.74909 N,08407.11851 W,294.1,11,1.17,0.397,2.37,1.17,0.5889736083984375,0.8283937744140625,-9.744400756835937,-2.618320610687023,-0.9389312977099237,0.37404580152671757,25.04764705882353
1761617979,3402.74908 N,08407.11862 W,293.9,11,1.07,0.397,2.37,1.17,0.6368576416015624,0.7829039428710937,-9.74200655517578,-3.0763358778625953,-0.9847328244274809,1.015267175572519,24.953529411764706
1761617980,3402.74908 N,08407.11862 W,293.9,11,1.07,0.397,2.09,1.07,0.5817910034179687,0.7972691528320313,-9.749189160156249,-2.854961832061069,-1.1221374045801527,0.9236641221374046,24.953529411764706
1761617981,3402.74908 N,08407.11862 W,293.9,11,1.07,0.397,2.09,1.07,0.6967126831054687,0.9074024291992187,-9.797073193359374,-3.0916030534351147,-1.0229007633587786,0.7938931297709924,25.000588235294117
1761617982,3402.74908 N,08407.11862 W,293.9,11,1.07,0.397,2.09,1.07,0.5961562133789062,0.7661445312499999,-9.76116016845703,-2.9083969465648853,-0.9847328244274809,1.0534351145038168,25.04764705882353
1761617983,3402.74908 N,08407.11862 W,293.9,11,1.07,0.397,2.09,1.07,0.5386953735351562,0.7709329345703124,-9.792284790039062,-2.877862595419847,-1.1755725190839694,0.8320610687022901,24.906470588235294
1761617984,3402.74908 N,08407.11862 W,293.9,11,1.07,0.397,2.09,1.07,0.5386953735351562,0.7278373046875,-9.753977563476562,-3.0229007633587788,-1.0687022900763359,1.0687022900763359,24.906470588235294
1761617985,3402.74908 N,08407.11862 W,293.9,11,1.07,0.416,2.09,1.07,0.59376201171875,0.7613561279296874,-9.897629663085937,-2.786259541984733,-1.1221374045801527,1.1755725190839694,24.953529411764706
1761617986,3402.74908 N,08407.11862 W,293.9,11,1.07,0.416,2.09,1.07,0.6105214233398437,0.7685387329101562,-9.6917283203125,-3.0076335877862594,-1.1603053435114503,1.0229007633587786,25.000588235294117
1761617987,3402.74909 N,08407.11866 W,293.9,11,1.07,0.416,2.09,1.07,0.5530605834960938,0.7326257080078125,-9.792284790039062,-2.9236641221374047,-1.0381679389312977,1.083969465648855,25.000588235294117
1761617988,3402.74909 N,08407.11866 W,293.9,11,1.07,0.416,2.09,1.07,0.737414111328125,0.7493851196289062,-9.751583361816406,-2.816793893129771,-0.9465648854961832,1.083969465648855,24.953529411764706
1761617989,3402.74909 N,08407.11866 W,293.9,11,1.07,0.416,2.09,1.07,0.59376201171875,0.7805097412109374,-9.777919580078125,-2.5267175572519083,-1.0381679389312977,0.7251908396946565,24.953529411764706
1761617990,3402.74909 N,08407.11866 W,293.9,11,1.07,0.416,2.09,1.07,0.5291185668945312,0.8068459594726562,-9.655815295410155,-1.984732824427481,-1.0,3.3740458015267176,25.000588235294117
1761617991,3402.74909 N,08407.11866 W,293.9,11,1.07,0.416,2.09,1.07,0.7613561279296874,0.8451531860351562,-9.725247143554688,-8.98473282442748,-2.1068702290076335,6.106870229007634,24.953529411764706
1761617992,3402.74909 N,08407.11866 W,293.9,11,1.07,0.416,2.09,1.07,0.47884033203125,0.7661445312499999,-9.74200655517578,-2.2061068702290076,-1.1068702290076335,0.29770992366412213,24.906470588235294
1761617993,3402.74909 N,08407.11866 W,293.9,11,1.07,0.254,2.09,1.07,0.6416460449218749,0.7158662963867187,-9.710881933593749,-2.0839694656488548,-0.732824427480916,0.4351145038167939,24.953529411764706
1761617994,3402.74909 N,08407.11866 W,293.9,11,1.07,0.254,2.09,1.07,0.6368576416015624,0.7637503295898437,-9.749189160156249,-2.984732824427481,-1.2748091603053435,0.5954198473282443,24.953529411764706
1761617995,3402.74910 N,08407.11868 W,293.9,11,1.07,0.254,2.09,1.07,0.49799394531249996,0.7685387329101562,-9.7683427734375,-3.2442748091603053,-1.5725190839694656,1.9083969465648856,24.953529411764706
1761617996,3402.74910 N,08407.11868 W,293.9,11,1.07,0.254,2.09,1.07,0.5985504150390625,0.7685387329101562,-9.682151513671874,-3.2748091603053435,-1.099236641221374,1.282442748091603,24.953529411764706
1761617997,3402.74910 N,08407.11868 W,293.9,11,1.07,0.254,2.09,1.07,0.565031591796875,0.7613561279296874,-9.854534033203125,-0.9083969465648855,-0.8549618320610687,-1.099236641221374,24.906470588235294
1761617998,3402.74910 N,08407.11868 W,293.9,11,1.07,0.254,2.09,1.07,0.565031591796875,0.7709329345703124,-9.715670336914062,-3.1603053435114505,-1.0458015267175573,1.213740458015267,25.04764705882353
1761617999,3402.74910 N,08407.11868 W,293.9,11,1.07,0.254,2.09,1.07,0.5363011718749999,0.6177040283203125,-9.70369932861328,-2.381679389312977,-0.9007633587786259,0.6335877862595419,24.953529411764706
1761618000,3402.74910 N,08407.11868 W,293.9,11,1.07,0.254,2.09,1.07,0.5578489868164063,0.8044517578125,-9.72285294189453,-2.8091603053435112,-1.015267175572519,0.8625954198473282,24.953529411764706
1761618001,3402.74910 N,08407.11868 W,293.9,11,1.07,0.193,2.09,1.07,0.5578489868164063,0.7613561279296874,-9.72285294189453,-2.6412213740458017,-0.8625954198473282,0.5343511450381679,25.000588235294117
1761618002,3402.74910 N,08407.11868 W,293.9,11,1.07,0.193,2.09,1.07,0.5698199951171875,0.7709329345703124,-9.809044201660155,-3.198473282442748,-1.2290076335877862,1.1908396946564885,25.04764705882353
1761618003,3402.74915 N,08407.11875 W,293.7,11,1.07,0.193,2.09,1.07,0.5793968017578125,0.7062894897460937,-9.792284790039062,-2.7557251908396947,-1.0458015267175573,0.8549618320610687,25.000588235294117
1761618004,3402.74915 N,08407.11875 W,293.7,11,1.07,0.193,2.09,1.07,0.5482721801757812,0.8882488159179687,-9.727641345214844,-3.0229007633587788,-1.0229007633587786,1.3129770992366412,24.953529411764706
1761618005,3402.74915 N,08407.11875 W,293.7,11,1.07,0.193,2.09,1.07,0.5722141967773438,0.6153098266601562,-9.725247143554688,-3.2061068702290076,-0.9923664122137404,1.16793893129771,24.859411764705882
1761618006,3402.74915 N,08407.11875 W,293.7,11,1.07,0.193,2.09,1.07,0.5602431884765625,0.7661445312499999,-9.725247143554688,-2.7786259541984735,-1.0076335877862594,1.1374045801526718,25.000588235294117
1761618007,3402.74915 N,08407.11875 W,293.7,11,1.07,0.193,2.09,1.07,0.5746083984375,0.7876923461914062,-9.911994873046874,-2.9389312977099236,-1.1526717557251909,0.9847328244274809,25.000588235294117
1761618008,3402.74915 N,08407.11875 W,293.7,11,1.07,0.193,2.09,1.07,0.5985504150390625,0.6847416748046875,-9.65342109375,-2.877862595419847,-0.9694656488549618,1.0229007633587786,24.906470588235294
1761618009,3402.74915 N,08407.11875 W,293.7,11,1.07,0.417,2.09,1.07,0.5434837768554687,0.6464344482421874,-9.670180505371093,-3.0381679389312977,-0.7786259541984732,1.2595419847328244,25.09470588235294
1761618010,3402.74915 N,08407.11875 W,293.7,11,1.07,0.417,2.09,1.07,0.49799394531249996,0.8188169677734375,-9.775525378417969,-2.6030534351145036,-1.1984732824427482,0.6030534351145038,25.04764705882353
1761618011,3402.74915 N,08407.11869 W,293.7,11,1.07,0.417,2.09,1.07,0.5698199951171875,0.7805097412109374,-9.753977563476562,-2.877862595419847,-1.083969465648855,1.0534351145038168,25.04764705882353
1761618012,3402.74915 N,08407.11869 W,293.7,11,1.07,0.417,2.09,1.07,0.5267243652343749,0.74699091796875,-9.804255798339844,-2.8702290076335877,-0.7862595419847328,1.5572519083969465,25.000588235294117
1761618013,3402.74915 N,08407.11869 W,293.7,11,1.07,0.417,2.09,1.07,0.5793968017578125,0.7996633544921875,-9.957484704589843,-3.015267175572519,-1.0534351145038168,1.099236641221374,25.04764705882353
1761618014,3402.74915 N,08407.11869 W,293.7,11,1.07,0.417,2.09,1.07,0.6105214233398437,0.7398083129882812,-9.804255798339844,-2.984732824427481,-1.16793893129771,1.1908396946564885,24.906470588235294
1761618015,3402.74915 N,08407.11869 W,293.7,11,1.07,0.417,2.09,1.07,0.46208092041015625,0.9145850341796874,-9.662997900390625,-2.4198473282442747,-1.0076335877862594,0.6030534351145038,25.000588235294117
1761618016,3402.74915 N,08407.11869 W,293.7,11,1.07,0.417,2.09,1.07,0.5434837768554687,0.6153098266601562,-9.686939916992188,-2.854961832061069,-1.099236641221374,0.9923664122137404,24.953529411764706
1761618017,3402.74915 N,08407.11869 W,293.7,11,1.07,0.082,2.09,1.07,0.5698199951171875,0.6655880615234374,-9.80665,-2.5801526717557253,-1.1526717557251909,0.7557251908396947,25.04764705882353
1761618018,3402.74915 N,08407.11869 W,293.7,11,1.07,0.082,2.09,1.07,0.59376201171875,0.7757213378906249,-9.935936889648437,-3.312977099236641,-1.0534351145038168,1.633587786259542,25.000588235294117
1761618019,3402.74910 N,08407.11860 W,293.9,11,1.07,0.082,2.09,1.07,0.5267243652343749,0.7565677246093749,-9.751583361816406,-2.954198473282443,-1.2442748091603053,0.8854961832061069,25.000588235294117
1761618020,3402.74910 N,08407.11860 W,293.9,11,1.07,0.082,2.09,1.07,0.5386953735351562,0.7972691528320313,-9.794678991699218,-3.282442748091603,-1.1297709923664123,1.16793893129771,25.000588235294117
1761618021,3402.74910 N,08407.11860 W,293.9,11,1.07,0.082,2.09,1.07,0.5770026000976562,0.7781155395507812,-9.725247143554688,-2.877862595419847,-1.1450381679389312,0.9465648854961832,25.000588235294117
1761618022,3402.74910 N,08407.11860 W,293.9,11,1.07,0.082,2.09,1.07,0.5578489868164063,0.7445967163085937,-9.689334118652344,-2.885496183206107,-1.5648854961832062,1.4885496183206106,25.000588235294117
1761618023,3402.74910 N,08407.11860 W,293.9,11,1.07,0.082,2.09,1.07,0.5722141967773438,0.9121908325195311,-9.758765966796874,-3.9770992366412212,-1.3511450381679388,1.6717557251908397,25.000588235294117
1761618024,3402.74910 N,08407.11860 W,293.9,11,1.07,0.082,2.09,1.07,0.6057330200195312,0.7350199096679687,-9.696516723632811,-2.8244274809160306,-1.0305343511450382,0.8320610687022901,25.000588235294117
1761618025,3402.74910 N,08407.11860 W,293.9,11,1.07,0.045,2.09,1.07,0.6296750366210937,0.814028564453125,-9.710881933593749,-2.8473282442748094,-0.9770992366412213,0.9923664122137404,24.953529411764706
1761618026,3402.74910 N,08407.11860 W,293.9,11,1.07,0.045,2.09,1.07,0.5961562133789062,0.7829039428710937,-9.7683427734375,-2.801526717557252,-1.1297709923664123,0.9007633587786259,25.000588235294117
1761618027,3402.74904 N,08407.11858 W,294.2,11,1.07,0.045,2.09,1.07,0.5674257934570313,0.7661445312499999,-9.746794958496093,-2.969465648854962,-1.0458015267175573,1.1145038167938932,25.141764705882352
1761618028,3402.74904 N,08407.11858 W,294.2,11,1.07,0.045,2.09,1.07,0.5865794067382812,0.7900865478515624,-9.658209497070311,-3.0839694656488548,-0.816793893129771,1.0305343511450382,25.04764705882353
1761618029,3402.74904 N,08407.11858 W,294.2,11,1.07,0.045,2.09,1.07,0.5770026000976562,0.7062894897460937,-9.811438403320311,-2.618320610687023,-1.0687022900763359,1.1908396946564885,25.04764705882353
1761618030,3402.74904 N,08407.11858 W,294.2,11,1.07,0.045,2.09,1.07,0.5578489868164063,0.699106884765625,-9.655815295410155,-2.9160305343511452,-1.0381679389312977,1.2366412213740459,25.000588235294117
1761618031,3402.74904 N,08407.11858 W,294.2,11,1.07,0.045,2.09,1.07,0.59376201171875,0.7134720947265625,-9.763554370117188,-2.8244274809160306,-1.16793893129771,1.1221374045801527,25.000588235294117
1761618032,3402.74904 N,08407.11858 W,294.2,11,1.07,0.045,2.09,1.07,0.5770026000976562,0.7757213378906249,-9.758765966796874,-3.183206106870229,-1.2442748091603053,1.0534351145038168,25.000588235294117
1761618033,3402.74904 N,08407.11858 W,294.2,11,1.07,0.108,2.09,1.07,0.5458779785156249,0.7445967163085937,-9.746794958496093,-2.687022900763359,-0.9389312977099237,0.9007633587786259,24.906470588235294
1761618034,3402.74904 N,08407.11858 W,294.2,11,1.07,0.108,2.09,1.07,0.7517793212890624,0.7062894897460937,-9.72285294189453,-2.7404580152671754,-1.0305343511450382,0.8778625954198473,24.906470588235294
1761618035,3402.74902 N,08407.11855 W,294.2,11,1.07,0.108,2.09,1.07,0.5865794067382812,0.814028564453125,-9.706093530273437,-2.9770992366412212,-1.0916030534351144,1.0305343511450382,25.000588235294117
1761618036,3402.74902 N,08407.11855 W,294.2,11,1.07,0.108,2.09,1.07,0.6631938598632812,0.74699091796875,-9.758765966796874,-2.9083969465648853,-1.1526717557251909,1.0534351145038168,25.000588235294117
1761618037,3402.74902 N,08407.11855 W,294.2,11,1.07,0.108,2.09,1.07,0.5793968017578125,0.7733271362304687,-9.746794958496093,-3.0839694656488548,-1.0534351145038168,1.0763358778625953,24.953529411764706
1761618038,3402.74902 N,08407.11855 W,294.2,11,1.07,0.108,2.09,1.07,0.5267243652343749,0.7038952880859375,-9.79946739501953,-3.015267175572519,-1.099236641221374,1.0534351145038168,24.953529411764706
1761618039,3402.74902 N,08407.11855 W,294.2,11,1.07,0.108,2.09,1.07,0.6057330200195312,0.7565677246093749,-9.658209497070311,-2.83206106870229,-1.0534351145038168,0.9618320610687023,25.04764705882353
1761618040,3402.74902 N,08407.11855 W,294.2,11,1.07,0.108,2.09,1.07,0.6081272216796875,0.7565677246093749,-9.698910925292969,-2.8396946564885495,-1.2290076335877862,1.0687022900763359,25.000588235294117
1761618041,3402.74902 N,08407.11855 W,294.2,11,1.07,0.131,2.09,1.07,0.5578489868164063,0.8882488159179687,-9.758765966796874,-3.0,-0.8854961832061069,1.1603053435114503,24.953529411764706
1761618042,3402.74902 N,08407.11855 W,294.2,11,1.07,0.131,2.09,1.07,0.603338818359375,0.7876923461914062,-9.787496386718749,-2.7099236641221376,-1.1297709923664123,0.9770992366412213,25.000588235294117
1761618043,3402.74901 N,08407.11857 W,294.1,11,1.07,0.131,2.09,1.07,0.5793968017578125,0.7948749511718749,-9.706093530273437,-2.763358778625954,-1.1374045801526718,1.0076335877862594,25.04764705882353
1761618044,3402.74901 N,08407.11857 W,294.1,11,1.07,0.131,2.09,1.07,0.5961562133789062,0.7972691528320313,-9.76116016845703,-2.8396946564885495,-0.9236641221374046,1.2900763358778626,25.000588235294117
1761618045,3402.74901 N,08407.11857 W,294.1,11,1.07,0.131,2.09,1.07,0.565031591796875,0.7733271362304687,-9.957484704589843,-2.7022900763358777,-1.1603053435114503,1.0458015267175573,24.953529411764706
1761618046,3402.74901 N,08407.11857 W,294.1,11,1.07,0.131,2.09,1.07,0.6105214233398437,0.7565677246093749,-9.68454571533203,-2.946564885496183,-1.0381679389312977,1.0763358778625953,24.906470588235294
1761618047,3402.74901 N,08407.11857 W,294.1,11,1.07,0.131,2.09,1.07,0.5746083984375,0.718260498046875,-9.74200655517578,-2.816793893129771,-1.1145038167938932,1.015267175572519,25.000588235294117
1761618048,3402.74901 N,08407.11857 W,294.1,11,1.07,0.131,2.09,1.07,0.5363011718749999,0.7565677246093749,-9.670180505371093,-2.6946564885496183,-1.2748091603053435,0.8778625954198473,25.000588235294117
1761618049,3402.74901 N,08407.11857 W,294.1,11,1.07,0.086,2.09,1.07,0.507570751953125,0.8020575561523438,-9.746794958496093,-3.0610687022900764,-1.1450381679389312,1.1526717557251909,24.953529411764706
1761618050,3402.74901 N,08407.11857 W,294.1,11,1.07,0.086,2.09,1.07,0.47165772705078124,0.7541735229492187,-9.660603698730467,-2.6946564885496183,-1.0763358778625953,1.1450381679389312,25.04764705882353
1761618051,3402.74903 N,08407.11853 W,294.2,11,1.07,0.086,2.09,1.07,0.5770026000976562,0.7445967163085937,-9.811438403320311,-2.9389312977099236,-1.1603053435114503,1.3435114503816794,25.000588235294117
1761618052,3402.74903 N,08407.11853 W,294.2,11,1.07,0.086,2.09,1.07,0.5458779785156249,0.7685387329101562,-9.739612353515625,-2.8702290076335877,-0.8473282442748091,1.099236641221374,24.953529411764706
1761618053,3402.74903 N,08407.11853 W,294.2,11,1.07,0.086,2.09,1.07,0.622492431640625,0.8164227661132812,-9.794678991699218,-2.427480916030534,-1.16793893129771,1.015267175572519,25.000588235294117
1761618054,3402.74903 N,08407.11853 W,294.2,11,1.07,0.086,2.09,1.07,0.6105214233398437,0.8379705810546875,-9.689334118652344,-2.946564885496183,-1.2748091603053435,1.015267175572519,24.953529411764706
1761618055,3402.74903 N,08407.11853 W,294.2,11,1.07,0.086,2.09,1.07,0.5913678100585937,0.7062894897460937,-9.696516723632811,-2.564885496183206,-1.3282442748091603,0.3511450381679389,24.953529411764706
1761618056,3402.74903 N,08407.11853 W,294.2,11,1.07,0.086,2.09,1.07,0.584185205078125,0.9145850341796874,-9.785102185058593,-2.8473282442748094,-0.9618320610687023,1.099236641221374,25.141764705882352
1761618057,3402.74903 N,08407.11853 W,294.2,11,1.07,0.115,2.09,1.07,0.6200982299804687,0.7565677246093749,-9.713276135253906,-2.5572519083969465,-1.0,0.42748091603053434,25.000588235294117
1761618058,3402.74903 N,08407.11853 W,294.2,11,1.07,0.115,2.09,1.07,0.612915625,0.7876923461914062,-9.739612353515625,-2.885496183206107,-1.0076335877862594,1.083969465648855,24.953529411764706
1761618059,3402.74906 N,08407.11860 W,293.9,11,1.07,0.115,2.09,1.07,0.5482721801757812,0.7445967163085937,-9.737218151855469,-2.8625954198473282,-0.916030534351145,0.8931297709923665,24.953529411764706
1761618060,3402.74906 N,08407.11860 W,293.9,11,1.07,0.115,2.10,1.07,0.5386953735351562,0.8116343627929687,-9.689334118652344,-3.0763358778625953,-1.0610687022900764,0.9465648854961832,24.953529411764706
1761618061,3402.74906 N,08407.11860 W,293.9,11,1.07,0.115,2.10,1.07,0.5793968017578125,0.7876923461914062,-9.804255798339844,-2.854961832061069,-1.083969465648855,1.1068702290076335,25.000588235294117
1761618062,3402.74906 N,08407.11860 W,293.9,11,1.07,0.115,2.10,1.07,0.718260498046875,0.7948749511718749,-9.753977563476562,-2.9923664122137406,-0.9389312977099237,1.0076335877862594,25.000588235294117
1761618063,3402.74906 N,08407.11860 W,293.9,11,1.07,0.115,2.10,1.07,0.5746083984375,0.7709329345703124,-9.770736975097655,-3.015267175572519,-1.0916030534351144,0.9541984732824428,25.04764705882353
1761618064,3402.74906 N,08407.11860 W,293.9,11,1.07,0.115,2.10,1.07,0.5722141967773438,0.7589619262695312,-9.682151513671874,-2.9160305343511452,-1.2595419847328244,1.0076335877862594,25.000588235294117
1761618065,3402.74906 N,08407.11860 W,293.9,11,1.07,0.070,2.10,1.07,0.5961562133789062,0.74699091796875,-9.82580361328125,-3.1068702290076335,-1.1221374045801527,1.0305343511450382,24.953529411764706
1761618066,3402.74906 N,08407.11860 W,293.9,11,1.07,0.070,2.10,1.07,0.5722141967773438,0.7230489013671875,-9.93354268798828,-3.0229007633587788,-1.1755725190839694,1.213740458015267,24.953529411764706
1761618067,3402.74908 N,08407.11856 W,293.9,11,1.07,0.070,2.10,1.07,0.5339069702148437,0.7637503295898437,-9.794678991699218,-2.7709923664122136,-0.9694656488549618,0.8625954198473282,24.953529411764706
1761618068,3402.74908 N,08407.11856 W,293.9,11,1.07,0.070,2.10,1.07,0.51714755859375,0.7445967163085937,-9.74200655517578,-2.8931297709923665,-1.1526717557251909,0.9694656488549618,25.04764705882353
1761618069,3402.74908 N,08407.11856 W,293.9,11,1.07,0.070,2.10,1.07,0.5602431884765625,0.7565677246093749,-9.804255798339844,-3.114503816793893,-0.8702290076335878,1.0763358778625953,24.953529411764706
1761618070,3402.74908 N,08407.11856 W,293.9,11,1.07,0.070,2.10,1.07,0.6105214233398437,0.8044517578125,-9.797073193359374,-2.8473282442748094,-1.2442748091603053,0.9694656488549618,25.000588235294117
1761618071,3402.74908 N,08407.11856 W,293.9,11,1.07,0.070,2.10,1.07,0.5817910034179687,0.8259995727539062,-9.694122521972655,-2.854961832061069,-0.9923664122137404,1.0,25.141764705882352
1761618072,3402.74908 N,08407.11856 W,293.9,11,1.07,0.070,2.10,1.07,0.5506663818359374,0.7302315063476562,-9.727641345214844,-3.068702290076336,-0.9770992366412213,1.0229007633587786,25.000588235294117
1761618073,3402.74908 N,08407.11856 W,293.9,11,1.07,0.023,2.10,1.07,0.5817910034179687,0.7589619262695312,-9.78031378173828,-2.954198473282443,-1.1984732824427482,1.1908396946564885,25.000588235294117
1761618074,3402.74908 N,08407.11856 W,293.9,11,1.07,0.023,2.10,1.07,0.5506663818359374,0.7733271362304687,-9.789890588378906,-2.7557251908396947,-1.0381679389312977,1.1145038167938932,24.953529411764706
1761618075,3402.74907 N,08407.11857 W,293.7,11,1.07,0.023,2.10,1.07,0.6584054565429687,0.6943184814453125,-9.727641345214844,-3.1526717557251906,-1.1297709923664123,1.2442748091603053,25.000588235294117
1761618076,3402.74907 N,08407.11857 W,293.7,11,1.07,0.023,2.10,1.07,0.603338818359375,0.7422025146484375,-9.725247143554688,-2.8625954198473282,-1.1526717557251909,1.0763358778625953,25.04764705882353
1761618077,3402.74907 N,08407.11857 W,293.7,11,1.07,0.023,2.10,1.07,0.5506663818359374,0.9074024291992187,-9.634267480468749,-3.0,-1.0916030534351144,0.9236641221374046,24.953529411764706
1761618078,3402.74907 N,08407.11857 W,293.7,11,1.07,0.023,2.10,1.07,0.47644613037109373,0.7350199096679687,-9.720458740234374,-2.801526717557252,-1.0916030534351144,1.0687022900763359,25.04764705882353
1761618079,3402.74907 N,08407.11857 W,293.7,11,1.07,0.023,2.10,1.07,0.5770026000976562,0.7589619262695312,-9.753977563476562,-2.7938931297709924,-0.9694656488549618,1.0610687022900764,25.04764705882353
1761618081,3402.74907 N,08407.11857 W,293.7,11,1.07,0.023,2.10,1.07,0.5530605834960938,0.814028564453125,-9.689334118652344,-2.786259541984733,-1.0610687022900764,1.0763358778625953,25.000588235294117
1761618082,3402.74907 N,08407.11857 W,293.7,11,1.07,0.443,2.10,1.07,0.59376201171875,0.7805097412109374,-9.720458740234374,-3.053435114503817,-1.2900763358778626,0.8854961832061069,25.000588235294117
1761618083,3402.74907 N,08407.11857 W,293.7,11,1.07,0.443,2.10,1.07,0.55545478515625,0.7661445312499999,-9.694122521972655,-2.9083969465648853,-1.213740458015267,1.0,25.000588235294117
1761618084,3402.74907 N,08407.11837 W,294.1,11,1.07,0.443,2.10,1.07,0.5506663818359374,0.7757213378906249,-9.713276135253906,-2.885496183206107,-0.9847328244274809,1.1145038167938932,24.906470588235294
1761618085,3402.74907 N,08407.11837 W,294.1,11,1.07,0.443,2.10,1.07,0.6248866333007812,0.7685387329101562,-9.749189160156249,-2.5877862595419847,-1.1984732824427482,0.5954198473282443,25.09470588235294
1761618086,3402.74907 N,08407.11837 W,294.1,11,1.07,0.443,2.10,1.07,0.5746083984375,0.7900865478515624,-9.801861596679688,-2.984732824427481,-0.9007633587786259,1.4122137404580153,24.953529411764706
1761618087,3402.74907 N,08407.11837 W,294.1,11,1.07,0.443,2.10,1.07,0.5602431884765625,0.7757213378906249,-9.698910925292969,-3.068702290076336,-1.0916030534351144,0.9923664122137404,24.953529411764706
1761618088,3402.74907 N,08407.11837 W,294.1,11,1.07,0.443,2.10,1.07,0.6081272216796875,0.7493851196289062,-9.78031378173828,-2.83206106870229,-1.0229007633587786,1.0458015267175573,25.000588235294117
1761618089,3402.74907 N,08407.11837 W,294.1,11,1.07,0.443,2.10,1.07,0.5817910034179687,0.7685387329101562,-9.804255798339844,-2.885496183206107,-1.1603053435114503,1.0229007633587786,25.000588235294117
1761618090,3402.74907 N,08407.11837 W,294.1,11,1.07,0.158,2.10,1.07,0.565031591796875,0.7948749511718749,-9.823409411621093,-3.0229007633587788,-1.1755725190839694,1.0763358778625953,25.000588235294117
1761618091,3402.74907 N,08407.11837 W,294.1,11,1.07,0.158,2.10,1.07,0.5482721801757812,0.7781155395507812,-9.660603698730467,-2.8473282442748094,-1.3893129770992367,1.2290076335877862,25.000588235294117
1761618092,3402.74905 N,08407.11838 W,294.3,11,1.07,0.158,2.10,1.07,0.5865794067382812,0.8834604125976562,-9.74200655517578,-2.816793893129771,-1.2671755725190839,1.0763358778625953,24.953529411764706
1761618093,3402.74905 N,08407.11838 W,294.3,11,1.07,0.158,2.10,1.07,0.5602431884765625,0.7805097412109374,-9.72285294189453,-2.9083969465648853,-1.015267175572519,1.1603053435114503,24.953529411764706
1761618094,3402.74905 N,08407.11838 W,294.3,11,1.07,0.158,2.10,1.07,0.5961562133789062,0.6177040283203125,-9.749189160156249,-2.8625954198473282,-1.1603053435114503,1.0381679389312977,24.953529411764706
1761618095,3402.74905 N,08407.11838 W,294.3,11,1.07,0.158,2.10,1.07,0.6081272216796875,0.8259995727539062,-9.744400756835937,-2.801526717557252,-0.9694656488549618,1.1450381679389312,25.000588235294117
1761618096,3402.74905 N,08407.11838 W,294.3,11,1.07,0.158,2.10,1.07,0.6177040283203125,0.7422025146484375,-9.689334118652344,-3.1908396946564888,-1.1297709923664123,1.1297709923664123,25.000588235294117
1761618097,3402.74905 N,08407.11838 W,294.3,11,1.07,0.158,2.10,1.07,0.5793968017578125,0.8714894042968749,-9.773131176757811,-2.816793893129771,-1.3206106870229009,0.8854961832061069,25.000588235294117
1761618098,3402.74905 N,08407.11838 W,294.3,11,1.07,0.122,2.10,1.07,0.6153098266601562,0.7565677246093749,-9.777919580078125,-3.0610687022900764,-1.083969465648855,1.1603053435114503,25.000588235294117
1761618099,3402.74905 N,08407.11838 W,294.3,11,1.07,0.122,2.10,1.07,0.5410895751953124,0.7852981445312499,-9.734823950195311,-2.8473282442748094,-1.015267175572519,1.1221374045801527,24.953529411764706
1761618100,3402.74905 N,08407.11841 W,294.1,11,1.07,0.122,2.10,1.07,0.5363011718749999,0.737414111328125,-9.737218151855469,-2.7099236641221376,-1.0458015267175573,0.8244274809160306,24.953529411764706
1761618101,3402.74905 N,08407.11841 W,294.1,11,1.07,0.122,2.10,1.07,0.5626373901367188,0.814028564453125,-9.715670336914062,-3.145038167938931,-0.9770992366412213,1.2595419847328244,25.000588235294117
1761618102,3402.74905 N,08407.11841 W,294.1,11,1.07,0.122,2.10,1.07,0.5602431884765625,0.7805097412109374,-9.763554370117188,-3.213740458015267,-1.0458015267175573,1.5190839694656488,25.04764705882353
1761618103,3402.74905 N,08407.11841 W,294.1,11,1.07,0.122,2.10,1.07,0.5770026000976562,0.7517793212890624,-9.821015209960937,-3.099236641221374,-1.0,1.3435114503816794,25.000588235294117
1761618104,3402.74905 N,08407.11841 W,294.1,11,1.07,0.122,2.10,1.07,0.5458779785156249,0.6296750366210937,-9.739612353515625,-2.7480916030534353,-1.1297709923664123,1.0076335877862594,24.953529411764706
1761618105,3402.74905 N,08407.11841 W,294.1,11,1.07,0.122,2.10,1.07,0.5482721801757812,0.7517793212890624,-9.782707983398437,-2.9236641221374047,-0.9770992366412213,0.9541984732824428,25.000588235294117
1761618106,3402.74905 N,08407.11841 W,294.1,11,1.07,0.234,2.10,1.07,0.5482721801757812,0.7733271362304687,-9.732429748535155,-2.9389312977099236,-1.3129770992366412,0.8396946564885496,24.953529411764706
1761618107,3402.74905 N,08407.11841 W,294.1,11,1.07,0.234,2.10,1.07,0.5458779785156249,0.8547299926757812,-9.849745629882811,-2.9389312977099236,-1.1068702290076335,1.0076335877862594,25.000588235294117
1761618108,3402.74909 N,08407.11844 W,293.9,11,1.07,0.234,2.10,1.07,0.5698199951171875,0.7709329345703124,-9.665392102050781,-2.7557251908396947,-1.0916030534351144,0.8625954198473282,25.04764705882353
1761618109,3402.74909 N,08407.11844 W,293.9,11,1.07,0.234,2.10,1.07,0.5147533569335937,0.8379705810546875,-9.804255798339844,-2.7099236641221376,-1.1450381679389312,1.2061068702290076,25.04764705882353
1761618110,3402.74909 N,08407.11844 W,293.9,11,1.07,0.234,2.10,1.07,0.4836287353515625,0.7302315063476562,-9.950302099609374,-1.3969465648854962,-0.816793893129771,-0.3511450381679389,25.000588235294117
1761618111,3402.74909 N,08407.11844 W,293.9,11,1.07,0.234,2.10,1.07,0.5434837768554687,0.7445967163085937,-9.732429748535155,-2.8931297709923665,-1.1374045801526718,1.0687022900763359,24.859411764705882
1761618112,3402.74909 N,08407.11844 W,293.9,11,1.07,0.234,2.10,1.07,0.5793968017578125,0.7996633544921875,-9.758765966796874,-3.114503816793893,-1.1145038167938932,1.3053435114503817,24.906470588235294
1761618113,3402.74909 N,08407.11844 W,293.9,11,1.07,0.234,2.10,1.07,0.5410895751953124,0.82360537109375,-9.80665,-3.030534351145038,-1.0763358778625953,0.816793893129771,25.000588235294117
1761618114,3402.74909 N,08407.11844 W,293.9,11,1.07,0.320,2.10,1.07,0.6081272216796875,0.7541735229492187,-9.789890588378906,-2.931297709923664,-0.8931297709923665,1.2595419847328244,24.859411764705882
1761618115,3402.74909 N,08407.11844 W,293.9,11,1.07,0.320,2.10,1.07,0.5698199951171875,0.7805097412109374,-9.713276135253906,-2.7480916030534353,-1.0229007633587786,0.9236641221374046,24.953529411764706
1761618116,3402.74912 N,08407.11848 W,293.6,11,1.07,0.320,2.10,1.07,0.55545478515625,0.6272808349609375,-9.734823950195311,-2.648854961832061,-1.213740458015267,0.816793893129771,24.906470588235294
1761618117,3402.74912 N,08407.11848 W,293.6,11,1.07,0.320,2.10,1.07,0.6081272216796875,0.8044517578125,-9.813832604980469,-2.877862595419847,-0.9694656488549618,0.916030534351145,24.953529411764706
1761618118,3402.74912 N,08407.11848 W,293.6,11,1.07,0.320,2.10,1.07,0.6081272216796875,0.6584054565429687,-9.725247143554688,-2.900763358778626,-1.0610687022900764,1.1755725190839694,24.953529411764706
1761618119,3402.74912 N,08407.11848 W,293.6,11,1.07,0.320,2.10,1.07,0.5626373901367188,0.7445967163085937,-9.787496386718749,-2.984732824427481,-1.0229007633587786,1.083969465648855,25.000588235294117
1761618120,3402.74912 N,08407.11848 W,293.6,11,1.07,0.320,2.10,1.07,0.603338818359375,0.7445967163085937,-9.718064538574218,-2.8244274809160306,-1.1068702290076335,1.1297709923664123,25.04764705882353
1761618121,3402.74912 N,08407.11848 W,293.6,11,1.07,0.320,2.10,1.07,0.59376201171875,0.7805097412109374,-9.792284790039062,-2.9083969465648853,-1.2213740458015268,1.0458015267175573,24.953529411764706
1761618122,3402.74912 N,08407.11848 W,293.6,11,1.07,0.392,2.10,1.07,0.5578489868164063,0.8164227661132812,-9.679757312011718,-2.801526717557252,-0.9389312977099237,1.0381679389312977,24.953529411764706
1761618123,3402.74912 N,08407.11848 W,293.6,11,1.07,0.392,2.10,1.07,0.6177040283203125,0.7062894897460937,-9.696516723632811,-2.954198473282443,-1.0229007633587786,1.1984732824427482,24.859411764705882
1761618124,3402.74916 N,08407.11858 W,293.2,11,1.07,0.392,2.10,1.07,0.565031591796875,0.7900865478515624,-9.734823950195311,-2.854961832061069,-1.1145038167938932,1.1221374045801527,24.906470588235294
1761618125,3402.74916 N,08407.11858 W,293.2,11,1.07,0.392,2.10,1.07,0.5770026000976562,0.7541735229492187,-9.775525378417969,-2.9083969465648853,-0.9618320610687023,1.1755725190839694,24.906470588235294
1761618126,3402.74916 N,08407.11858 W,293.2,11,1.07,0.392,2.10,1.07,0.6177040283203125,0.7876923461914062,-9.78031378173828,-2.7480916030534353,-1.1374045801526718,0.9083969465648855,24.953529411764706
1761618127,3402.74916 N,08407.11858 W,293.2,11,1.07,0.392,2.10,1.07,0.6081272216796875,0.718260498046875,-9.873687646484374,-2.9389312977099236,-0.9923664122137404,1.083969465648855,24.906470588235294
1761618128,3402.74916 N,08407.11858 W,293.2,11,1.07,0.392,2.10,1.07,0.5291185668945312,0.7613561279296874,-9.744400756835937,-3.114503816793893,-0.9389312977099237,0.9312977099236641,25.04764705882353
1761618129,3402.74916 N,08407.11858 W,293.2,11,1.07,0.392,2.10,1.07,0.5722141967773438,0.7398083129882812,-9.694122521972655,-3.068702290076336,-1.251908396946565,1.1145038167938932,25.000588235294117
1761618130,3402.74916 N,08407.11858 W,293.2,11,1.07,0.303,2.10,1.07,0.6368576416015624,0.7924807495117187,-9.730035546875,-2.7557251908396947,-1.16793893129771,1.2442748091603053,24.906470588235294
1761618131,3402.74916 N,08407.11858 W,293.2,11,1.07,0.303,2.10,1.07,0.5674257934570313,0.6248866333007812,-9.756371765136718,-3.267175572519084,-1.3053435114503817,1.1984732824427482,24.906470588235294
1761618132,3402.74919 N,08407.11866 W,292.9,11,1.07,0.303,2.10,1.07,0.5698199951171875,0.7445967163085937,-9.744400756835937,-3.0229007633587788,-1.0,1.1526717557251909,24.81235294117647
1761618133,3402.74919 N,08407.11866 W,292.9,11,1.07,0.303,2.10,1.07,0.603338818359375,0.7493851196289062,-9.943119494628906,-3.648854961832061,-1.1526717557251909,1.7099236641221374,24.81235294117647
1761618134,3402.74919 N,08407.11866 W,292.9,11,1.07,0.303,2.10,1.07,0.5746083984375,0.7829039428710937,-9.81862100830078,-2.6717557251908395,-1.16793893129771,0.9618320610687023,25.000588235294117
1761618135,3402.74919 N,08407.11866 W,292.9,11,1.07,0.303,2.10,1.07,0.6105214233398437,0.7637503295898437,-9.792284790039062,-2.8625954198473282,-1.1526717557251909,1.183206106870229,24.953529411764706
1761618136,3402.74919 N,08407.11866 W,292.9,11,1.07,0.303,2.10,1.07,0.5291185668945312,0.7493851196289062,-9.909600671386718,-2.717557251908397,-1.1755725190839694,0.8015267175572519,24.953529411764706
1761618137,3402.74919 N,08407.11866 W,292.9,11,1.07,0.303,2.10,1.07,0.5770026000976562,0.6200982299804687,-9.7683427734375,-2.854961832061069,-1.0305343511450382,1.015267175572519,25.000588235294117
1761618138,3402.74919 N,08407.11866 W,292.9,11,1.07,0.262,2.10,1.07,0.5889736083984375,0.7900865478515624,-9.739612353515625,-3.2519083969465647,-1.1145038167938932,1.5801526717557253,24.953529411764706
1761618139,3402.74919 N,08407.11866 W,292.9,11,1.07,0.262,2.10,1.07,0.6392518432617187,0.7948749511718749,-9.775525378417969,-3.053435114503817,-1.2061068702290076,1.4580152671755726,25.000588235294117
1761618140,3402.74921 N,08407.11860 W,293.1,11,1.07,0.262,2.10,1.07,0.6177040283203125,0.6416460449218749,-9.751583361816406,-2.786259541984733,-1.0763358778625953,0.7786259541984732,24.953529411764706
1761618141,3402.74921 N,08407.11860 W,293.1,11,1.07,0.262,2.10,1.07,0.5770026000976562,0.7852981445312499,-9.718064538574218,-1.916030534351145,-0.9923664122137404,-0.15267175572519084,24.76529411764706
1761618142,3402.74921 N,08407.11860 W,293.1,11,1.07,0.262,2.10,1.07,0.5961562133789062,0.8212111694335937,-9.710881933593749,-3.2290076335877864,-1.1068702290076335,1.2748091603053435,24.906470588235294
1761618143,3402.74921 N,08407.11860 W,293.1,11,1.07,0.262,2.10,1.07,0.5746083984375,0.8259995727539062,-9.732429748535155,-4.732824427480916,-1.2290076335877862,2.877862595419847,24.953529411764706
1761618144,3402.74921 N,08407.11860 W,293.1,11,1.07,0.262,2.10,1.07,0.565031591796875,0.6488286499023437,-9.78031378173828,-3.2595419847328246,-1.0763358778625953,1.251908396946565,24.859411764705882
1761618145,3402.74921 N,08407.11860 W,293.1,11,1.07,0.262,2.10,1.07,0.565031591796875,0.8044517578125,-9.859322436523437,-2.9083969465648853,-0.8778625954198473,0.9694656488549618,24.953529411764706
1761618146,3402.74921 N,08407.11860 W,293.1,11,1.07,0.094,2.10,1.07,0.5865794067382812,0.7900865478515624,-9.708487731933593,-2.900763358778626,-1.0,1.0763358778625953,24.859411764705882
1761618147,3402.74921 N,08407.11860 W,293.1,11,1.07,0.094,2.10,1.07,0.4740519287109375,0.8116343627929687,-9.658209497070311,-3.648854961832061,-1.2366412213740459,1.916030534351145,24.953529411764706
1761618148,3402.74920 N,08407.11845 W,293.5,11,1.07,0.094,2.10,1.07,0.5913678100585937,0.7781155395507812,-9.739612353515625,-2.595419847328244,-0.9312977099236641,0.7709923664122137,24.859411764705882
1761618149,3402.74920 N,08407.11845 W,293.5,11,1.07,0.094,2.10,1.07,0.5315127685546874,0.7637503295898437,-9.749189160156249,-3.381679389312977,-1.1603053435114503,1.6641221374045803,25.000588235294117
1761618150,3402.74920 N,08407.11845 W,293.5,11,1.07,0.094,2.10,1.07,0.51714755859375,0.8020575561523438,-9.797073193359374,-2.763358778625954,-1.213740458015267,1.0,24.953529411764706
1761618151,3402.74920 N,08407.11845 W,293.5,11,1.07,0.094,2.10,1.07,0.5865794067382812,0.8092401611328125,-9.847351428222655,-2.8702290076335877,-0.9847328244274809,1.099236641221374,24.859411764705882
1761618152,3402.74920 N,08407.11845 W,293.5,11,1.07,0.094,2.10,1.07,0.5434837768554687,0.7517793212890624,-9.658209497070311,-2.9083969465648853,-1.0076335877862594,0.8702290076335878,24.906470588235294
1761618153,3402.74920 N,08407.11845 W,293.5,11,1.07,0.094,2.10,1.07,0.63206923828125,0.7829039428710937,-9.78031378173828,-2.8625954198473282,-1.0381679389312977,1.0458015267175573,24.953529411764706
1761618154,3402.74920 N,08407.11845 W,293.5,11,1.07,0.059,2.10,1.07,0.5961562133789062,0.8259995727539062,-9.720458740234374,-3.0610687022900764,-0.9312977099236641,1.1450381679389312,25.04764705882353
1761618155,3402.74920 N,08407.11845 W,293.5,11,1.07,0.059,2.10,1.07,0.5267243652343749,0.9121908325195311,-9.658209497070311,-3.015267175572519,-1.1068702290076335,0.9923664122137404,24.953529411764706
1761618156,3402.74919 N,08407.11835 W,293.8,11,1.07,0.059,2.10,1.07,0.5458779785156249,0.8068459594726562,-9.763554370117188,-2.8931297709923665,-1.0229007633587786,0.9389312977099237,25.000588235294117
1761618157,3402.74919 N,08407.11835 W,293.8,11,1.07,0.059,2.10,1.07,0.5626373901367188,0.7445967163085937,-9.79946739501953,-2.9236641221374047,-1.0458015267175573,1.0458015267175573,24.953529411764706
1761618158,3402.74919 N,08407.11835 W,293.8,11,1.07,0.059,2.10,1.07,0.584185205078125,0.8020575561523438,-9.861716638183593,-3.1297709923664123,-1.1221374045801527,1.213740458015267,24.859411764705882
1761618159,3402.74919 N,08407.11835 W,293.8,11,1.07,0.059,2.10,1.07,0.5746083984375,0.7517793212890624,-9.775525378417969,-3.015267175572519,-1.1068702290076335,1.0381679389312977,24.953529411764706
1761618160,3402.74919 N,08407.11835 W,293.8,11,1.07,0.059,2.10,1.07,0.6009446166992187,0.7398083129882812,-9.746794958496093,-2.9389312977099236,-1.0229007633587786,1.083969465648855,24.859411764705882
1761618161,3402.74919 N,08407.11835 W,293.8,11,1.07,0.059,2.10,1.07,0.59376201171875,0.7398083129882812,-9.689334118652344,-3.0,-1.213740458015267,0.9083969465648855,24.906470588235294
1761618162,3402.74919 N,08407.11835 W,293.8,11,1.07,0.159,2.10,1.07,0.5698199951171875,0.8475473876953125,-9.753977563476562,-2.7404580152671754,-1.0458015267175573,0.7480916030534351,24.906470588235294
1761618163,3402.74919 N,08407.11835 W,293.8,11,1.07,0.159,2.10,1.07,0.5602431884765625,0.7517793212890624,-9.758765966796874,-2.5877862595419847,-1.16793893129771,0.7709923664122137,24.906470588235294
1761618164,3402.74914 N,08407.11808 W,294.5,11,0.85,0.159,2.10,1.07,0.55545478515625,0.70868369140625,-9.770736975097655,-3.404580152671756,-0.9083969465648855,1.3740458015267176,24.953529411764706
1761618165,3402.74914 N,08407.11808 W,294.5,11,0.85,0.159,1.57,0.85,0.565031591796875,0.7589619262695312,-9.706093530273437,-2.7938931297709924,-1.16793893129771,0.8702290076335878,24.906470588235294
1761618166,3402.74914 N,08407.11808 W,294.5,11,0.85,0.159,1.57,0.85,0.5865794067382812,0.7900865478515624,-9.811438403320311,-3.030534351145038,-1.0076335877862594,1.2213740458015268,24.81235294117647
1761618167,3402.74914 N,08407.11808 W,294.5,11,0.85,0.159,1.57,0.85,0.6057330200195312,0.6368576416015624,-9.737218151855469,-2.854961832061069,-1.0534351145038168,0.9312977099236641,24.953529411764706
1761618168,3402.74914 N,08407.11808 W,294.5,11,0.85,0.159,1.57,0.85,0.5482721801757812,0.7254431030273437,-9.758765966796874,-2.687022900763359,-1.465648854961832,1.015267175572519,24.906470588235294
1761618169,3402.74914 N,08407.11808 W,294.5,11,0.85,0.159,1.57,0.85,0.603338818359375,0.7422025146484375,-9.943119494628906,-2.6793893129770994,-1.0076335877862594,1.0,24.906470588235294
1761618170,3402.74914 N,08407.11808 W,294.5,11,0.85,0.420,1.57,0.85,0.5674257934570313,0.6464344482421874,-9.662997900390625,-2.8931297709923665,-1.1297709923664123,0.8931297709923665,24.859411764705882
1761618171,3402.74914 N,08407.11808 W,294.5,11,0.85,0.420,1.57,0.85,0.55545478515625,0.7206546997070312,-9.801861596679688,-2.6717557251908395,-1.083969465648855,0.9694656488549618,24.953529411764706
1761618172,3402.74909 N,08407.11780 W,295.2,11,0.85,0.420,1.57,0.85,0.584185205078125,0.7350199096679687,-9.787496386718749,-3.1908396946564888,-1.083969465648855,1.0534351145038168,24.859411764705882
1761618173,3402.74909 N,08407.11780 W,295.2,11,0.85,0.420,1.57,0.85,0.565031591796875,0.70868369140625,-9.770736975097655,-2.931297709923664,-1.16793893129771,1.1603053435114503,24.906470588235294
1761618174,3402.74909 N,08407.11780 W,295.2,11,0.85,0.420,1.57,0.85,0.5195417602539062,0.7206546997070312,-9.739612353515625,-3.198473282442748,-1.2061068702290076,1.251908396946565,24.81235294117647
1761618175,3402.74909 N,08407.11780 W,295.2,11,0.85,0.420,1.57,0.85,0.612915625,0.74699091796875,-9.715670336914062,-2.8091603053435112,-1.0687022900763359,1.0076335877862594,24.859411764705882
1761618176,3402.74909 N,08407.11780 W,295.2,11,0.85,0.420,1.57,0.85,0.6919242797851562,0.6464344482421874,-9.720458740234374,-2.8702290076335877,-1.2213740458015268,0.9465648854961832,24.859411764705882
1761618177,3402.74909 N,08407.11780 W,295.2,11,0.85,0.420,1.57,0.85,0.5746083984375,0.8283937744140625,-9.79946739501953,-2.732824427480916,-1.015267175572519,1.0687022900763359,24.859411764705882
1761618178,3402.74909 N,08407.11780 W,295.2,11,0.85,1.100,1.57,0.85,0.6200982299804687,0.699106884765625,-9.670180505371093,-3.122137404580153,-1.1984732824427482,1.3358778625954197,24.859411764705882
1761618179,3402.74909 N,08407.11780 W,295.2,11,0.85,1.100,1.57,0.85,0.6416460449218749,0.8978256225585937,-9.782707983398437,-2.801526717557252,-1.2442748091603053,0.8931297709923665,24.906470588235294
1761618180,3402.74926 N,08407.11803 W,294.6,11,0.85,1.100,1.57,0.85,0.5602431884765625,0.6200982299804687,-9.725247143554688,-3.145038167938931,-1.1526717557251909,1.0916030534351144,24.906470588235294
1761618181,3402.74926 N,08407.11803 W,294.6,11,0.85,1.100,1.57,0.85,0.5458779785156249,0.8020575561523438,-9.746794958496093,-2.8396946564885495,-0.816793893129771,1.1374045801526718,24.859411764705882
1761618182,3402.74926 N,08407.11803 W,294.6,11,0.85,1.100,1.57,0.85,0.5722141967773438,0.8164227661132812,-9.787496386718749,-2.9618320610687023,-1.183206106870229,1.1603053435114503,24.81235294117647
1761618183,3402.74926 N,08407.11803 W,294.6,11,0.85,1.100,1.57,0.85,0.6512228515624999,0.7565677246093749,-9.718064538574218,-3.5572519083969465,-1.1450381679389312,1.5877862595419847,24.906470588235294
1761618184,3402.74926 N,08407.11803 W,294.6,11,0.85,1.100,1.57,0.85,0.5434837768554687,0.63206923828125,-9.842563024902343,-2.4122137404580153,-1.1984732824427482,0.6641221374045801,24.81235294117647
1761618185,3402.74926 N,08407.11803 W,294.6,11,0.85,1.100,1.57,0.85,0.6105214233398437,0.7589619262695312,-9.821015209960937,-2.312977099236641,-1.2595419847328244,0.3053435114503817,24.859411764705882
1761618186,3402.74926 N,08407.11803 W,294.6,11,0.85,0.678,1.57,0.85,0.5889736083984375,0.8068459594726562,-9.81862100830078,-3.0610687022900764,-1.1145038167938932,1.0687022900763359,24.906470588235294
1761618187,3402.74926 N,08407.11803 W,294.6,11,0.85,0.678,1.57,0.85,0.6009446166992187,0.7781155395507812,-9.708487731933593,-3.2595419847328246,-1.5190839694656488,1.2900763358778626,24.859411764705882
1761618188,3402.74942 N,08407.11797 W,294.7,11,0.85,0.678,1.57,0.85,0.5339069702148437,0.74699091796875,-9.536105212402344,-3.0381679389312977,-1.2366412213740459,0.3511450381679389,24.953529411764706
1761618189,3402.74942 N,08407.11797 W,294.7,11,0.85,0.678,1.57,0.85,0.6368576416015624,0.8307879760742187,-9.801861596679688,-4.549618320610687,-1.3358778625954197,2.7251908396946565,24.906470588235294
1761618190,3402.74942 N,08407.11797 W,294.7,11,0.85,0.678,1.57,0.85,0.7637503295898437,0.612915625,-9.689334118652344,-2.969465648854962,-1.1526717557251909,1.183206106870229,24.953529411764706
1761618191,3402.74942 N,08407.11797 W,294.7,11,0.85,0.678,1.57,0.85,0.6296750366210937,0.7805097412109374,-9.70369932861328,-2.6412213740458017,-1.2900763358778626,0.9465648854961832,24.953529411764706
1761618192,3402.74942 N,08407.11797 W,294.7,11,0.85,0.678,1.57,0.85,0.469263525390625,0.9121908325195311,-9.775525378417969,-3.0381679389312977,-1.083969465648855,1.0381679389312977,24.906470588235294
1761618193,3402.74942 N,08407.11797 W,294.7,11,0.85,0.678,1.57,0.85,0.5482721801757812,0.74699091796875,-9.842563024902343,-3.068702290076336,-1.1221374045801527,0.9465648854961832,24.953529411764706
1761618195,3402.74942 N,08407.11797 W,294.7,11,0.85,0.210,1.57,0.85,0.5530605834960938,0.8164227661132812,-9.665392102050781,-2.9389312977099236,-1.1221374045801527,1.0610687022900764,25.000588235294117
1761618196,3402.74942 N,08407.11797 W,294.7,11,0.85,0.210,1.57,0.85,0.5386953735351562,0.737414111328125,-9.706093530273437,-3.1526717557251906,-1.1221374045801527,1.1145038167938932,24.906470588235294
1761618197,3402.74937 N,08407.11792 W,294.9,11,0.85,0.210,1.57,0.85,0.5746083984375,0.8116343627929687,-9.785102185058593,-2.816793893129771,-1.0610687022900764,1.0916030534351144,24.906470588235294
1761618198,3402.74937 N,08407.11792 W,294.9,11,0.85,0.210,1.57,0.85,0.6248866333007812,0.7781155395507812,-9.794678991699218,-2.885496183206107,-0.9007633587786259,0.9694656488549618,24.81235294117647
1761618199,3402.74937 N,08407.11792 W,294.9,11,0.85,0.210,1.57,0.85,0.63206923828125,0.7900865478515624,-9.758765966796874,-2.7786259541984735,-1.0916030534351144,1.1526717557251909,24.953529411764706
1761618200,3402.74937 N,08407.11792 W,294.9,11,0.85,0.210,1.57,0.85,0.6009446166992187,0.6200982299804687,-9.885658654785155,-2.9160305343511452,-0.9923664122137404,0.9923664122137404,24.859411764705882
1761618201,3402.74937 N,08407.11792 W,294.9,11,0.85,0.210,1.57,0.85,0.5578489868164063,0.6177040283203125,-9.753977563476562,-2.8625954198473282,-1.1068702290076335,1.2366412213740459,24.906470588235294
1761618202,3402.74937 N,08407.11792 W,294.9,11,0.85,0.210,1.57,0.85,0.612915625,0.7637503295898437,-9.701305126953125,-3.198473282442748,-1.1221374045801527,1.2595419847328244,24.906470588235294
1761618203,3402.74937 N,08407.11792 W,294.9,11,0.85,0.092,1.57,0.85,0.5386953735351562,0.8020575561523438,-9.706093530273437,-2.83206106870229,-1.015267175572519,1.1145038167938932,24.906470588235294
1761618204,3402.74937 N,08407.11792 W,294.9,11,0.85,0.092,1.57,0.85,0.6081272216796875,0.7134720947265625,-9.76116016845703,-2.877862595419847,-0.9923664122137404,1.1221374045801527,24.81235294117647
1761618205,3402.74924 N,08407.11780 W,295.2,11,0.85,0.092,1.57,0.85,0.5889736083984375,0.7493851196289062,-9.804255798339844,-4.633587786259542,-1.4885496183206106,2.0916030534351147,24.906470588235294
1761618206,3402.74924 N,08407.11780 W,295.2,11,0.85,0.092,1.57,0.85,0.5865794067382812,0.9026140258789062,-9.94072529296875,-4.748091603053435,-1.5954198473282444,1.4351145038167938,24.859411764705882
1761618207,3402.74924 N,08407.11780 W,295.2,11,0.85,0.092,1.57,0.85,0.5578489868164063,0.814028564453125,-9.785102185058593,-3.49618320610687,-1.2595419847328244,1.702290076335878,24.953529411764706
1761618208,3402.74924 N,08407.11780 W,295.2,11,0.85,0.092,1.57,0.85,0.5602431884765625,0.7613561279296874,-9.756371765136718,-2.9236641221374047,-0.9236641221374046,0.9923664122137404,24.906470588235294
1761618209,3402.74924 N,08407.11780 W,295.2,11,0.85,0.092,1.57,0.85,0.5698199951171875,0.7685387329101562,-9.758765966796874,-2.564885496183206,-1.1450381679389312,0.5343511450381679,24.906470588235294
1761618210,3402.74924 N,08407.11780 W,295.2,11,0.85,0.092,1.57,0.85,0.5961562133789062,0.8690952026367187,-9.792284790039062,-2.816793893129771,-1.0534351145038168,0.7709923664122137,24.953529411764706
1761618211,3402.74924 N,08407.11780 W,295.2,11,0.85,0.058,1.57,0.85,0.5913678100585937,0.7805097412109374,-9.756371765136718,-2.9389312977099236,-1.0687022900763359,1.0458015267175573,24.953529411764706
1761618212,3402.74924 N,08407.11780 W,295.2,11,0.85,0.058,1.57,0.85,0.5410895751953124,0.7924807495117187,-9.674968908691406,-2.8396946564885495,-1.2213740458015268,1.0610687022900764,24.906470588235294
1761618213,3402.74920 N,08407.11773 W,295.4,11,0.85,0.058,1.57,0.85,0.6009446166992187,0.7565677246093749,-9.777919580078125,-3.1526717557251906,-0.9236641221374046,1.2900763358778626,25.000588235294117
1761618214,3402.74920 N,08407.11773 W,295.4,11,0.85,0.058,1.57,0.85,0.6081272216796875,0.814028564453125,-9.792284790039062,-3.282442748091603,-1.0534351145038168,1.2595419847328244,24.906470588235294
1761618215,3402.74920 N,08407.11773 W,295.4,11,0.85,0.058,1.57,0.85,0.5530605834960938,0.7852981445312499,-9.782707983398437,-2.8244274809160306,-1.1068702290076335,0.8549618320610687,24.953529411764706
1761618216,3402.74920 N,08407.11773 W,295.4,11,0.85,0.058,1.57,0.85,0.565031591796875,0.7302315063476562,-9.797073193359374,-2.885496183206107,-1.0610687022900764,1.1221374045801527,24.859411764705882
1761618217,3402.74920 N,08407.11773 W,295.4,11,0.85,0.058,1.57,0.85,0.5626373901367188,0.7493851196289062,-9.751583361816406,-2.9923664122137406,-1.0687022900763359,0.9312977099236641,24.906470588235294
1761618218,3402.74920 N,08407.11773 W,295.4,11,0.85,0.058,1.57,0.85,0.5817910034179687,0.7541735229492187,-9.718064538574218,-2.8396946564885495,-1.0610687022900764,0.9312977099236641,24.81235294117647
1761618219,3402.74920 N,08407.11773 W,295.4,11,0.85,0.120,1.57,0.85,0.5530605834960938,0.7493851196289062,-9.79946739501953,-2.9160305343511452,-1.2213740458015268,1.0229007633587786,25.000588235294117
1761618220,3402.74920 N,08407.11773 W,295.4,11,0.85,0.120,1.57,0.85,0.5506663818359374,0.7493851196289062,-9.787496386718749,-2.7709923664122136,-1.0458015267175573,1.099236641221374,24.906470588235294
1761618221,3402.74914 N,08407.11753 W,295.9,11,0.85,0.120,1.57,0.85,0.5817910034179687,0.9074024291992187,-9.734823950195311,-2.9236641221374047,-1.0916030534351144,1.1374045801526718,24.906470588235294
1761618222,3402.74914 N,08407.11753 W,295.9,11,0.85,0.120,1.57,0.85,0.55545478515625,0.6919242797851562,-9.746794958496093,-2.9770992366412212,-0.9618320610687023,1.1374045801526718,24.859411764705882
1761618223,3402.74914 N,08407.11753 W,295.9,11,0.85,0.120,1.57,0.85,0.6296750366210937,0.7781155395507812,-9.715670336914062,-2.9923664122137406,-1.1221374045801527,0.9618320610687023,24.953529411764706
1761618224,3402.74914 N,08407.11753 W,295.9,11,0.85,0.120,1.57,0.85,0.6057330200195312,0.6392518432617187,-9.758765966796874,-2.9160305343511452,-1.3511450381679388,1.083969465648855,24.906470588235294
1761618225,3402.74914 N,08407.11753 W,295.9,11,0.85,0.120,1.57,0.85,0.5793968017578125,0.7230489013671875,-9.730035546875,-2.7938931297709924,-0.8778625954198473,0.9847328244274809,24.906470588235294
1761618226,3402.74914 N,08407.11753 W,295.9,11,0.85,0.120,1.57,0.85,0.5961562133789062,0.8116343627929687,-9.787496386718749,-2.6793893129770994,-1.099236641221374,1.0763358778625953,24.859411764705882
1761618227,3402.74914 N,08407.11753 W,295.9,11,0.85,0.083,1.57,0.85,0.622492431640625,0.7637503295898437,-9.81862100830078,-2.969465648854962,-1.0229007633587786,0.8244274809160306,24.953529411764706
1761618228,3402.74914 N,08407.11753 W,295.9,11,0.85,0.083,1.57,0.85,0.5770026000976562,0.6200982299804687,-9.765948571777344,-2.900763358778626,-1.0534351145038168,0.9236641221374046,24.859411764705882
1761618229,3402.74902 N,08407.11742 W,296.0,11,0.85,0.083,1.57,0.85,0.5961562133789062,0.7709329345703124,-9.737218151855469,-2.984732824427481,-1.0687022900763359,1.1374045801526718,24.859411764705882
1761618230,3402.74902 N,08407.11742 W,296.0,11,0.85,0.083,1.57,0.85,0.7613561279296874,0.7637503295898437,-9.737218151855469,-2.816793893129771,-1.1374045801526718,1.2595419847328244,24.906470588235294
1761618231,3402.74902 N,08407.11742 W,296.0,11,0.85,0.083,1.57,0.85,0.45968671875,0.8044517578125,-9.713276135253906,-2.969465648854962,-1.0687022900763359,1.015267175572519,25.000588235294117
1761618232,3402.74902 N,08407.11742 W,296.0,11,0.85,0.083,1.57,0.85,0.584185205078125,0.9097966308593749,-9.7683427734375,-2.854961832061069,-1.1603053435114503,1.0305343511450382,24.859411764705882
1761618233,3402.74902 N,08407.11742 W,296.0,11,0.85,0.083,1.57,0.85,0.5985504150390625,0.7757213378906249,-9.658209497070311,-2.8702290076335877,-1.1221374045801527,0.9007633587786259,24.953529411764706
1761618234,3402.74902 N,08407.11742 W,296.0,11,0.85,0.083,1.57,0.85,0.6009446166992187,0.7996633544921875,-9.619902270507811,-2.9083969465648853,-1.0534351145038168,1.1450381679389312,24.953529411764706
1761618235,3402.74902 N,08407.11742 W,296.0,11,0.85,0.162,1.57,0.85,0.6200982299804687,0.7613561279296874,-9.658209497070311,-3.0381679389312977,-1.16793893129771,1.1145038167938932,24.953529411764706
1761618236,3402.74902 N,08407.11742 W,296.0,11,0.85,0.162,1.57,0.85,0.5746083984375,0.7302315063476562,-9.777919580078125,-2.931297709923664,-1.2366412213740459,1.0687022900763359,24.953529411764706
1761618237,3402.74897 N,08407.11745 W,295.7,11,0.85,0.162,1.57,0.85,0.5698199951171875,0.7541735229492187,-9.813832604980469,-2.7557251908396947,-1.0916030534351144,1.099236641221374,25.000588235294117
1761618238,3402.74897 N,08407.11745 W,295.7,11,0.85,0.162,1.57,0.85,0.5722141967773438,0.7493851196289062,-9.751583361816406,-2.984732824427481,-1.0,1.0305343511450382,25.000588235294117
1761618239,3402.74897 N,08407.11745 W,295.7,11,0.85,0.162,1.57,0.85,0.46208092041015625,0.852335791015625,-9.753977563476562,-2.7709923664122136,-1.0,0.7175572519083969,24.953529411764706
1761618240,3402.74897 N,08407.11745 W,295.7,11,0.85,0.162,1.57,0.85,0.5315127685546874,0.7541735229492187,-9.701305126953125,-3.053435114503817,-1.0,1.2290076335877862,25.000588235294117
1761618241,3402.74897 N,08407.11745 W,295.7,11,0.85,0.162,1.57,0.85,0.5793968017578125,0.8283937744140625,-9.785102185058593,-3.312977099236641,-1.16793893129771,1.6564885496183206,25.04764705882353
1761618242,3402.74897 N,08407.11745 W,295.7,11,0.85,0.162,1.57,0.85,0.5243301635742187,0.7972691528320313,-9.718064538574218,-3.2213740458015265,-1.1908396946564885,1.3435114503816794,25.04764705882353
1761618243,3402.74897 N,08407.11745 W,295.7,11,0.85,0.090,1.57,0.85,0.5626373901367188,0.7709329345703124,-9.777919580078125,-2.5267175572519083,-0.9465648854961832,0.5419847328244275,24.953529411764706
1761618244,3402.74897 N,08407.11745 W,295.7,11,0.85,0.090,1.57,0.85,0.5746083984375,0.7781155395507812,-9.828197814941406,-2.564885496183206,-1.0305343511450382,0.9389312977099237,25.000588235294117
1761618245,3402.74894 N,08407.11756 W,295.4,11,1.07,0.090,1.57,0.85,0.5410895751953124,0.7709329345703124,-9.811438403320311,-2.8396946564885495,-0.9770992366412213,1.1068702290076335,24.906470588235294
1761618246,3402.74894 N,08407.11756 W,295.4,11,1.07,0.090,2.10,1.07,0.5506663818359374,0.7876923461914062,-9.832986218261718,-2.8625954198473282,-1.213740458015267,0.8396946564885496,25.000588235294117
1761618247,3402.74894 N,08407.11756 W,295.4,11,1.07,0.090,2.10,1.07,0.5770026000976562,0.7733271362304687,-9.751583361816406,-2.931297709923664,-1.1145038167938932,0.9312977099236641,24.906470588235294
1761618248,3402.74894 N,08407.11756 W,295.4,11,1.07,0.090,2.10,1.07,0.6560112548828124,0.7948749511718749,-9.698910925292969,-3.3053435114503817,-0.9694656488549618,1.3282442748091603,25.04764705882353
1761618249,3402.74894 N,08407.11756 W,295.4,11,1.07,0.090,2.10,1.07,0.6081272216796875,0.7709329345703124,-9.753977563476562,-3.0229007633587788,-1.0763358778625953,1.1984732824427482,24.906470588235294
1761618250,3402.74894 N,08407.11756 W,295.4,11,1.07,0.090,2.10,1.07,0.55545478515625,0.7589619262695312,-9.737218151855469,-2.763358778625954,-0.9770992366412213,0.8320610687022901,24.906470588235294
1761618251,3402.74894 N,08407.11756 W,295.4,11,1.07,0.081,2.10,1.07,0.6488286499023437,0.7685387329101562,-9.80665,-2.4732824427480917,-0.9007633587786259,0.3511450381679389,24.906470588235294
1761618252,3402.74894 N,08407.11756 W,295.4,11,1.07,0.081,2.10,1.07,0.5913678100585937,0.7541735229492187,-9.809044201660155,-2.5877862595419847,-0.9847328244274809,0.7099236641221374,25.000588235294117
1761618253,3402.74894 N,08407.11764 W,295.1,11,1.07,0.081,2.10,1.07,0.5722141967773438,0.7230489013671875,-9.852139831542969,-2.801526717557252,-1.0,1.2366412213740459,24.953529411764706
1761618254,3402.74894 N,08407.11764 W,295.1,11,1.07,0.081,2.10,1.07,0.5386953735351562,0.7637503295898437,-9.801861596679688,-2.7480916030534353,-1.015267175572519,0.8473282442748091,25.000588235294117
1761618255,3402.74894 N,08407.11764 W,295.1,11,1.07,0.081,2.10,1.07,0.7398083129882812,0.7589619262695312,-9.737218151855469,-2.9618320610687023,-1.2748091603053435,1.1755725190839694,24.953529411764706
1761618256,3402.74894 N,08407.11764 W,295.1,11,1.07,0.081,2.10,1.07,0.59376201171875,0.8044517578125,-9.72285294189453,-2.854961832061069,-1.1755725190839694,1.0763358778625953,24.953529411764706
1761618257,3402.74894 N,08407.11764 W,295.1,11,1.07,0.081,2.10,1.07,0.6081272216796875,0.7302315063476562,-9.715670336914062,-3.068702290076336,-1.1221374045801527,0.9847328244274809,24.953529411764706
1761618258,3402.74894 N,08407.11764 W,295.1,11,1.07,0.081,2.10,1.07,0.4860229370117187,0.8212111694335937,-9.792284790039062,-2.8244274809160306,-0.9007633587786259,0.6335877862595419,25.000588235294117
1761618259,3402.74894 N,08407.11764 W,295.1,11,1.07,0.085,2.10,1.07,0.59376201171875,0.7230489013671875,-9.804255798339844,-2.8244274809160306,-1.2061068702290076,0.9236641221374046,24.906470588235294
1761618260,3402.74894 N,08407.11764 W,295.1,11,1.07,0.085,2.10,1.07,0.6081272216796875,0.7996633544921875,-9.744400756835937,-2.717557251908397,-1.1221374045801527,1.213740458015267,25.000588235294117
1761618261,3402.74895 N,08407.11768 W,294.9,11,1.07,0.085,2.10,1.07,0.7302315063476562,0.8068459594726562,-9.773131176757811,-2.786259541984733,-1.0381679389312977,1.1374045801526718,24.953529411764706
1761618262,3402.74895 N,08407.11768 W,294.9,11,1.07,0.085,2.10,1.07,0.5578489868164063,0.8044517578125,-9.756371765136718,-2.9770992366412212,-1.366412213740458,1.1603053435114503,24.953529411764706
1761618263,3402.74895 N,08407.11768 W,294.9,11,1.07,0.085,2.10,1.07,0.584185205078125,0.7757213378906249,-9.74200655517578,-3.0,-1.1755725190839694,1.0687022900763359,24.953529411764706
1761618264,3402.74895 N,08407.11768 W,294.9,11,1.07,0.085,2.10,1.07,0.5698199951171875,0.7661445312499999,-9.710881933593749,-2.786259541984733,-1.015267175572519,0.9312977099236641,24.906470588235294
1761618265,3402.74895 N,08407.11768 W,294.9,11,1.07,0.085,2.10,1.07,0.6009446166992187,0.7805097412109374,-9.938331091308592,-2.931297709923664,-1.1221374045801527,1.1984732824427482,25.04764705882353
1761618266,3402.74895 N,08407.11768 W,294.9,11,1.07,0.085,2.10,1.07,0.5961562133789062,0.8092401611328125,-9.751583361816406,-3.0916030534351147,-1.1603053435114503,1.1908396946564885,25.000588235294117
1761618267,3402.74895 N,08407.11768 W,294.9,11,1.07,0.059,2.10,1.07,0.5267243652343749,0.7302315063476562,-9.68454571533203,-2.816793893129771,-1.0,1.1526717557251909,24.953529411764706
1761618268,3402.74895 N,08407.11768 W,294.9,11,1.07,0.059,2.10,1.07,0.6153098266601562,0.7948749511718749,-9.782707983398437,-3.2213740458015265,-1.099236641221374,1.1297709923664123,25.000588235294117
1761618269,3402.74898 N,08407.11768 W,294.8,11,1.07,0.059,2.10,1.07,0.612915625,0.7541735229492187,-9.746794958496093,-3.1297709923664123,-0.8778625954198473,1.2366412213740459,24.953529411764706
1761618270,3402.74898 N,08407.11768 W,294.8,11,1.07,0.059,2.10,1.07,0.6200982299804687,0.9074024291992187,-9.892841259765625,-2.969465648854962,-1.0763358778625953,1.0534351145038168,24.953529411764706
1761618271,3402.74898 N,08407.11768 W,294.8,11,1.07,0.059,2.10,1.07,0.55545478515625,0.7230489013671875,-9.751583361816406,-2.9160305343511452,-1.1221374045801527,1.2748091603053435,25.000588235294117
1761618272,3402.74898 N,08407.11768 W,294.8,11,1.07,0.059,2.10,1.07,0.5363011718749999,0.9050082275390624,-9.797073193359374,-2.984732824427481,-1.2366412213740459,1.2061068702290076,24.953529411764706
1761618273,3402.74898 N,08407.11768 W,294.8,11,1.07,0.059,2.10,1.07,0.5865794067382812,0.7230489013671875,-9.730035546875,-2.931297709923664,-1.0610687022900764,0.9236641221374046,24.906470588235294
1761618274,3402.74898 N,08407.11768 W,294.8,11,1.07,0.059,2.10,1.07,0.4908113403320312,0.7661445312499999,-9.701305126953125,-2.9389312977099236,-0.7938931297709924,1.1374045801526718,25.04764705882353
1761618275,3402.74898 N,08407.11768 W,294.8,11,1.07,0.055,2.10,1.07,0.5746083984375,0.7781155395507812,-9.775525378417969,-2.984732824427481,-1.0076335877862594,1.083969465648855,25.04764705882353
1761618276,3402.74898 N,08407.11768 W,294.8,11,1.07,0.055,2.10,1.07,0.6057330200195312,0.8044517578125,-9.83777462158203,-2.946564885496183,-1.0,0.8931297709923665,25.000588235294117
1761618277,3402.74902 N,08407.11759 W,294.9,11,0.85,0.055,2.10,1.07,0.59376201171875,0.7972691528320313,-9.727641345214844,-3.0229007633587788,-1.2213740458015268,1.2595419847328244,24.953529411764706
1761618278,3402.74902 N,08407.11759 W,294.9,11,0.85,0.055,1.57,0.85,0.5410895751953124,0.7661445312499999,-9.828197814941406,-3.1068702290076335,-1.0458015267175573,1.015267175572519,24.906470588235294
1761618279,3402.74902 N,08407.11759 W,294.9,11,0.85,0.055,1.57,0.85,0.5722141967773438,0.7613561279296874,-9.53131680908203,-3.0381679389312977,-1.1068702290076335,1.0610687022900764,25.04764705882353
1761618280,3402.74902 N,08407.11759 W,294.9,11,0.85,0.055,1.57,0.85,0.584185205078125,0.737414111328125,-9.706093530273437,-3.145038167938931,-1.2748091603053435,1.2442748091603053,24.953529411764706
1761618281,3402.74902 N,08407.11759 W,294.9,11,0.85,0.055,1.57,0.85,0.6009446166992187,0.7972691528320313,-9.746794958496093,-2.7938931297709924,-1.1755725190839694,1.0687022900763359,25.000588235294117
1761618282,3402.74902 N,08407.11759 W,294.9,11,0.85,0.055,1.57,0.85,0.6081272216796875,0.7924807495117187,-9.823409411621093,-2.9160305343511452,-0.9312977099236641,1.16793893129771,24.906470588235294
1761618283,3402.74902 N,08407.11759 W,294.9,11,0.85,0.126,1.57,0.85,0.5889736083984375,0.8403647827148437,-9.797073193359374,-2.946564885496183,-1.0458015267175573,0.6793893129770993,25.09470588235294
1761618284,3402.74902 N,08407.11759 W,294.9,11,0.85,0.126,1.57,0.85,0.5195417602539062,0.7422025146484375,-9.792284790039062,-2.7480916030534353,-1.1145038167938932,1.2366412213740459,25.000588235294117
1761618285,3402.74903 N,08407.11748 W,295.0,11,0.85,0.126,1.57,0.85,0.5889736083984375,0.7948749511718749,-9.682151513671874,-2.9389312977099236,-1.1297709923664123,1.0763358778625953,25.000588235294117
1761618286,3402.74903 N,08407.11748 W,295.0,11,0.85,0.126,1.57,0.85,0.5674257934570313,0.7015010864257812,-9.720458740234374,-2.969465648854962,-1.2366412213740459,1.0687022900763359,25.04764705882353
1761618287,3402.74903 N,08407.11748 W,295.0,11,0.85,0.126,1.57,0.85,0.5674257934570313,0.7326257080078125,-9.756371765136718,-2.6259541984732824,-1.0305343511450382,1.0229007633587786,25.000588235294117
1761618288,3402.74903 N,08407.11748 W,295.0,11,0.85,0.126,1.57,0.85,0.5889736083984375,0.7733271362304687,-9.78031378173828,-2.885496183206107,-1.1068702290076335,0.9083969465648855,25.000588235294117
1761618289,3402.74903 N,08407.11748 W,295.0,11,0.85,0.126,1.57,0.85,0.5602431884765625,0.7661445312499999,-9.6917283203125,-2.9618320610687023,-1.015267175572519,0.8244274809160306,24.953529411764706
1761618290,3402.74903 N,08407.11748 W,295.0,11,0.85,0.126,1.57,0.85,0.5817910034179687,0.7589619262695312,-9.892841259765625,-2.763358778625954,-1.0381679389312977,1.0687022900763359,25.000588235294117
1761618291,3402.74903 N,08407.11748 W,295.0,11,0.85,0.106,1.57,0.85,0.6081272216796875,0.7302315063476562,-9.885658654785155,-2.6946564885496183,-1.183206106870229,1.1526717557251909,25.04764705882353
1761618292,3402.74903 N,08407.11748 W,295.0,11,0.85,0.106,1.57,0.85,0.6009446166992187,0.8858546142578124,-9.797073193359374,-2.7404580152671754,-1.0763358778625953,0.9236641221374046,25.04764705882353
1761618293,3402.74900 N,08407.11744 W,294.7,11,1.07,0.106,1.57,0.85,0.5578489868164063,0.7685387329101562,-9.725247143554688,-2.9389312977099236,-1.0687022900763359,1.1297709923664123,25.04764705882353
1761618294,3402.74900 N,08407.11744 W,294.7,11,1.07,0.106,2.10,1.07,0.5458779785156249,0.8020575561523438,-9.794678991699218,-3.3206106870229006,-1.3435114503816794,1.3587786259541985,24.906470588235294
1761618295,3402.74900 N,08407.11744 W,294.7,11,1.07,0.106,2.10,1.07,0.5817910034179687,0.7972691528320313,-9.734823950195311,-2.4732824427480917,-0.7480916030534351,0.8015267175572519,25.04764705882353
1761618296,3402.74900 N,08407.11744 W,294.7,11,1.07,0.106,2.10,1.07,0.55545478515625,0.7541735229492187,-9.739612353515625,-2.7938931297709924,-0.9236641221374046,1.0687022900763359,25.000588235294117
1761618297,3402.74900 N,08407.11744 W,294.7,11,1.07,0.106,2.10,1.07,0.5746083984375,0.7781155395507812,-9.763554370117188,-3.2290076335877864,-1.083969465648855,1.381679389312977,24.906470588235294
1761618298,3402.74900 N,08407.11744 W,294.7,11,1.07,0.106,2.10,1.07,0.5865794067382812,0.7661445312499999,-9.7683427734375,-3.0610687022900764,-1.1755725190839694,1.1068702290076335,24.953529411764706
1761618299,3402.74900 N,08407.11744 W,294.7,11,1.07,0.095,2.10,1.07,0.5195417602539062,0.8164227661132812,-9.698910925292969,-3.1755725190839694,-1.2213740458015268,1.0687022900763359,25.000588235294117
1761618300,3402.74900 N,08407.11744 W,294.7,11,1.07,0.095,2.10,1.07,0.5602431884765625,0.7541735229492187,-9.713276135253906,-2.969465648854962,-1.0610687022900764,1.1526717557251909,25.000588235294117
1761618301,3402.74896 N,08407.11730 W,294.8,11,0.85,0.095,2.10,1.07,0.46208092041015625,0.8068459594726562,-9.782707983398437,-2.9618320610687023,-1.1374045801526718,1.183206106870229,25.04764705882353
1761618302,3402.74896 N,08407.11730 W,294.8,11,0.85,0.095,1.57,0.85,0.5578489868164063,0.7852981445312499,-9.751583361816406,-3.015267175572519,-1.0076335877862594,1.1221374045801527,25.04764705882353
1761618303,3402.74896 N,08407.11730 W,294.8,11,0.85,0.095,1.57,0.85,0.5722141967773438,0.6607996582031249,-9.682151513671874,-3.0076335877862594,-1.0763358778625953,1.1374045801526718,25.04764705882353
1761618304,3402.74896 N,08407.11730 W,294.8,11,0.85,0.095,1.57,0.85,0.6009446166992187,0.7829039428710937,-9.775525378417969,-2.854961832061069,-1.0,1.1908396946564885,24.953529411764706
1761618306,3402.74896 N,08407.11730 W,294.8,11,0.85,0.095,1.57,0.85,0.63206923828125,0.7613561279296874,-9.655815295410155,-2.984732824427481,-1.0,1.213740458015267,25.000588235294117
1761618307,3402.74896 N,08407.11730 W,294.8,11,0.85,0.095,1.57,0.85,0.603338818359375,0.7876923461914062,-9.765948571777344,-2.9160305343511452,-1.1221374045801527,1.1297709923664123,25.04764705882353
1761618308,3402.74896 N,08407.11730 W,294.8,11,0.85,0.126,1.57,0.85,0.5410895751953124,0.7924807495117187,-9.758765966796874,-3.0839694656488548,-1.1755725190839694,1.297709923664122,24.953529411764706
1761618309,3402.74896 N,08407.11730 W,294.8,11,0.85,0.126,1.57,0.85,0.5817910034179687,0.7876923461914062,-9.947907897949218,-2.7786259541984735,-1.1145038167938932,0.8854961832061069,25.000588235294117
1761618310,3402.74891 N,08407.11723 W,294.6,11,0.85,0.126,1.57,0.85,0.5985504150390625,0.7541735229492187,-9.866505041503906,-2.954198473282443,-1.0534351145038168,0.8549618320610687,25.04764705882353
1761618311,3402.74891 N,08407.11723 W,294.6,11,0.85,0.126,1.57,0.85,0.5051765502929687,0.7589619262695312,-9.734823950195311,-2.969465648854962,-1.2671755725190839,1.0381679389312977,25.04764705882353
1761618312,3402.74891 N,08407.11723 W,294.6,11,0.85,0.126,1.57,0.85,0.5363011718749999,0.8212111694335937,-9.749189160156249,-2.8091603053435112,-1.015267175572519,1.0,25.04764705882353
1761618313,3402.74891 N,08407.11723 W,294.6,11,0.85,0.126,1.57,0.85,0.6057330200195312,0.8307879760742187,-9.76116016845703,-2.984732824427481,-1.0916030534351144,0.9083969465648855,25.000588235294117
1761618314,3402.74891 N,08407.11723 W,294.6,11,0.85,0.126,1.57,0.85,0.469263525390625,0.7685387329101562,-9.785102185058593,-2.7786259541984735,-1.1374045801526718,1.0763358778625953,25.000588235294117
1761618315,3402.74891 N,08407.11723 W,294.6,11,0.85,0.126,1.57,0.85,0.6081272216796875,0.7972691528320313,-9.572018237304688,-3.0229007633587788,-1.2061068702290076,0.8396946564885496,25.000588235294117
1761618316,3402.74891 N,08407.11723 W,294.6,11,0.85,0.036,1.57,0.85,0.7302315063476562,0.612915625,-9.710881933593749,-3.0076335877862594,-1.0,1.0763358778625953,25.04764705882353
1761618317,3402.74891 N,08407.11723 W,294.6,11,0.85,0.036,1.57,0.85,0.5913678100585937,0.8068459594726562,-9.737218151855469,-3.0839694656488548,-1.083969465648855,1.1145038167938932,24.953529411764706
1761618318,3402.74886 N,08407.11717 W,294.6,11,0.85,0.036,1.57,0.85,0.5865794067382812,0.7757213378906249,-9.782707983398437,-2.717557251908397,-1.0610687022900764,0.9236641221374046,25.000588235294117
1761618319,3402.74886 N,08407.11717 W,294.6,11,0.85,0.036,1.57,0.85,0.6344634399414062,0.7565677246093749,-9.928754284667969,-2.8244274809160306,-1.1297709923664123,1.0610687022900764,24.906470588235294
1761618320,3402.74886 N,08407.11717 W,294.6,11,0.85,0.036,1.57,0.85,0.5434837768554687,0.7876923461914062,-9.789890588378906,-3.099236641221374,-1.0534351145038168,1.1450381679389312,24.953529411764706
1761618321,3402.74886 N,08407.11717 W,294.6,11,0.85,0.036,1.57,0.85,0.5674257934570313,0.9121908325195311,-9.72285294189453,-3.0076335877862594,-1.1603053435114503,1.015267175572519,25.09470588235294
1761618322,3402.74886 N,08407.11717 W,294.6,11,0.85,0.036,1.57,0.85,0.7254431030273437,0.63206923828125,-9.72285294189453,-3.122137404580153,-1.0763358778625953,1.2290076335877862,25.04764705882353
1761618323,3402.74886 N,08407.11717 W,294.6,11,0.85,0.036,1.57,0.85,0.5889736083984375,0.7254431030273437,-9.763554370117188,-2.7251908396946565,-0.8244274809160306,0.9389312977099237,25.000588235294117
1761618324,3402.74886 N,08407.11717 W,294.6,11,0.85,0.055,1.57,0.85,0.6631938598632812,0.7445967163085937,-9.785102185058593,-2.9923664122137406,-1.0305343511450382,1.1297709923664123,24.953529411764706
1761618325,3402.74886 N,08407.11717 W,294.6,11,0.85,0.055,1.57,0.85,0.603338818359375,0.74699091796875,-9.74200655517578,-2.9160305343511452,-1.0229007633587786,1.0229007633587786,24.953529411764706
1761618326,3402.74881 N,08407.11708 W,294.6,11,0.85,0.055,1.57,0.85,0.5602431884765625,0.7805097412109374,-9.749189160156249,-3.0381679389312977,-1.0458015267175573,1.1068702290076335,24.953529411764706
1761618327,3402.74881 N,08407.11708 W,294.6,11,0.85,0.055,1.57,0.85,0.5698199951171875,0.7685387329101562,-9.938331091308592,-2.946564885496183,-1.0076335877862594,1.1297709923664123,24.906470588235294
1761618328,3402.74881 N,08407.11708 W,294.6,11,0.85,0.055,1.57,0.85,0.622492431640625,0.7900865478515624,-9.665392102050781,-2.9770992366412212,-0.9923664122137404,1.0610687022900764,24.953529411764706
1761618329,3402.74881 N,08407.11708 W,294.6,11,0.85,0.055,1.57,0.85,0.6153098266601562,0.718260498046875,-9.70369932861328,-2.7938931297709924,-0.9541984732824428,0.9694656488549618,25.000588235294117
1761618330,3402.74881 N,08407.11708 W,294.6,11,0.85,0.055,1.57,0.85,0.5530605834960938,0.74699091796875,-9.775525378417969,-3.1603053435114505,-0.9923664122137404,1.083969465648855,25.09470588235294
1761618331,3402.74881 N,08407.11708 W,294.6,11,0.85,0.055,1.57,0.85,0.6296750366210937,0.8044517578125,-9.686939916992188,-3.0610687022900764,-1.1145038167938932,0.9541984732824428,25.000588235294117
1761618332,3402.74881 N,08407.11708 W,294.6,11,0.85,0.052,1.57,0.85,0.5865794067382812,0.8307879760742187,-9.746794958496093,-2.9770992366412212,-0.9847328244274809,0.9236641221374046,25.000588235294117
1761618333,3402.74881 N,08407.11708 W,294.6,11,0.85,0.052,1.57,0.85,0.5626373901367188,0.7589619262695312,-9.715670336914062,-2.8091603053435112,-1.0,1.0610687022900764,24.953529411764706
1761618334,3402.74876 N,08407.11700 W,294.6,11,0.85,0.052,1.57,0.85,0.5674257934570313,0.7900865478515624,-9.74200655517578,-3.1068702290076335,-1.0610687022900764,1.3358778625954197,25.04764705882353
1761618335,3402.74876 N,08407.11700 W,294.6,11,0.85,0.052,1.57,0.85,0.5889736083984375,0.814028564453125,-9.773131176757811,-2.763358778625954,-1.015267175572519,1.251908396946565,25.000588235294117
1761618336,3402.74876 N,08407.11700 W,294.6,11,0.85,0.052,1.57,0.85,0.5482721801757812,0.7541735229492187,-9.816226806640625,-3.1526717557251906,-1.2061068702290076,1.2366412213740459,25.000588235294117
1761618337,3402.74876 N,08407.11700 W,294.6,11,0.85,0.052,1.57,0.85,0.6177040283203125,0.7278373046875,-9.787496386718749,-2.877862595419847,-0.916030534351145,1.0763358778625953,25.000588235294117
1761618338,3402.74876 N,08407.11700 W,294.6,11,0.85,0.052,1.57,0.85,0.5913678100585937,0.9121908325195311,-9.792284790039062,-2.801526717557252,-1.183206106870229,1.083969465648855,25.09470588235294
1761618339,3402.74876 N,08407.11700 W,294.6,11,0.85,0.052,1.57,0.85,0.7398083129882812,0.7517793212890624,-9.710881933593749,-2.8396946564885495,-0.9236641221374046,0.9618320610687023,25.04764705882353
1761618340,3402.74876 N,08407.11700 W,294.6,11,0.85,0.020,1.57,0.85,0.5099649536132812,0.82360537109375,-9.749189160156249,-2.8702290076335877,-1.083969465648855,1.0381679389312977,24.953529411764706
1761618341,3402.74876 N,08407.11700 W,294.6,11,0.85,0.020,1.57,0.85,0.47644613037109373,0.7757213378906249,-9.753977563476562,-3.0076335877862594,-0.9236641221374046,1.1526717557251909,25.04764705882353
1761618342,3402.74872 N,08407.11692 W,294.7,11,0.85,0.020,1.57,0.85,0.5746083984375,0.7661445312499999,-9.756371765136718,-2.9083969465648853,-1.0916030534351144,1.099236641221374,25.04764705882353
1761618343,3402.74872 N,08407.11692 W,294.7,11,0.85,0.020,1.66,0.85,0.6081272216796875,0.7589619262695312,-9.871293444824218,-2.885496183206107,-1.0610687022900764,1.0305343511450382,25.04764705882353
1761618344,3402.74872 N,08407.11692 W,294.7,11,0.85,0.020,1.66,0.85,0.6105214233398437,0.74699091796875,-9.727641345214844,-2.648854961832061,-0.9389312977099237,0.9465648854961832,24.953529411764706
1761618345,3402.74872 N,08407.11692 W,294.7,11,0.85,0.020,1.66,0.85,0.488417138671875,0.7589619262695312,-9.737218151855469,-3.1526717557251906,-1.0076335877862594,1.1221374045801527,25.000588235294117
1761618346,3402.74872 N,08407.11692 W,294.7,11,0.85,0.020,1.66,0.85,0.6679822631835937,0.7733271362304687,-9.713276135253906,-2.9160305343511452,-0.9923664122137404,1.0534351145038168,25.000588235294117
1761618347,3402.74872 N,08407.11692 W,294.7,11,0.85,0.020,1.66,0.85,0.622492431640625,0.7709329345703124,-9.713276135253906,-2.877862595419847,-1.0610687022900764,0.8396946564885496,24.859411764705882
1761618348,3402.74872 N,08407.11692 W,294.7,11,0.85,0.092,1.66,0.85,0.5363011718749999,0.7924807495117187,-9.667786303710937,-2.7786259541984735,-1.0610687022900764,0.9541984732824428,25.04764705882353
1761618349,3402.74872 N,08407.11692 W,294.7,11,0.85,0.092,1.66,0.85,0.5578489868164063,0.7445967163085937,-9.698910925292969,-2.9923664122137406,-1.1450381679389312,0.9618320610687023,24.953529411764706
1761618350,3402.74872 N,08407.11696 W,294.4,11,0.85,0.092,1.66,0.85,0.5961562133789062,0.7565677246093749,-9.720458740234374,-3.0610687022900764,-1.1068702290076335,1.0534351145038168,25.000588235294117
1761618351,3402.74872 N,08407.11696 W,294.4,11,0.85,0.092,1.66,0.85,0.6009446166992187,0.9145850341796874,-9.749189160156249,-2.8473282442748094,-1.083969465648855,1.0534351145038168,25.09470588235294
1761618352,3402.74872 N,08407.11696 W,294.4,11,0.85,0.092,1.66,0.85,0.59376201171875,0.7517793212890624,-9.749189160156249,-2.900763358778626,-0.9770992366412213,1.1526717557251909,25.000588235294117
1761618353,3402.74872 N,08407.11696 W,294.4,11,0.85,0.092,1.66,0.85,0.565031591796875,0.7996633544921875,-9.672574707031249,-2.9160305343511452,-1.099236641221374,1.1450381679389312,24.953529411764706
1761618354,3402.74872 N,08407.11696 W,294.4,11,0.85,0.092,1.66,0.85,0.48123453369140623,0.7685387329101562,-9.789890588378906,-2.8931297709923665,-1.1984732824427482,1.0381679389312977,25.000588235294117
1761618355,3402.74872 N,08407.11696 W,294.4,11,0.85,0.092,1.66,0.85,0.4836287353515625,0.6344634399414062,-9.782707983398437,-2.954198473282443,-1.099236641221374,0.8091603053435115,24.906470588235294
1761618356,3402.74872 N,08407.11696 W,294.4,11,0.85,0.097,1.66,0.85,0.5889736083984375,0.7613561279296874,-9.744400756835937,-2.8473282442748094,-1.0916030534351144,1.2061068702290076,25.04764705882353
1761618357,3402.74872 N,08407.11696 W,294.4,11,0.85,0.097,1.66,0.85,0.55545478515625,0.7972691528320313,-9.751583361816406,-3.0076335877862594,-0.8549618320610687,0.9618320610687023,24.953529411764706
1761618358,3402.74874 N,08407.11701 W,294.1,10,0.85,0.097,1.66,0.85,0.5770026000976562,0.7948749511718749,-9.787496386718749,-2.9389312977099236,-1.2442748091603053,0.8854961832061069,24.906470588235294
1761618359,3402.74874 N,08407.11701 W,294.1,10,0.85,0.097,1.66,0.85,0.6368576416015624,0.7613561279296874,-9.72285294189453,-2.9083969465648853,-0.9083969465648855,1.0381679389312977,25.09470588235294
1761618360,3402.74874 N,08407.11701 W,294.1,10,0.85,0.097,1.66,0.85,0.5817910034179687,0.74699091796875,-9.775525378417969,-2.7404580152671754,-1.1221374045801527,0.9923664122137404,24.953529411764706
1761618361,3402.74874 N,08407.11701 W,294.1,10,0.85,0.097,1.66,0.85,0.6105214233398437,0.7685387329101562,-9.734823950195311,-2.763358778625954,-0.8931297709923665,0.9541984732824428,25.000588235294117
1761618362,3402.74874 N,08407.11701 W,294.1,10,0.85,0.097,1.66,0.85,0.565031591796875,0.7805097412109374,-9.883264453125,-2.900763358778626,-1.1374045801526718,1.1526717557251909,25.000588235294117
1761618363,3402.74874 N,08407.11701 W,294.1,10,0.85,0.097,1.66,0.85,0.6272808349609375,0.7445967163085937,-9.725247143554688,-2.8473282442748094,-1.297709923664122,1.0229007633587786,25.000588235294117
1761618364,3402.74874 N,08407.11701 W,294.1,10,0.85,1.074,1.66,0.85,0.5913678100585937,0.63206923828125,-9.72285294189453,-3.198473282442748,-0.9694656488549618,1.1297709923664123,24.859411764705882
1761618365,3402.74874 N,08407.11701 W,294.1,10,0.85,1.074,1.66,0.85,0.5698199951171875,0.7422025146484375,-9.789890588378906,-3.1068702290076335,-1.16793893129771,0.9694656488549618,25.04764705882353
1761618366,3402.74886 N,08407.11699 W,294.2,11,0.85,1.074,1.66,0.85,0.5770026000976562,0.7829039428710937,-9.756371765136718,-2.687022900763359,-1.1297709923664123,0.9007633587786259,25.000588235294117
1761618367,3402.74886 N,08407.11699 W,294.2,11,0.85,1.074,1.66,0.85,0.5530605834960938,0.852335791015625,-9.813832604980469,-2.7480916030534353,-1.083969465648855,0.9847328244274809,25.000588235294117
1761618368,3402.74886 N,08407.11699 W,294.2,11,0.85,1.074,1.66,0.85,0.603338818359375,0.7709329345703124,-9.753977563476562,-2.66412213740458,-0.8854961832061069,0.6564885496183206,24.953529411764706
1761618369,3402.74886 N,08407.11699 W,294.2,11,0.85,1.074,1.66,0.85,0.5865794067382812,0.7493851196289062,-9.751583361816406,-2.9083969465648853,-0.9541984732824428,1.0534351145038168,25.09470588235294
1761618370,3402.74886 N,08407.11699 W,294.2,11,0.85,1.074,1.66,0.85,0.5865794067382812,0.7805097412109374,-9.746794958496093,-2.6946564885496183,-1.0763358778625953,1.16793893129771,25.000588235294117
1761618371,3402.74886 N,08407.11699 W,294.2,11,0.85,1.074,1.66,0.85,0.5817910034179687,0.7948749511718749,-9.70369932861328,-2.6564885496183206,-1.0687022900763359,0.8854961832061069,25.000588235294117
1761618372,3402.74886 N,08407.11699 W,294.2,11,0.85,0.672,1.66,0.85,0.5506663818359374,0.6416460449218749,-9.76116016845703,-2.9923664122137406,-1.0534351145038168,1.1526717557251909,24.953529411764706
1761618373,3402.74886 N,08407.11699 W,294.2,11,0.85,0.672,1.66,0.85,0.4644751220703125,0.7613561279296874,-9.811438403320311,-2.66412213740458,-1.1526717557251909,1.1221374045801527,25.04764705882353
1761618374,3402.74885 N,08407.11690 W,294.4,11,0.85,0.672,1.66,0.85,0.5770026000976562,0.7948749511718749,-9.835380419921874,-2.7251908396946565,-1.1068702290076335,0.7633587786259542,25.000588235294117
1761618375,3402.74885 N,08407.11690 W,294.4,11,0.85,0.672,1.57,0.85,0.7254431030273437,0.8020575561523438,-9.794678991699218,-2.7099236641221376,-0.9541984732824428,0.8396946564885496,25.000588235294117
1761618376,3402.74885 N,08407.11690 W,294.4,11,0.85,0.672,1.57,0.85,0.6177040283203125,0.6607996582031249,-9.698910925292969,-2.9923664122137406,-1.1984732824427482,1.2061068702290076,25.04764705882353
1761618377,3402.74885 N,08407.11690 W,294.4,11,0.85,0.672,1.57,0.85,0.5985504150390625,0.7996633544921875,-9.816226806640625,-2.9389312977099236,-0.9694656488549618,0.9770992366412213,24.953529411764706
1761618378,3402.74885 N,08407.11690 W,294.4,11,0.85,0.672,1.57,0.85,0.5482721801757812,0.8092401611328125,-9.6917283203125,-2.954198473282443,-0.9389312977099237,1.0687022900763359,25.000588235294117
1761618379,3402.74885 N,08407.11690 W,294.4,11,0.85,0.672,1.57,0.85,0.7637503295898437,0.7972691528320313,-9.79946739501953,-3.2213740458015265,-1.0534351145038168,1.1068702290076335,25.000588235294117
1761618380,3402.74885 N,08407.11690 W,294.4,11,0.85,0.179,1.57,0.85,0.5602431884765625,0.833182177734375,-9.785102185058593,-2.8244274809160306,-1.0305343511450382,0.8549618320610687,24.953529411764706
1761618381,3402.74885 N,08407.11690 W,294.4,11,0.85,0.179,1.57,0.85,0.584185205078125,0.7781155395507812,-9.787496386718749,-2.7938931297709924,-1.099236641221374,0.9465648854961832,25.04764705882353
1761618382,3402.74872 N,08407.11680 W,294.6,11,0.85,0.179,1.57,0.85,0.6248866333007812,0.7517793212890624,-9.718064538574218,-2.9770992366412212,-1.3358778625954197,1.282442748091603,25.04764705882353
1761618383,3402.74872 N,08407.11680 W,294.6,11,0.85,0.179,1.57,0.85,0.603338818359375,0.7972691528320313,-9.785102185058593,-3.0229007633587788,-1.1297709923664123,1.183206106870229,25.04764705882353
1761618384,3402.74872 N,08407.11680 W,294.6,11,0.85,0.179,1.57,0.85,0.565031591796875,0.8092401611328125,-9.744400756835937,-2.900763358778626,-1.0687022900763359,1.1984732824427482,25.09470588235294
1761618385,3402.74872 N,08407.11680 W,294.6,11,0.85,0.179,1.57,0.85,0.5602431884765625,0.7541735229492187,-9.749189160156249,-2.946564885496183,-1.3435114503816794,1.0076335877862594,25.09470588235294
1761618386,3402.74872 N,08407.11680 W,294.6,11,0.85,0.179,1.57,0.85,0.5626373901367188,0.8092401611328125,-9.770736975097655,-2.8625954198473282,-1.0458015267175573,0.9847328244274809,25.000588235294117
1761618387,3402.74872 N,08407.11680 W,294.6,11,0.85,0.179,1.57,0.85,0.584185205078125,0.6248866333007812,-9.758765966796874,-3.2290076335877864,-1.1297709923664123,1.183206106870229,25.04764705882353
1761618388,3402.74872 N,08407.11680 W,294.6,11,0.85,0.109,1.57,0.85,0.6248866333007812,0.7757213378906249,-9.70369932861328,-2.8091603053435112,-1.0076335877862594,0.7786259541984732,24.953529411764706
1761618389,3402.74872 N,08407.11680 W,294.6,11,0.85,0.109,1.57,0.85,0.5458779785156249,0.8116343627929687,-9.821015209960937,-3.0076335877862594,-1.0763358778625953,1.1908396946564885,25.000588235294117
1761618390,3402.74875 N,08407.11693 W,294.0,11,0.85,0.109,1.57,0.85,0.4644751220703125,0.9026140258789062,-9.708487731933593,-3.1526717557251906,-1.0305343511450382,1.1984732824427482,25.09470588235294
1761618391,3402.74875 N,08407.11693 W,294.0,11,0.85,0.109,1.57,0.85,0.5530605834960938,0.6464344482421874,-9.679757312011718,-3.0,-1.0458015267175573,1.099236641221374,25.000588235294117
1761618392,3402.74875 N,08407.11693 W,294.0,11,0.85,0.109,1.57,0.85,0.5698199951171875,0.7685387329101562,-9.770736975097655,-2.7022900763358777,-0.9847328244274809,0.916030534351145,24.953529411764706
1761618393,3402.74875 N,08407.11693 W,294.0,11,0.85,0.109,1.57,0.85,0.6009446166992187,0.8164227661132812,-9.792284790039062,-3.1526717557251906,-1.251908396946565,1.3358778625954197,24.953529411764706
1761618394,3402.74875 N,08407.11693 W,294.0,11,0.85,0.109,1.57,0.85,0.59376201171875,0.7493851196289062,-9.68454571533203,-3.015267175572519,-1.1297709923664123,1.1603053435114503,25.000588235294117
1761618395,3402.74875 N,08407.11693 W,294.0,11,0.85,0.109,1.57,0.85,0.5722141967773438,0.7398083129882812,-9.816226806640625,-3.1526717557251906,-1.099236641221374,1.1221374045801527,24.953529411764706
1761618396,3402.74875 N,08407.11693 W,294.0,11,0.85,0.088,1.57,0.85,0.5793968017578125,0.7398083129882812,-9.777919580078125,-2.7709923664122136,-1.1755725190839694,1.5038167938931297,25.09470588235294
1761618397,3402.74875 N,08407.11693 W,294.0,11,0.85,0.088,1.57,0.85,0.6105214233398437,0.7972691528320313,-9.794678991699218,-2.7480916030534353,-0.8854961832061069,1.1374045801526718,24.906470588235294
1761618398,3402.74873 N,08407.11691 W,294.0,11,0.85,0.088,1.57,0.85,0.5698199951171875,0.7805097412109374,-9.744400756835937,-3.2442748091603053,-1.3129770992366412,1.549618320610687,25.141764705882352
1761618399,3402.74873 N,08407.11691 W,294.0,11,0.85,0.088,1.57,0.85,0.46208092041015625,0.74699091796875,-9.811438403320311,-2.5343511450381677,-1.0458015267175573,0.48854961832061067,25.04764705882353
1761618400,3402.74873 N,08407.11691 W,294.0,11,0.85,0.088,1.57,0.85,0.5985504150390625,0.6416460449218749,-9.749189160156249,-2.8244274809160306,-0.9618320610687023,0.9694656488549618,25.000588235294117
1761618401,3402.74873 N,08407.11691 W,294.0,11,0.85,0.088,1.57,0.85,0.5865794067382812,0.8116343627929687,-9.79946739501953,-2.8473282442748094,-1.1755725190839694,1.3435114503816794,25.09470588235294
1761618402,3402.74873 N,08407.11691 W,294.0,11,0.85,0.088,1.57,0.85,0.6153098266601562,0.7230489013671875,-9.785102185058593,-2.801526717557252,-1.0076335877862594,0.9694656488549618,25.04764705882353
1761618403,3402.74873 N,08407.11691 W,294.0,11,0.85,0.088,1.57,0.85,0.5482721801757812,0.7733271362304687,-9.777919580078125,-2.9389312977099236,-1.0534351145038168,1.0687022900763359,24.953529411764706
1761618404,3402.74873 N,08407.11691 W,294.0,11,0.85,0.069,1.57,0.85,0.5482721801757812,0.6967126831054687,-9.787496386718749,-2.9083969465648853,-1.0763358778625953,1.0687022900763359,25.000588235294117
1761618405,3402.74873 N,08407.11691 W,294.0,11,0.85,0.069,1.57,0.85,0.5985504150390625,0.7900865478515624,-9.770736975097655,-3.1526717557251906,-1.1526717557251909,1.3893129770992367,24.953529411764706
1761618406,3402.74871 N,08407.11692 W,293.9,11,0.85,0.069,1.57,0.85,0.5770026000976562,0.7613561279296874,-9.74200655517578,-2.9618320610687023,-1.0076335877862594,0.9389312977099237,25.000588235294117
1761618407,3402.74871 N,08407.11692 W,293.9,11,0.85,0.069,1.57,0.85,0.5626373901367188,0.6344634399414062,-9.701305126953125,-3.145038167938931,-1.1908396946564885,1.1221374045801527,25.04764705882353
1761618408,3402.74871 N,08407.11692 W,293.9,11,0.85,0.069,1.57,0.85,0.6296750366210937,0.7709329345703124,-9.852139831542969,-2.9618320610687023,-1.1603053435114503,0.8854961832061069,25.04764705882353
1761618409,3402.74871 N,08407.11692 W,293.9,11,0.85,0.069,1.57,0.85,0.5602431884765625,0.7757213378906249,-9.765948571777344,-2.8396946564885495,-1.2595419847328244,0.732824427480916,25.141764705882352
1761618410,3402.74871 N,08407.11692 W,293.9,11,0.85,0.069,1.57,0.85,0.603338818359375,0.7445967163085937,-9.823409411621093,-2.7404580152671754,-0.9694656488549618,0.9465648854961832,25.09470588235294
1761618411,3402.74871 N,08407.11692 W,293.9,11,0.85,0.069,1.57,0.85,0.6081272216796875,0.7757213378906249,-9.758765966796874,-2.9770992366412212,-1.0076335877862594,0.9923664122137404,25.000588235294117
1761618412,3402.74871 N,08407.11692 W,293.9,11,0.85,0.048,1.57,0.85,0.5865794067382812,0.7517793212890624,-9.725247143554688,-2.8473282442748094,-1.0458015267175573,1.0076335877862594,25.04764705882353
1761618413,3402.74871 N,08407.11692 W,293.9,11,0.85,0.048,1.57,0.85,0.5722141967773438,0.7757213378906249,-9.753977563476562,-3.053435114503817,-1.1908396946564885,1.1068702290076335,25.000588235294117
1761618414,3402.74874 N,08407.11695 W,293.9,11,0.85,0.048,1.57,0.85,0.5746083984375,0.7709329345703124,-9.804255798339844,-3.1297709923664123,-1.1984732824427482,1.3129770992366412,24.859411764705882
1761618415,3402.74874 N,08407.11695 W,293.9,11,0.85,0.048,1.57,0.85,0.5482721801757812,0.7757213378906249,-9.885658654785155,-2.885496183206107,-1.0229007633587786,0.9312977099236641,25.09470588235294
1761618416,3402.74874 N,08407.11695 W,293.9,11,0.85,0.048,1.57,0.85,0.5434837768554687,0.9002198242187499,-9.79946739501953,-2.8702290076335877,-1.1755725190839694,0.9312977099236641,25.04764705882353
1761618417,3402.74874 N,08407.11695 W,293.9,11,0.85,0.048,1.57,0.85,0.7517793212890624,0.7924807495117187,-9.753977563476562,-2.8244274809160306,-1.0229007633587786,1.0381679389312977,25.04764705882353
1761618418,3402.74874 N,08407.11695 W,293.9,11,0.85,0.048,1.57,0.85,0.6296750366210937,0.7302315063476562,-9.758765966796874,-3.1297709923664123,-1.083969465648855,1.0381679389312977,25.188823529411764
1761618419,3402.74874 N,08407.11695 W,293.9,11,0.85,0.048,1.57,0.85,0.6009446166992187,0.7829039428710937,-9.679757312011718,-2.946564885496183,-1.0,1.1603053435114503,24.953529411764706
1761618421,3402.74874 N,08407.11695 W,293.9,11,0.85,0.032,1.57,0.85,0.6512228515624999,0.7972691528320313,-9.74200655517578,-3.053435114503817,-1.0305343511450382,1.0229007633587786,25.000588235294117
1761618422,3402.74874 N,08407.11695 W,293.9,11,0.85,0.032,1.57,0.85,0.5985504150390625,0.7685387329101562,-9.773131176757811,-2.7938931297709924,-0.9465648854961832,1.0076335877862594,25.09470588235294
1761618423,3402.74876 N,08407.11694 W,293.9,11,0.85,0.032,1.57,0.85,0.7565677246093749,0.612915625,-9.792284790039062,-2.8091603053435112,-1.0305343511450382,0.8931297709923665,25.000588235294117
1761618424,3402.74876 N,08407.11694 W,293.9,11,0.85,0.032,1.57,0.85,0.5506663818359374,0.7637503295898437,-9.919177478027343,-2.6717557251908395,-1.2595419847328244,1.183206106870229,25.141764705882352
1761618425,3402.74876 N,08407.11694 W,293.9,11,0.85,0.032,1.57,0.85,0.6248866333007812,0.7613561279296874,-9.706093530273437,-3.1603053435114505,-1.1145038167938932,1.0610687022900764,25.000588235294117
1761618426,3402.74876 N,08407.11694 W,293.9,11,0.85,0.032,1.57,0.85,0.5793968017578125,0.8379705810546875,-9.777919580078125,-2.969465648854962,-0.8931297709923665,0.8625954198473282,25.09470588235294
1761618427,3402.74876 N,08407.11694 W,293.9,11,0.85,0.032,1.57,0.85,0.5889736083984375,0.8930372192382812,-9.708487731933593,-3.0916030534351147,-1.1145038167938932,1.0458015267175573,25.04764705882353
1761618428,3402.74876 N,08407.11694 W,293.9,11,0.85,0.032,1.57,0.85,0.6081272216796875,0.7661445312499999,-9.64623848876953,-2.885496183206107,-1.16793893129771,1.1297709923664123,25.09470588235294
1761618429,3402.74876 N,08407.11694 W,293.9,11,0.85,0.157,1.57,0.85,0.5722141967773438,0.7900865478515624,-9.739612353515625,-3.198473282442748,-1.0687022900763359,1.083969465648855,25.000588235294117
1761618430,3402.74876 N,08407.11694 W,293.9,11,0.85,0.157,1.57,0.85,0.7254431030273437,0.7709329345703124,-9.713276135253906,-2.9923664122137406,-1.099236641221374,1.083969465648855,25.000588235294117
1761618431,3402.74875 N,08407.11685 W,294.2,11,0.85,0.157,1.57,0.85,0.622492431640625,0.8044517578125,-9.725247143554688,-2.900763358778626,-1.0763358778625953,1.1374045801526718,25.09470588235294
1761618432,3402.74875 N,08407.11685 W,294.2,11,0.85,0.157,1.57,0.85,0.5626373901367188,0.7613561279296874,-9.775525378417969,-2.9389312977099236,-0.9618320610687023,1.2595419847328244,25.04764705882353
1761618433,3402.74875 N,08407.11685 W,294.2,11,0.85,0.157,1.57,0.85,0.5027823486328125,0.737414111328125,-9.861716638183593,-2.984732824427481,-1.1068702290076335,1.1145038167938932,25.04764705882353
1761618434,3402.74875 N,08407.11685 W,294.2,11,0.85,0.157,1.57,0.85,0.6105214233398437,0.7876923461914062,-9.679757312011718,-2.946564885496183,-1.1297709923664123,0.8778625954198473,25.04764705882353
1761618435,3402.74875 N,08407.11685 W,294.2,11,0.85,0.157,1.57,0.85,0.5817910034179687,0.7206546997070312,-9.758765966796874,-2.7404580152671754,-1.1374045801526718,0.9923664122137404,25.09470588235294
1761618436,3402.74875 N,08407.11685 W,294.2,11,0.85,0.157,1.57,0.85,0.5626373901367188,0.7493851196289062,-9.730035546875,-2.9389312977099236,-1.0458015267175573,1.015267175572519,25.000588235294117
1761618437,3402.74875 N,08407.11685 W,294.2,11,0.85,0.175,1.57,0.85,0.5817910034179687,0.8882488159179687,-9.787496386718749,-2.7786259541984735,-0.9236641221374046,1.1526717557251909,25.188823529411764
1761618438,3402.74875 N,08407.11685 W,294.2,11,0.85,0.175,1.57,0.85,0.74699091796875,0.7685387329101562,-9.773131176757811,-2.9770992366412212,-1.0381679389312977,1.1068702290076335,25.09470588235294
1761618439,3402.74878 N,08407.11676 W,294.4,11,0.85,0.175,1.57,0.85,0.5434837768554687,0.7493851196289062,-9.821015209960937,-3.015267175572519,-1.0534351145038168,1.1145038167938932,25.141764705882352
1761618440,3402.74878 N,08407.11676 W,294.4,11,0.85,0.175,1.57,0.85,0.5339069702148437,0.7757213378906249,-9.79946739501953,-2.931297709923664,-1.0610687022900764,0.9923664122137404,25.04764705882353
1761618441,3402.74878 N,08407.11676 W,294.4,11,0.85,0.175,1.57,0.85,0.5506663818359374,0.7613561279296874,-9.8449572265625,-2.854961832061069,-1.0076335877862594,1.2290076335877862,25.04764705882353
1761618442,3402.74878 N,08407.11676 W,294.4,11,0.85,0.175,1.57,0.85,0.6057330200195312,0.9074024291992187,-9.732429748535155,-2.786259541984733,-1.1908396946564885,1.0458015267175573,25.04764705882353
1761618443,3402.74878 N,08407.11676 W,294.4,11,0.85,0.175,1.57,0.85,0.5602431884765625,0.7709329345703124,-9.785102185058593,-3.045801526717557,-0.9770992366412213,1.1374045801526718,25.04764705882353
1761618444,3402.74878 N,08407.11676 W,294.4,11,0.85,0.175,1.57,0.85,0.5434837768554687,0.7541735229492187,-9.751583361816406,-2.6717557251908395,-1.0610687022900764,1.0916030534351144,25.000588235294117
1761618445,3402.74878 N,08407.11676 W,294.4,11,0.85,0.117,1.57,0.85,0.6177040283203125,0.7326257080078125,-9.694122521972655,-2.8396946564885495,-1.1221374045801527,0.9618320610687023,25.000588235294117
1761618446,3402.74878 N,08407.11676 W,294.4,11,0.85,0.117,1.57,0.85,0.47644613037109373,0.7781155395507812,-9.744400756835937,-2.816793893129771,-1.2290076335877862,0.8625954198473282,25.04764705882353
1761618447,3402.74880 N,08407.11671 W,294.4,11,0.85,0.117,1.57,0.85,0.5746083984375,0.7781155395507812,-9.727641345214844,-3.0610687022900764,-0.9465648854961832,1.0381679389312977,25.04764705882353
1761618448,3402.74880 N,08407.11671 W,294.4,11,0.85,0.117,1.57,0.85,0.5889736083984375,0.7254431030273437,-9.718064538574218,-3.0381679389312977,-1.0610687022900764,1.0458015267175573,25.04764705882353
1761618449,3402.74880 N,08407.11671 W,294.4,11,0.85,0.117,1.57,0.85,0.5985504150390625,0.7757213378906249,-9.76116016845703,-3.213740458015267,-0.9694656488549618,1.3053435114503817,25.04764705882353
1761618450,3402.74880 N,08407.11671 W,294.4,11,0.85,0.117,1.57,0.85,0.5865794067382812,0.7398083129882812,-9.727641345214844,-2.816793893129771,-1.1145038167938932,0.9847328244274809,25.04764705882353
1761618451,3402.74880 N,08407.11671 W,294.4,11,0.85,0.117,1.57,0.85,0.5051765502929687,0.7278373046875,-9.737218151855469,-2.900763358778626,-1.0381679389312977,1.1603053435114503,24.953529411764706
1761618452,3402.74880 N,08407.11671 W,294.4,11,0.85,0.117,1.57,0.85,0.5291185668945312,0.7565677246093749,-9.801861596679688,-2.8091603053435112,-1.0,1.0,25.04764705882353
1761618453,3402.74880 N,08407.11671 W,294.4,11,0.85,0.106,1.57,0.85,0.7062894897460937,0.7948749511718749,-9.746794958496093,-2.946564885496183,-1.1984732824427482,1.2442748091603053,25.000588235294117
1761618454,3402.74880 N,08407.11671 W,294.4,11,0.85,0.106,1.57,0.85,0.59376201171875,0.8116343627929687,-9.785102185058593,-2.984732824427481,-1.2061068702290076,1.0610687022900764,25.09470588235294
1761618455,3402.74882 N,08407.11661 W,294.6,11,0.85,0.106,1.57,0.85,0.5434837768554687,0.9050082275390624,-9.744400756835937,-2.687022900763359,-1.0381679389312977,0.9694656488549618,25.09470588235294
1761618456,3402.74882 N,08407.11661 W,294.6,11,0.85,0.106,1.57,0.85,0.5985504150390625,0.7996633544921875,-9.739612353515625,-2.801526717557252,-1.0687022900763359,0.9389312977099237,24.906470588235294
1761618457,3402.74882 N,08407.11661 W,294.6,11,0.85,0.106,1.57,0.85,0.5674257934570313,0.7493851196289062,-9.746794958496093,-2.786259541984733,-1.1526717557251909,1.015267175572519,25.04764705882353
1761618458,3402.74882 N,08407.11661 W,294.6,11,0.85,0.106,1.57,0.85,0.5602431884765625,0.8092401611328125,-9.777919580078125,-2.969465648854962,-1.0534351145038168,0.916030534351145,25.04764705882353
1761618459,3402.74882 N,08407.11661 W,294.6,11,0.85,0.106,1.57,0.85,0.6751648681640625,0.7398083129882812,-9.698910925292969,-2.786259541984733,-0.9618320610687023,1.1374045801526718,25.000588235294117
1761618460,3402.74882 N,08407.11661 W,294.6,11,0.85,0.106,1.57,0.85,0.6153098266601562,0.7110778930664062,-9.753977563476562,-3.0839694656488548,-0.9312977099236641,1.0076335877862594,25.09470588235294
1761618461,3402.74882 N,08407.11661 W,294.6,11,0.85,0.159,1.57,0.85,0.6177040283203125,0.7757213378906249,-9.813832604980469,-2.8473282442748094,-1.1221374045801527,1.1526717557251909,25.000588235294117
1761618462,3402.74882 N,08407.11661 W,294.6,11,0.85,0.159,1.57,0.85,0.51714755859375,0.8044517578125,-9.7683427734375,-2.854961832061069,-1.0534351145038168,0.916030534351145,25.09470588235294
1761618463,3402.74882 N,08407.11647 W,294.8,11,0.85,0.159,1.57,0.85,0.59376201171875,0.7876923461914062,-9.734823950195311,-3.030534351145038,-0.9618320610687023,1.282442748091603,25.141764705882352
1761618464,3402.74882 N,08407.11647 W,294.8,11,0.85,0.159,1.57,0.85,0.5770026000976562,0.7781155395507812,-9.935936889648437,-3.213740458015267,-0.9847328244274809,1.1984732824427482,25.141764705882352
1761618465,3402.74882 N,08407.11647 W,294.8,11,0.85,0.159,1.57,0.85,0.5817910034179687,0.7876923461914062,-9.787496386718749,-2.6717557251908395,-1.0076335877862594,0.8396946564885496,25.000588235294117
1761618466,3402.74882 N,08407.11647 W,294.8,11,0.85,0.159,1.57,0.85,0.584185205078125,0.7661445312499999,-9.782707983398437,-2.816793893129771,-1.1450381679389312,0.9083969465648855,25.09470588235294
1761618467,3402.74882 N,08407.11647 W,294.8,11,0.85,0.159,1.57,0.85,0.5458779785156249,0.8092401611328125,-9.787496386718749,-3.0,-0.9465648854961832,1.0687022900763359,25.09470588235294
1761618468,3402.74882 N,08407.11647 W,294.8,11,0.85,0.159,1.57,0.85,0.5339069702148437,0.7565677246093749,-9.792284790039062,-2.7099236641221376,-1.0381679389312977,1.16793893129771,25.09470588235294
1761618469,3402.74882 N,08407.11647 W,294.8,11,0.85,0.375,1.57,0.85,0.6057330200195312,0.699106884765625,-9.78031378173828,-3.183206106870229,-0.9694656488549618,1.099236641221374,25.09470588235294
1761618470,3402.74882 N,08407.11647 W,294.8,11,0.85,0.375,1.57,0.85,0.5961562133789062,0.6200982299804687,-9.782707983398437,-2.885496183206107,-1.2442748091603053,0.9923664122137404,25.09470588235294
1761618471,3402.74873 N,08407.11633 W,295.1,11,0.85,0.375,1.57,0.85,0.565031591796875,0.7326257080078125,-9.70369932861328,-2.9236641221374047,-0.9236641221374046,1.1908396946564885,25.09470588235294
1761618472,3402.74873 N,08407.11633 W,295.1,11,0.85,0.375,1.57,0.85,0.5243301635742187,0.7422025146484375,-9.725247143554688,-2.8702290076335877,-1.0534351145038168,0.816793893129771,25.09470588235294
1761618473,3402.74873 N,08407.11633 W,295.1,11,0.85,0.375,1.57,0.85,0.5793968017578125,0.7350199096679687,-9.792284790039062,-2.877862595419847,-1.0534351145038168,1.183206106870229,25.141764705882352
1761618474,3402.74873 N,08407.11633 W,295.1,11,0.85,0.375,1.57,0.85,0.584185205078125,0.7398083129882812,-9.734823950195311,-2.7709923664122136,-1.0916030534351144,0.8549618320610687,25.04764705882353
1761618475,3402.74873 N,08407.11633 W,295.1,11,0.85,0.375,1.57,0.85,0.5626373901367188,0.7517793212890624,-9.696516723632811,-3.099236641221374,-1.0458015267175573,1.1374045801526718,25.09470588235294
1761618476,3402.74873 N,08407.11633 W,295.1,11,0.85,0.375,1.57,0.85,0.6057330200195312,0.74699091796875,-9.811438403320311,-2.8625954198473282,-1.0458015267175573,1.1297709923664123,25.000588235294117
1761618477,3402.74873 N,08407.11633 W,295.1,11,0.85,0.155,1.57,0.85,0.5865794067382812,0.7781155395507812,-9.718064538574218,-2.763358778625954,-1.0687022900763359,0.9236641221374046,25.141764705882352
1761618478,3402.74873 N,08407.11633 W,295.1,11,0.85,0.155,1.57,0.85,0.7038952880859375,0.7685387329101562,-9.756371765136718,-2.931297709923664,-1.0610687022900764,1.1221374045801527,25.09470588235294
1761618479,3402.74866 N,08407.11614 W,295.3,11,0.85,0.155,1.57,0.85,0.5530605834960938,0.8044517578125,-9.785102185058593,-3.053435114503817,-0.9694656488549618,1.0916030534351144,25.04764705882353
1761618480,3402.74866 N,08407.11614 W,295.3,11,0.85,0.155,1.57,0.85,0.5602431884765625,0.7948749511718749,-9.801861596679688,-2.854961832061069,-1.2061068702290076,0.9312977099236641,24.953529411764706
1761618481,3402.74866 N,08407.11614 W,295.3,11,0.85,0.155,1.57,0.85,0.6536170532226562,0.7230489013671875,-9.706093530273437,-2.877862595419847,-0.9923664122137404,1.0534351145038168,25.09470588235294
1761618482,3402.74866 N,08407.11614 W,295.3,11,0.85,0.155,1.57,0.85,0.5889736083984375,0.7661445312499999,-9.713276135253906,-2.7786259541984735,-1.0381679389312977,1.0763358778625953,25.09470588235294
1761618483,3402.74866 N,08407.11614 W,295.3,11,0.85,0.155,1.57,0.85,0.5243301635742187,0.7900865478515624,-9.706093530273437,-2.801526717557252,-1.015267175572519,1.0458015267175573,25.000588235294117
1761618484,3402.74866 N,08407.11614 W,295.3,11,0.85,0.155,1.57,0.85,0.5746083984375,0.7924807495117187,-9.701305126953125,-2.8244274809160306,-1.1984732824427482,0.9847328244274809,25.09470588235294
1761618485,3402.74866 N,08407.11614 W,295.3,11,0.85,0.208,1.57,0.85,0.45968671875,0.7637503295898437,-9.792284790039062,-2.877862595419847,-1.2061068702290076,1.1526717557251909,25.04764705882353
1761618486,3402.74866 N,08407.11614 W,295.3,11,0.85,0.208,1.57,0.85,0.47165772705078124,0.6177040283203125,-9.732429748535155,-2.954198473282443,-0.9236641221374046,1.0687022900763359,25.09470588235294
1761618487,3402.74853 N,08407.11590 W,295.7,11,0.85,0.208,1.57,0.85,0.612915625,0.7541735229492187,-9.7683427734375,-2.854961832061069,-1.0763358778625953,1.0305343511450382,25.09470588235294
1761618488,3402.74853 N,08407.11590 W,295.7,11,0.85,0.208,1.57,0.85,0.47165772705078124,0.9145850341796874,-9.79946739501953,-3.1068702290076335,-1.1450381679389312,1.1221374045801527,25.000588235294117
1761618489,3402.74853 N,08407.11590 W,295.7,11,0.85,0.208,1.57,0.85,0.5434837768554687,0.82360537109375,-9.744400756835937,-2.8473282442748094,-1.0610687022900764,0.9770992366412213,25.09470588235294
1761618490,3402.74853 N,08407.11590 W,295.7,11,0.85,0.208,1.57,0.85,0.7206546997070312,0.7445967163085937,-9.95987890625,-2.816793893129771,-1.0687022900763359,1.0534351145038168,25.09470588235294
1761618491,3402.74853 N,08407.11590 W,295.7,11,0.85,0.208,1.57,0.85,0.5722141967773438,0.6272808349609375,-9.770736975097655,-2.9389312977099236,-0.9923664122137404,1.1984732824427482,25.188823529411764
1761618492,3402.74853 N,08407.11590 W,295.7,11,0.85,0.208,1.57,0.85,0.5722141967773438,0.7805097412109374,-9.957484704589843,-2.8244274809160306,-0.9007633587786259,1.2290076335877862,25.000588235294117
1761618493,3402.74853 N,08407.11590 W,295.7,11,0.85,0.174,1.57,0.85,0.5386953735351562,0.8092401611328125,-9.79946739501953,-2.7022900763358777,-0.9541984732824428,1.0916030534351144,25.000588235294117
1761618494,3402.74853 N,08407.11590 W,295.7,11,0.85,0.174,1.57,0.85,0.6105214233398437,0.7709329345703124,-9.811438403320311,-2.6946564885496183,-1.2061068702290076,1.099236641221374,25.141764705882352
1761618495,3402.74859 N,08407.11580 W,295.9,11,0.85,0.174,1.57,0.85,0.6153098266601562,0.8092401611328125,-9.813832604980469,-2.83206106870229,-1.16793893129771,1.213740458015267,25.09470588235294
1761618496,3402.74859 N,08407.11580 W,295.9,11,0.85,0.174,1.57,0.85,0.6081272216796875,0.8283937744140625,-9.734823950195311,-2.969465648854962,-1.213740458015267,1.1374045801526718,25.000588235294117
1761618497,3402.74859 N,08407.11580 W,295.9,11,0.85,0.174,1.57,0.85,0.5722141967773438,0.7948749511718749,-9.770736975097655,-2.877862595419847,-1.0687022900763359,1.1984732824427482,25.09470588235294
1761618498,3402.74859 N,08407.11580 W,295.9,11,0.85,0.174,1.57,0.85,0.5339069702148437,0.7613561279296874,-9.80665,-2.931297709923664,-1.0305343511450382,1.1603053435114503,25.04764705882353
1761618499,3402.74859 N,08407.11580 W,295.9,11,0.85,0.174,1.57,0.85,0.7206546997070312,0.7350199096679687,-9.789890588378906,-2.946564885496183,-1.083969465648855,1.0687022900763359,25.000588235294117
1761618500,3402.74859 N,08407.11580 W,295.9,11,0.85,0.174,1.57,0.85,0.5961562133789062,0.8020575561523438,-9.665392102050781,-3.1526717557251906,-1.0916030534351144,1.3511450381679388,25.141764705882352
1761618501,3402.74859 N,08407.11580 W,295.9,11,0.85,0.125,1.57,0.85,0.7589619262695312,0.814028564453125,-9.74200655517578,-2.5877862595419847,-0.9541984732824428,0.8702290076335878,25.09470588235294
1761618502,3402.74859 N,08407.11580 W,295.9,11,0.85,0.125,1.57,0.85,0.5363011718749999,0.7493851196289062,-9.701305126953125,-2.854961832061069,-0.9083969465648855,1.0687022900763359,25.09470588235294
1761618503,3402.74855 N,08407.11562 W,296.2,11,0.85,0.125,1.57,0.85,0.5602431884765625,0.852335791015625,-9.732429748535155,-3.015267175572519,-1.0458015267175573,0.9236641221374046,25.04764705882353
1761618504,3402.74855 N,08407.11562 W,296.2,11,0.85,0.125,1.57,0.85,0.5530605834960938,0.7876923461914062,-9.746794958496093,-2.7557251908396947,-0.9389312977099237,0.8396946564885496,25.188823529411764
1761618505,3402.74855 N,08407.11562 W,296.2,11,0.85,0.125,1.57,0.85,0.5386953735351562,0.7996633544921875,-9.804255798339844,-2.984732824427481,-1.0763358778625953,0.8244274809160306,25.188823529411764
1761618506,3402.74855 N,08407.11562 W,296.2,11,0.85,0.125,1.57,0.85,0.5961562133789062,0.7852981445312499,-9.718064538574218,-2.946564885496183,-0.9465648854961832,1.0687022900763359,25.04764705882353
1761618507,3402.74855 N,08407.11562 W,296.2,11,0.85,0.125,1.57,0.85,0.6009446166992187,0.7781155395507812,-9.710881933593749,-2.931297709923664,-0.9236641221374046,1.099236641221374,25.141764705882352
1761618508,3402.74855 N,08407.11562 W,296.2,11,0.85,0.125,1.57,0.85,0.5626373901367188,0.7541735229492187,-9.658209497070311,-2.877862595419847,-1.015267175572519,1.1297709923664123,25.09470588235294
1761618509,3402.74855 N,08407.11562 W,296.2,11,0.85,0.094,1.57,0.85,0.5626373901367188,0.7565677246093749,-9.787496386718749,-3.053435114503817,-0.9007633587786259,1.1297709923664123,25.09470588235294
1761618510,3402.74855 N,08407.11562 W,296.2,11,0.85,0.094,1.57,0.85,0.5530605834960938,0.7733271362304687,-9.87608184814453,-2.900763358778626,-1.0687022900763359,1.0687022900763359,25.09470588235294
1761618511,3402.74850 N,08407.11548 W,296.5,11,0.85,0.094,1.57,0.85,0.5889736083984375,0.612915625,-9.7683427734375,-2.7557251908396947,-0.9465648854961832,1.1526717557251909,25.04764705882353
1761618512,3402.74850 N,08407.11548 W,296.5,11,0.85,0.094,1.57,0.85,0.5889736083984375,0.612915625,-9.804255798339844,-3.0229007633587788,-0.9694656488549618,1.015267175572519,25.04764705882353
1761618513,3402.74850 N,08407.11548 W,296.5,11,0.85,0.094,1.57,0.85,0.5386953735351562,0.6153098266601562,-9.751583361816406,-2.66412213740458,-0.9465648854961832,0.9618320610687023,25.09470588235294
1761618514,3402.74850 N,08407.11548 W,296.5,11,0.85,0.094,1.57,0.85,0.5770026000976562,0.7924807495117187,-9.756371765136718,-2.8625954198473282,-1.0,1.099236641221374,25.09470588235294
1761618515,3402.74850 N,08407.11548 W,296.5,11,0.85,0.094,1.57,0.85,0.565031591796875,0.8786720092773437,-9.694122521972655,-3.0229007633587788,-1.1526717557251909,1.0,25.141764705882352
1761618516,3402.74850 N,08407.11548 W,296.5,11,0.85,0.094,1.57,0.85,0.5722141967773438,0.7781155395507812,-9.725247143554688,-2.9923664122137406,-0.8854961832061069,1.0229007633587786,25.141764705882352
1761618517,3402.74850 N,08407.11548 W,296.5,11,0.85,0.093,1.57,0.85,0.47644613037109373,0.7852981445312499,-9.689334118652344,-2.9160305343511452,-1.0610687022900764,1.0229007633587786,25.09470588235294
1761618518,3402.74850 N,08407.11548 W,296.5,11,0.85,0.093,1.57,0.85,0.5339069702148437,0.63206923828125,-9.775525378417969,-2.9923664122137406,-0.8320610687022901,1.1297709923664123,25.04764705882353
1761618519,3402.74848 N,08407.11542 W,296.9,11,0.85,0.093,1.57,0.85,0.5458779785156249,0.7948749511718749,-9.78031378173828,-3.053435114503817,-1.099236641221374,1.0229007633587786,25.09470588235294
1761618520,3402.74848 N,08407.11542 W,296.9,11,0.85,0.093,1.57,0.85,0.5674257934570313,0.7158662963867187,-9.773131176757811,-3.045801526717557,-1.2671755725190839,1.0763358778625953,25.04764705882353
1761618521,3402.74848 N,08407.11542 W,296.9,11,0.85,0.093,1.57,0.85,0.6081272216796875,0.9169792358398436,-9.679757312011718,-2.9236641221374047,-1.0,0.9389312977099237,25.04764705882353
1761618522,3402.74848 N,08407.11542 W,296.9,11,0.85,0.093,1.57,0.85,0.737414111328125,0.7781155395507812,-9.792284790039062,-2.946564885496183,-1.0534351145038168,1.1068702290076335,25.09470588235294
1761618523,3402.74848 N,08407.11542 W,296.9,11,0.85,0.093,1.57,0.85,0.5482721801757812,0.7326257080078125,-9.756371765136718,-2.8091603053435112,-0.9923664122137404,0.9465648854961832,25.141764705882352
1761618524,3402.74848 N,08407.11542 W,296.9,11,0.85,0.093,1.57,0.85,0.6081272216796875,0.7733271362304687,-9.809044201660155,-2.801526717557252,-1.1297709923664123,1.015267175572519,25.09470588235294
1761618525,3402.74848 N,08407.11542 W,296.9,11,0.85,0.089,1.57,0.85,0.5793968017578125,0.7972691528320313,-9.787496386718749,-2.9236641221374047,-1.1145038167938932,1.1603053435114503,25.09470588235294
1761618526,3402.74848 N,08407.11542 W,296.9,11,0.85,0.089,1.57,0.85,0.6248866333007812,0.6655880615234374,-9.70369932861328,-2.8473282442748094,-1.0458015267175573,1.015267175572519,25.000588235294117
1761618527,3402.74847 N,08407.11535 W,297.3,11,0.85,0.089,1.57,0.85,0.5674257934570313,0.7996633544921875,-9.78031378173828,-2.984732824427481,-1.183206106870229,1.2366412213740459,25.000588235294117
1761618528,3402.74847 N,08407.11535 W,297.3,11,0.85,0.089,1.57,0.85,0.6057330200195312,0.7158662963867187,-9.751583361816406,-2.900763358778626,-1.099236641221374,0.9312977099236641,25.04764705882353
1761618529,3402.74847 N,08407.11535 W,297.3,11,0.85,0.089,1.57,0.85,0.6368576416015624,0.7589619262695312,-9.777919580078125,-2.854961832061069,-1.0916030534351144,1.16793893129771,25.04764705882353
1761618530,3402.74847 N,08407.11535 W,297.3,11,0.85,0.089,1.57,0.85,0.5889736083984375,0.7733271362304687,-9.775525378417969,-2.9389312977099236,-1.099236641221374,1.1068702290076335,25.141764705882352
1761618531,3402.74847 N,08407.11535 W,297.3,11,0.85,0.089,1.57,0.85,0.5434837768554687,0.7589619262695312,-9.706093530273437,-2.8931297709923665,-1.0,0.9770992366412213,25.09470588235294
1761618532,3402.74847 N,08407.11535 W,297.3,11,0.85,0.089,1.57,0.85,0.5363011718749999,0.6488286499023437,-9.715670336914062,-2.7480916030534353,-1.0687022900763359,1.0,25.04764705882353
1761618533,3402.74847 N,08407.11535 W,297.3,11,0.85,0.068,1.57,0.85,0.6105214233398437,0.7829039428710937,-9.777919580078125,-2.9770992366412212,-1.0916030534351144,0.9618320610687023,25.141764705882352
1761618535,3402.74847 N,08407.11535 W,297.3,11,0.85,0.068,1.57,0.85,0.59376201171875,0.7565677246093749,-9.816226806640625,-3.0229007633587788,-1.0,1.0687022900763359,25.09470588235294
1761618536,3402.74848 N,08407.11532 W,297.8,11,0.85,0.068,1.57,0.85,0.622492431640625,0.7852981445312499,-9.86411083984375,-2.8931297709923665,-1.0763358778625953,0.8473282442748091,25.04764705882353
1761618537,3402.74848 N,08407.11532 W,297.8,11,0.85,0.068,1.57,0.85,0.5578489868164063,0.7445967163085937,-9.79946739501953,-2.854961832061069,-1.015267175572519,0.9312977099236641,25.09470588235294
1761618538,3402.74848 N,08407.11532 W,297.8,11,0.85,0.068,1.57,0.85,0.5674257934570313,0.7661445312499999,-9.7683427734375,-3.122137404580153,-1.0305343511450382,1.0916030534351144,25.09470588235294
1761618539,3402.74848 N,08407.11532 W,297.8,11,0.85,0.068,1.57,0.85,0.47644613037109373,0.7541735229492187,-9.725247143554688,-3.0839694656488548,-1.16793893129771,0.9770992366412213,25.09470588235294
1761618540,3402.74848 N,08407.11532 W,297.8,11,0.85,0.068,1.57,0.85,0.6081272216796875,0.7637503295898437,-9.737218151855469,-3.0,-1.2213740458015268,1.1526717557251909,25.141764705882352
1761618541,3402.74848 N,08407.11532 W,297.8,11,0.85,0.068,1.57,0.85,0.63206923828125,0.7829039428710937,-9.696516723632811,-2.8931297709923665,-0.9923664122137404,1.1068702290076335,25.80058823529412
1761618542,3402.74848 N,08407.11532 W,297.8,11,0.85,0.040,1.57,0.85,0.6296750366210937,0.7948749511718749,-9.74200655517578,-2.648854961832061,-1.2290076335877862,0.7099236641221374,25.09470588235294
1761618543,3402.74848 N,08407.11532 W,297.8,11,0.85,0.040,1.57,0.85,0.5722141967773438,0.7158662963867187,-9.662997900390625,-2.8244274809160306,-0.9694656488549618,0.48854961832061067,25.09470588235294
1761618544,3402.74851 N,08407.11525 W,298.2,11,0.85,0.040,1.57,0.85,0.5674257934570313,0.8571241943359375,-9.797073193359374,-5.564885496183206,-1.7404580152671756,5.824427480916031,25.188823529411764
1761618545,3402.74851 N,08407.11525 W,298.2,11,0.85,0.040,1.57,0.85,0.5506663818359374,0.7948749511718749,-9.79946739501953,-2.687022900763359,-1.0381679389312977,0.7404580152671756,25.09470588235294
1761618546,3402.74851 N,08407.11525 W,298.2,11,0.85,0.040,1.57,0.85,0.5506663818359374,0.7805097412109374,-9.782707983398437,-2.6946564885496183,-0.8549618320610687,0.8931297709923665,25.09470588235294
1761618547,3402.74851 N,08407.11525 W,298.2,11,0.85,0.040,1.57,0.85,0.5530605834960938,0.7517793212890624,-9.868899243164062,-2.450381679389313,-1.015267175572519,0.6183206106870229,25.09470588235294
1761618548,3402.74851 N,08407.11525 W,298.2,11,0.85,0.040,1.57,0.85,0.7206546997070312,0.7757213378906249,-9.744400756835937,-3.1908396946564888,-1.183206106870229,1.6946564885496183,25.188823529411764
1761618549,3402.74851 N,08407.11525 W,298.2,11,0.85,0.040,1.57,0.85,0.5889736083984375,0.7158662963867187,-9.701305126953125,-2.9923664122137406,-1.2061068702290076,0.9618320610687023,25.141764705882352
1761618550,3402.74851 N,08407.11525 W,298.2,11,0.85,0.109,1.57,0.85,0.45968671875,0.7852981445312499,-9.785102185058593,-3.49618320610687,-1.4198473282442747,1.5572519083969465,25.09470588235294
1761618551,3402.74851 N,08407.11525 W,298.2,11,0.85,0.109,1.57,0.85,0.612915625,0.7924807495117187,-9.789890588378906,-2.114503816793893,-0.8320610687022901,0.48854961832061067,25.09470588235294
1761618552,3402.74849 N,08407.11515 W,298.5,11,0.85,0.109,1.57,0.85,0.6248866333007812,0.8307879760742187,-9.8449572265625,-3.114503816793893,-1.1755725190839694,1.465648854961832,25.141764705882352
1761618553,3402.74849 N,08407.11515 W,298.5,11,0.85,0.109,1.57,0.85,0.6296750366210937,0.7493851196289062,-9.78031378173828,-3.053435114503817,-1.0610687022900764,1.1145038167938932,25.141764705882352
1761618554,3402.74849 N,08407.11515 W,298.5,11,0.85,0.109,1.57,0.85,0.5626373901367188,0.6823474731445313,-9.811438403320311,-3.0076335877862594,-1.1526717557251909,1.251908396946565,25.847647058823533
1761618555,3402.74849 N,08407.11515 W,298.5,11,0.85,0.109,1.57,0.85,0.5482721801757812,0.7565677246093749,-9.813832604980469,-2.5572519083969465,-1.4732824427480915,1.099236641221374,25.188823529411764
1761618556,3402.74849 N,08407.11515 W,298.5,11,0.85,0.109,1.57,0.85,0.584185205078125,0.9145850341796874,-9.823409411621093,-3.0,-1.1603053435114503,0.9770992366412213,25.188823529411764
1761618557,3402.74849 N,08407.11515 W,298.5,11,0.85,0.109,1.57,0.85,0.5865794067382812,0.7805097412109374,-9.713276135253906,-3.015267175572519,-1.1450381679389312,0.9923664122137404,25.09470588235294
1761618558,3402.74849 N,08407.11515 W,298.5,11,0.85,0.007,1.57,0.85,0.70868369140625,0.852335791015625,-9.758765966796874,-3.2213740458015265,-0.9465648854961832,1.1908396946564885,25.09470588235294
1761618559,3402.74849 N,08407.11515 W,298.5,11,0.85,0.007,1.57,0.85,0.6512228515624999,0.7781155395507812,-9.763554370117188,-2.7709923664122136,-0.9465648854961832,1.0076335877862594,25.141764705882352
1761618560,3402.74844 N,08407.11503 W,298.9,11,0.85,0.007,1.57,0.85,0.6009446166992187,0.8164227661132812,-9.670180505371093,-3.053435114503817,-1.0763358778625953,1.0534351145038168,25.09470588235294
1761618561,3402.74844 N,08407.11503 W,298.9,11,0.85,0.007,1.57,0.85,0.5770026000976562,0.7541735229492187,-9.79946739501953,-2.9236641221374047,-1.0916030534351144,1.1221374045801527,25.09470588235294
1761618562,3402.74844 N,08407.11503 W,298.9,11,0.85,0.007,1.57,0.85,0.55545478515625,0.7852981445312499,-9.734823950195311,-2.6030534351145036,-1.015267175572519,0.7633587786259542,25.141764705882352
1761618563,3402.74844 N,08407.11503 W,298.9,11,0.85,0.007,1.57,0.85,0.6057330200195312,0.7924807495117187,-9.789890588378906,-2.8702290076335877,-1.213740458015267,0.9007633587786259,25.141764705882352
1761618564,3402.74844 N,08407.11503 W,298.9,11,0.85,0.007,1.57,0.85,0.5315127685546874,0.7206546997070312,-9.751583361816406,-2.732824427480916,-1.0305343511450382,0.8320610687022901,25.141764705882352
1761618565,3402.74844 N,08407.11503 W,298.9,11,0.85,0.007,1.57,0.85,0.5363011718749999,0.9002198242187499,-9.753977563476562,-3.114503816793893,-1.1221374045801527,1.1984732824427482,25.188823529411764
1761618566,3402.74844 N,08407.11503 W,298.9,11,0.85,0.012,1.57,0.85,0.5817910034179687,0.7709329345703124,-9.782707983398437,-2.648854961832061,-0.9847328244274809,0.6412213740458015,25.141764705882352
1761618567,3402.74844 N,08407.11503 W,298.9,11,0.85,0.012,1.57,0.85,0.565031591796875,0.7829039428710937,-9.746794958496093,-2.9236641221374047,-1.0229007633587786,0.9083969465648855,25.141764705882352
1761618568,3402.74846 N,08407.11491 W,299.3,11,0.85,0.012,1.57,0.85,0.6081272216796875,0.7613561279296874,-9.696516723632811,-3.2213740458015265,-1.1221374045801527,1.3587786259541985,25.04764705882353
1761618569,3402.74846 N,08407.11491 W,299.3,11,0.85,0.012,1.57,0.85,0.7302315063476562,0.7805097412109374,-9.7683427734375,-3.213740458015267,-1.1526717557251909,1.2442748091603053,25.188823529411764
1761618570,3402.74846 N,08407.11491 W,299.3,11,0.85,0.012,1.57,0.85,0.565031591796875,0.7781155395507812,-9.689334118652344,-3.0,-1.2366412213740459,0.9694656488549618,25.09470588235294
1761618571,3402.74846 N,08407.11491 W,299.3,11,0.85,0.012,1.57,0.85,0.5530605834960938,0.7565677246093749,-9.694122521972655,-2.877862595419847,-0.8396946564885496,1.0229007633587786,25.09470588235294
1761618572,3402.74846 N,08407.11491 W,299.3,11,0.85,0.012,1.57,0.85,0.5817910034179687,0.9145850341796874,-9.773131176757811,-2.900763358778626,-1.0381679389312977,1.282442748091603,25.09470588235294
1761618573,3402.74846 N,08407.11491 W,299.3,11,0.85,0.012,1.57,0.85,0.565031591796875,0.6560112548828124,-9.777919580078125,-2.931297709923664,-0.8931297709923665,1.0305343511450382,25.188823529411764
1761618574,3402.74846 N,08407.11491 W,299.3,11,0.85,0.107,1.57,0.85,0.5698199951171875,0.7685387329101562,-9.763554370117188,-2.595419847328244,-1.0076335877862594,0.8702290076335878,25.09470588235294
1761618575,3402.74846 N,08407.11491 W,299.3,11,0.85,0.107,1.57,0.85,0.5817910034179687,0.7876923461914062,-9.734823950195311,-2.6259541984732824,-1.0687022900763359,0.7175572519083969,25.80058823529412
1761618576,3402.74846 N,08407.11478 W,299.8,11,0.91,0.107,1.57,0.85,0.6009446166992187,0.8643067993164062,-9.76116016845703,-2.954198473282443,-1.1984732824427482,1.0534351145038168,25.09470588235294
1761618577,3402.74846 N,08407.11478 W,299.8,11,0.91,0.107,1.73,0.91,0.622492431640625,0.82360537109375,-9.801861596679688,-2.5877862595419847,-0.9694656488549618,0.6030534351145038,25.09470588235294
1761618578,3402.74846 N,08407.11478 W,299.8,11,0.91,0.107,1.73,0.91,0.5698199951171875,0.8499415893554687,-9.777919580078125,-3.1297709923664123,-1.1450381679389312,1.2671755725190839,25.04764705882353
1761618579,3402.74846 N,08407.11478 W,299.8,11,0.91,0.107,1.73,0.91,0.5363011718749999,0.7948749511718749,-9.674968908691406,-3.0,-0.9694656488549618,1.1755725190839694,25.188823529411764
1761618580,3402.74846 N,08407.11478 W,299.8,11,0.91,0.107,1.73,0.91,0.5434837768554687,0.74699091796875,-9.753977563476562,-2.267175572519084,-1.015267175572519,0.4122137404580153,25.141764705882352
1761618581,3402.74846 N,08407.11478 W,299.8,11,0.91,0.107,1.73,0.91,0.565031591796875,0.7493851196289062,-9.801861596679688,-3.381679389312977,-0.9694656488549618,1.4885496183206106,25.000588235294117
1761618582,3402.74846 N,08407.11478 W,299.8,11,0.91,0.041,1.73,0.91,0.622492431640625,0.7924807495117187,-9.74200655517578,-2.564885496183206,-1.0229007633587786,0.8091603053435115,25.04764705882353
1761618583,3402.74846 N,08407.11478 W,299.8,11,0.91,0.041,1.73,0.91,0.7493851196289062,0.7637503295898437,-9.734823950195311,-2.8702290076335877,-1.2213740458015268,1.2366412213740459,25.09470588235294
1761618584,3402.74841 N,08407.11464 W,300.1,11,0.91,0.041,1.73,0.91,0.5530605834960938,0.7709329345703124,-9.720458740234374,-3.732824427480916,-1.1450381679389312,1.8244274809160306,25.09470588235294
1761618585,3402.74841 N,08407.11464 W,300.1,11,0.91,0.041,1.73,0.91,0.5722141967773438,0.622492431640625,-9.830592016601562,-0.2748091603053435,-0.37404580152671757,-1.8244274809160306,25.141764705882352
1761618586,3402.74841 N,08407.11464 W,300.1,11,0.91,0.041,1.73,0.91,0.5506663818359374,0.7996633544921875,-9.756371765136718,-0.48091603053435117,-0.6793893129770993,-1.213740458015267,25.09470588235294
1761618587,3402.74841 N,08407.11464 W,300.1,11,0.91,0.041,1.73,0.91,0.584185205078125,0.8044517578125,-9.701305126953125,-2.8473282442748094,-0.8931297709923665,0.6717557251908397,25.09470588235294
1761618588,3402.74841 N,08407.11464 W,300.1,11,0.91,0.041,1.73,0.91,0.5793968017578125,0.9145850341796874,-9.763554370117188,-2.984732824427481,-1.083969465648855,0.9236641221374046,25.04764705882353
1761618589,3402.74841 N,08407.11464 W,300.1,11,0.91,0.041,1.73,0.91,0.4860229370117187,0.6272808349609375,-9.794678991699218,-3.66412213740458,-1.1068702290076335,1.7251908396946565,25.000588235294117
1761618590,3402.74841 N,08407.11464 W,300.1,11,0.91,0.498,1.73,0.91,0.7326257080078125,0.833182177734375,-9.777919580078125,-3.450381679389313,-1.1374045801526718,1.6641221374045803,25.188823529411764
1761618591,3402.74841 N,08407.11464 W,300.1,11,0.91,0.498,1.73,0.91,0.5770026000976562,0.7757213378906249,-9.777919580078125,-3.068702290076336,-1.083969465648855,1.1603053435114503,25.09470588235294
1761618592,3402.74833 N,08407.11457 W,300.3,11,0.91,0.498,1.73,0.91,0.6081272216796875,0.7637503295898437,-9.7683427734375,-2.5114503816793894,-1.0305343511450382,0.9236641221374046,25.09470588235294
1761618593,3402.74833 N,08407.11457 W,300.3,11,0.91,0.498,1.73,0.91,0.5363011718749999,0.7948749511718749,-9.713276135253906,-2.0916030534351147,-0.8778625954198473,0.1297709923664122,25.141764705882352
1761618594,3402.74833 N,08407.11457 W,300.3,11,0.91,0.498,1.73,0.91,0.5817910034179687,0.7781155395507812,-9.756371765136718,-3.145038167938931,-1.1297709923664123,1.1221374045801527,25.188823529411764
1761618595,3402.74833 N,08407.11457 W,300.3,11,0.91,0.498,1.73,0.91,0.5458779785156249,0.814028564453125,-9.821015209960937,-3.0763358778625953,-1.099236641221374,1.1526717557251909,25.09470588235294
1761618596,3402.74833 N,08407.11457 W,300.3,11,0.91,0.498,1.73,0.91,0.7613561279296874,0.8403647827148437,-9.706093530273437,-3.717557251908397,-1.213740458015267,1.7786259541984732,25.141764705882352
1761618597,3402.74833 N,08407.11457 W,300.3,11,0.91,0.498,1.73,0.91,0.6153098266601562,0.8188169677734375,-9.713276135253906,-2.198473282442748,-1.0916030534351144,0.4351145038167939,25.09470588235294
1761618598,3402.74833 N,08407.11457 W,300.3,11,0.91,0.049,1.73,0.91,0.4908113403320312,0.7829039428710937,-9.725247143554688,-2.816793893129771,-0.8854961832061069,0.8931297709923665,25.09470588235294
1761618599,3402.74833 N,08407.11457 W,300.3,11,0.91,0.049,1.73,0.91,0.5698199951171875,0.7829039428710937,-9.782707983398437,-3.114503816793893,-1.0916030534351144,1.0381679389312977,25.000588235294117
1761618600,3402.74834 N,08407.11449 W,300.6,11,0.91,0.049,1.73,0.91,0.6081272216796875,0.9002198242187499,-9.708487731933593,-3.1755725190839694,-1.1068702290076335,1.465648854961832,25.141764705882352
1761618601,3402.74834 N,08407.11449 W,300.6,11,0.91,0.049,1.72,0.91,0.6847416748046875,0.7829039428710937,-9.79946739501953,-2.2595419847328246,-1.099236641221374,0.3435114503816794,25.04764705882353
1761618602,3402.74834 N,08407.11449 W,300.6,11,0.91,0.049,1.72,0.91,0.5985504150390625,0.7637503295898437,-9.83777462158203,-2.7404580152671754,-1.0305343511450382,0.9083969465648855,25.09470588235294
1761618603,3402.74834 N,08407.11449 W,300.6,11,0.91,0.049,1.72,0.91,0.5770026000976562,0.6344634399414062,-9.794678991699218,-3.099236641221374,-1.0916030534351144,0.9847328244274809,25.188823529411764
1761618604,3402.74834 N,08407.11449 W,300.6,11,0.91,0.049,1.72,0.91,0.7565677246093749,0.8810662109374999,-9.782707983398437,-3.3587786259541983,-0.9694656488549618,1.2366412213740459,25.000588235294117
1761618605,3402.74834 N,08407.11449 W,300.6,11,0.91,0.049,1.72,0.91,0.7134720947265625,0.8020575561523438,-9.6917283203125,-2.1374045801526718,-0.9541984732824428,0.20610687022900764,25.188823529411764
1761618606,3402.74834 N,08407.11449 W,300.6,11,0.91,0.073,1.72,0.91,0.5817910034179687,0.7637503295898437,-9.763554370117188,-3.0,-0.9312977099236641,0.9007633587786259,24.48294117647059
1761618607,3402.74834 N,08407.11449 W,300.6,11,0.91,0.073,1.72,0.91,0.584185205078125,0.6296750366210937,-9.727641345214844,-2.9236641221374047,-1.0610687022900764,0.9541984732824428,25.188823529411764
1761618608,3402.74837 N,08407.11448 W,300.7,11,0.91,0.073,1.72,0.91,0.622492431640625,0.7134720947265625,-9.785102185058593,-2.7938931297709924,-0.9923664122137404,0.9312977099236641,25.09470588235294
1761618609,3402.74837 N,08407.11448 W,300.7,11,0.91,0.073,1.72,0.91,0.5698199951171875,0.7254431030273437,-9.74200655517578,-2.877862595419847,-0.9083969465648855,0.9083969465648855,25.188823529411764
1761618610,3402.74837 N,08407.11448 W,300.7,11,0.91,0.073,1.72,0.91,0.603338818359375,0.8547299926757812,-9.627084875488281,-3.49618320610687,-1.2442748091603053,1.3129770992366412,25.141764705882352
1761618611,3402.74837 N,08407.11448 W,300.7,11,0.91,0.073,1.72,0.91,0.7541735229492187,0.7637503295898437,-9.758765966796874,-3.213740458015267,-1.1374045801526718,1.618320610687023,25.141764705882352
1761618612,3402.74837 N,08407.11448 W,300.7,11,0.91,0.073,1.72,0.91,0.6368576416015624,0.8283937744140625,-9.758765966796874,-2.7557251908396947,-0.9236641221374046,1.1145038167938932,25.09470588235294
1761618613,3402.74837 N,08407.11448 W,300.7,11,0.91,0.073,1.72,0.91,0.6488286499023437,0.8762778076171874,-9.785102185058593,-2.7709923664122136,-0.916030534351145,0.8473282442748091,25.09470588235294
1761618614,3402.74837 N,08407.11448 W,300.7,11,0.91,0.088,1.72,0.91,0.584185205078125,0.7398083129882812,-9.727641345214844,-2.816793893129771,-0.9923664122137404,1.2366412213740459,25.09470588235294
1761618615,3402.74837 N,08407.11448 W,300.7,11,0.91,0.088,1.72,0.91,0.5578489868164063,0.7805097412109374,-9.744400756835937,-3.213740458015267,-0.8931297709923665,1.450381679389313,25.000588235294117
1761618616,3402.74839 N,08407.11448 W,300.8,11,0.91,0.088,1.72,0.91,0.7517793212890624,0.7733271362304687,-9.686939916992188,-2.7786259541984735,-0.9465648854961832,1.0076335877862594,25.141764705882352
1761618617,3402.74839 N,08407.11448 W,300.8,11,0.91,0.088,1.72,0.91,0.59376201171875,0.7757213378906249,-9.935936889648437,-2.8396946564885495,-1.0916030534351144,1.0,25.04764705882353
1761618618,3402.74839 N,08407.11448 W,300.8,11,0.91,0.088,1.72,0.91,0.6153098266601562,0.7757213378906249,-9.696516723632811,-3.045801526717557,-0.8778625954198473,1.2290076335877862,25.09470588235294
1761618619,3402.74839 N,08407.11448 W,300.8,11,0.91,0.088,1.72,0.91,0.6105214233398437,0.7661445312499999,-9.78031378173828,-3.015267175572519,-1.1297709923664123,1.213740458015267,25.141764705882352
1761618620,3402.74839 N,08407.11448 W,300.8,11,0.91,0.088,1.72,0.91,0.6344634399414062,0.7900865478515624,-9.756371765136718,-2.687022900763359,-1.083969465648855,0.8320610687022901,25.09470588235294
1761618621,3402.74839 N,08407.11448 W,300.8,11,0.91,0.088,1.72,0.91,0.5913678100585937,0.7781155395507812,-9.794678991699218,-2.954198473282443,-1.183206106870229,1.0610687022900764,25.188823529411764
1761618622,3402.74839 N,08407.11448 W,300.8,11,0.91,0.053,1.72,0.91,0.5722141967773438,0.7398083129882812,-9.749189160156249,-2.969465648854962,-1.1068702290076335,1.0381679389312977,24.48294117647059
1761618623,3402.74839 N,08407.11448 W,300.8,11,0.91,0.053,1.72,0.91,0.5985504150390625,0.9169792358398436,-9.732429748535155,-2.8091603053435112,-1.0763358778625953,1.1450381679389312,25.188823529411764
1761618624,3402.74842 N,08407.11449 W,300.9,11,0.92,0.053,1.72,0.91,0.5722141967773438,0.7924807495117187,-9.789890588378906,-3.0,-1.0381679389312977,1.2366412213740459,25.04764705882353
1761618625,3402.74842 N,08407.11449 W,300.9,11,0.92,0.053,1.82,0.92,0.5482721801757812,0.8068459594726562,-9.665392102050781,-2.885496183206107,-1.0763358778625953,1.0076335877862594,24.48294117647059
1761618626,3402.74842 N,08407.11449 W,300.9,11,0.92,0.053,1.82,0.92,0.55545478515625,0.8068459594726562,-9.572018237304688,-2.885496183206107,-0.916030534351145,0.9923664122137404,25.141764705882352
1761618627,3402.74842 N,08407.11449 W,300.9,11,0.92,0.053,1.82,0.92,0.5339069702148437,0.737414111328125,-9.74200655517578,-2.8396946564885495,-0.9847328244274809,0.9541984732824428,25.04764705882353
1761618628,3402.74842 N,08407.11449 W,300.9,11,0.92,0.053,1.82,0.92,0.5267243652343749,0.7829039428710937,-9.713276135253906,-2.954198473282443,-1.1145038167938932,1.4122137404580153,25.04764705882353
1761618629,3402.74842 N,08407.11449 W,300.9,11,0.92,0.053,1.82,0.92,0.45968671875,0.7589619262695312,-9.730035546875,-3.0076335877862594,-1.0458015267175573,0.8473282442748091,25.141764705882352
1761618630,3402.74842 N,08407.11449 W,300.9,11,0.92,0.040,1.82,0.92,0.5961562133789062,0.9121908325195311,-9.682151513671874,-3.145038167938931,-1.2213740458015268,1.1297709923664123,25.09470588235294
1761618631,3402.74842 N,08407.11449 W,300.9,11,0.92,0.040,1.82,0.92,0.5626373901367188,0.7733271362304687,-9.81862100830078,-2.6717557251908395,-1.0763358778625953,0.9923664122137404,25.04764705882353
1761618632,3402.74846 N,08407.11450 W,301.0,11,0.91,0.040,1.82,0.92,0.6177040283203125,0.7996633544921875,-9.76116016845703,-3.2061068702290076,-1.1603053435114503,1.381679389312977,25.141764705882352
1761618633,3402.74846 N,08407.11450 W,301.0,11,0.91,0.040,1.72,0.91,0.5770026000976562,0.7757213378906249,-9.701305126953125,-3.3053435114503817,-0.9389312977099237,1.4045801526717556,25.09470588235294
1761618634,3402.74846 N,08407.11450 W,301.0,11,0.91,0.040,1.72,0.91,0.5410895751953124,0.699106884765625,-9.720458740234374,-2.717557251908397,-1.0916030534351144,0.9923664122137404,25.09470588235294
1761618635,3402.74846 N,08407.11450 W,301.0,11,0.91,0.040,1.72,0.91,0.6584054565429687,0.7685387329101562,-9.662997900390625,-2.854961832061069,-1.0076335877862594,1.1755725190839694,25.09470588235294
1761618636,3402.74846 N,08407.11450 W,301.0,11,0.91,0.040,1.72,0.91,0.5961562133789062,0.7685387329101562,-9.674968908691406,-2.687022900763359,-1.099236641221374,0.7404580152671756,25.847647058823533
1761618637,3402.74846 N,08407.11450 W,301.0,11,0.91,0.040,1.72,0.91,0.5746083984375,0.8212111694335937,-9.720458740234374,-3.183206106870229,-1.2748091603053435,1.3358778625954197,25.09470588235294
1761618638,3402.74846 N,08407.11450 W,301.0,11,0.91,0.085,1.72,0.91,0.5961562133789062,0.7661445312499999,-9.708487731933593,-3.0763358778625953,-0.9694656488549618,1.1755725190839694,25.188823529411764
1761618639,3402.74846 N,08407.11450 W,301.0,11,0.91,0.085,1.72,0.91,0.6177040283203125,0.7565677246093749,-9.775525378417969,-2.5801526717557253,-1.1984732824427482,0.816793893129771,25.04764705882353
1761618640,3402.74850 N,08407.11455 W,301.0,11,0.91,0.085,1.72,0.91,0.5985504150390625,0.7541735229492187,-9.74200655517578,-3.3587786259541983,-1.213740458015267,1.549618320610687,25.04764705882353
1761618641,3402.74850 N,08407.11455 W,301.0,11,0.91,0.085,1.72,0.91,0.565031591796875,0.8044517578125,-9.696516723632811,-2.763358778625954,-1.1145038167938932,0.9083969465648855,25.04764705882353
1761618642,3402.74850 N,08407.11455 W,301.0,11,0.91,0.085,1.72,0.91,0.7278373046875,0.7685387329101562,-9.770736975097655,-3.015267175572519,-1.083969465648855,1.213740458015267,25.188823529411764
1761618643,3402.74850 N,08407.11455 W,301.0,11,0.91,0.085,1.72,0.91,0.5363011718749999,0.8044517578125,-9.734823950195311,-2.931297709923664,-1.3282442748091603,1.015267175572519,25.09470588235294
1761618644,3402.74850 N,08407.11455 W,301.0,11,0.91,0.085,1.72,0.91,0.5793968017578125,0.74699091796875,-9.737218151855469,-2.6259541984732824,-1.16793893129771,0.9694656488549618,25.141764705882352
1761618645,3402.74850 N,08407.11455 W,301.0,11,0.91,0.085,1.72,0.91,0.5315127685546874,0.7757213378906249,-9.64623848876953,-2.7938931297709924,-1.099236641221374,1.083969465648855,25.09470588235294
1761618647,3402.74850 N,08407.11455 W,301.0,11,0.91,0.075,1.72,0.91,0.59376201171875,0.8762778076171874,-9.926360083007811,-3.1755725190839694,-1.1221374045801527,1.0687022900763359,25.141764705882352
1761618648,3402.74850 N,08407.11455 W,301.0,11,0.91,0.075,1.72,0.91,0.5961562133789062,0.814028564453125,-9.9215716796875,-2.9618320610687023,-1.1984732824427482,1.1068702290076335,25.09470588235294
1761618649,3402.74858 N,08407.11479 W,300.4,11,0.91,0.075,1.72,0.91,0.5913678100585937,0.7541735229492187,-9.677363110351562,-2.7404580152671754,-1.1603053435114503,0.7404580152671756,25.141764705882352
1761618650,3402.74858 N,08407.11479 W,300.4,11,0.91,0.075,1.72,0.91,0.622492431640625,0.7900865478515624,-9.78031378173828,-4.351145038167939,-1.4961832061068703,2.068702290076336,25.09470588235294
1761618651,3402.74858 N,08407.11479 W,300.4,11,0.91,0.075,1.72,0.91,0.5817910034179687,0.7781155395507812,-9.773131176757811,-2.6259541984732824,-1.1068702290076335,0.9847328244274809,25.09470588235294
1761618652,3402.74858 N,08407.11479 W,300.4,11,0.91,0.075,1.72,0.91,0.5793968017578125,0.7326257080078125,-9.686939916992188,-2.0610687022900764,-1.0076335877862594,0.1984732824427481,25.09470588235294
1761618653,3402.74858 N,08407.11479 W,300.4,11,0.91,0.075,1.72,0.91,0.5674257934570313,0.8020575561523438,-9.883264453125,-3.1603053435114505,-1.1145038167938932,1.3129770992366412,25.04764705882353
1761618654,3402.74858 N,08407.11479 W,300.4,11,0.91,0.075,1.72,0.91,0.5482721801757812,0.8738836059570312,-9.76116016845703,-2.9083969465648853,-1.0305343511450382,1.099236641221374,25.09470588235294
1761618655,3402.74858 N,08407.11479 W,300.4,11,0.91,0.031,1.72,0.91,0.5889736083984375,0.7685387329101562,-9.763554370117188,-2.786259541984733,-1.2442748091603053,1.16793893129771,25.09470588235294
1761618656,3402.74858 N,08407.11479 W,300.4,11,0.91,0.031,1.72,0.91,0.5770026000976562,0.7517793212890624,-9.794678991699218,-2.816793893129771,-0.9770992366412213,0.9694656488549618,25.09470588235294
1761618657,3402.74864 N,08407.11506 W,299.7,11,0.91,0.031,1.72,0.91,0.603338818359375,0.7733271362304687,-9.732429748535155,-1.7938931297709924,-0.9236641221374046,-0.07633587786259542,25.04764705882353
1761618658,3402.74864 N,08407.11506 W,299.7,11,0.91,0.031,1.72,0.91,0.6009446166992187,0.7134720947265625,-9.744400756835937,-3.045801526717557,-1.1068702290076335,1.0916030534351144,25.141764705882352
1761618659,3402.74864 N,08407.11506 W,299.7,11,0.91,0.031,1.72,0.91,0.5003881469726562,0.7948749511718749,-9.631873278808593,-2.801526717557252,-1.0458015267175573,1.1603053435114503,25.141764705882352
1761618660,3402.74864 N,08407.11506 W,299.7,11,0.91,0.031,1.72,0.91,0.6081272216796875,0.8307879760742187,-9.775525378417969,-2.633587786259542,-1.0381679389312977,0.6946564885496184,25.188823529411764
1761618661,3402.74864 N,08407.11506 W,299.7,11,0.91,0.031,1.72,0.91,0.6009446166992187,0.9050082275390624,-9.763554370117188,-3.1526717557251906,-1.16793893129771,1.2671755725190839,25.04764705882353
1761618662,3402.74864 N,08407.11506 W,299.7,11,0.91,0.031,1.72,0.91,0.5626373901367188,0.7972691528320313,-9.80665,-3.015267175572519,-1.1526717557251909,0.8244274809160306,25.04764705882353
1761618663,3402.74864 N,08407.11506 W,299.7,11,0.91,0.014,1.72,0.91,0.7589619262695312,0.9002198242187499,-9.753977563476562,-2.6793893129770994,-0.7557251908396947,0.8854961832061069,25.000588235294117
1761618664,3402.74864 N,08407.11506 W,299.7,11,0.91,0.014,1.72,0.91,0.622492431640625,0.7685387329101562,-9.730035546875,-2.6946564885496183,-1.1297709923664123,0.7786259541984732,25.141764705882352
1761618665,3402.74872 N,08407.11534 W,299.0,11,0.91,0.014,1.72,0.91,0.5339069702148437,0.7541735229492187,-9.85692823486328,-2.7404580152671754,-1.0610687022900764,1.0763358778625953,25.141764705882352
1761618666,3402.74872 N,08407.11534 W,299.0,11,0.91,0.014,1.72,0.91,0.565031591796875,0.7565677246093749,-9.777919580078125,-2.1068702290076335,-0.916030534351145,0.37404580152671757,25.000588235294117
1761618667,3402.74872 N,08407.11534 W,299.0,11,0.91,0.014,1.72,0.91,0.622492431640625,0.7996633544921875,-9.548076220703125,-2.7251908396946565,-1.0458015267175573,0.8244274809160306,25.04764705882353
1761618668,3402.74872 N,08407.11534 W,299.0,11,0.91,0.014,1.72,0.91,0.5506663818359374,0.8978256225585937,-9.72285294189453,-2.83206106870229,-1.0610687022900764,0.8015267175572519,25.04764705882353
1761618669,3402.74872 N,08407.11534 W,299.0,11,0.91,0.014,1.72,0.91,0.5698199951171875,0.8212111694335937,-9.734823950195311,-2.9083969465648853,-1.1984732824427482,1.2442748091603053,25.04764705882353
1761618670,3402.74872 N,08407.11534 W,299.0,11,0.91,0.014,1.72,0.91,0.45968671875,0.6440402465820312,-9.737218151855469,-2.5343511450381677,-0.8931297709923665,0.5572519083969466,25.09470588235294
1761618671,3402.74872 N,08407.11534 W,299.0,11,0.91,0.105,1.72,0.91,0.6105214233398437,0.7422025146484375,-9.809044201660155,-2.9618320610687023,-0.9618320610687023,1.2366412213740459,25.141764705882352
1761618672,3402.74872 N,08407.11534 W,299.0,11,0.91,0.105,1.72,0.91,0.6272808349609375,0.7422025146484375,-9.789890588378906,-2.969465648854962,-1.0458015267175573,0.9847328244274809,25.141764705882352
1761618673,3402.74872 N,08407.11533 W,299.0,11,0.91,0.105,1.72,0.91,0.6344634399414062,0.7254431030273437,-9.758765966796874,-3.236641221374046,-1.0381679389312977,1.3740458015267176,25.04764705882353
1761618674,3402.74872 N,08407.11533 W,299.0,11,0.91,0.105,1.72,0.91,0.7134720947265625,0.6560112548828124,-9.7683427734375,-3.114503816793893,-1.1984732824427482,1.549618320610687,25.04764705882353
1761618675,3402.74872 N,08407.11533 W,299.0,11,0.91,0.105,1.72,0.91,0.63206923828125,0.7350199096679687,-9.72285294189453,-2.885496183206107,-1.0610687022900764,1.2900763358778626,25.09470588235294
1761618676,3402.74872 N,08407.11533 W,299.0,11,0.91,0.105,1.72,0.91,0.55545478515625,0.7852981445312499,-9.708487731933593,-2.83206106870229,-1.1984732824427482,1.0763358778625953,25.09470588235294
1761618677,3402.74872 N,08407.11533 W,299.0,11,0.91,0.105,1.72,0.91,0.6105214233398437,0.8020575561523438,-9.89523546142578,-3.0839694656488548,-1.1145038167938932,1.0916030534351144,25.09470588235294
1761618678,3402.74872 N,08407.11533 W,299.0,11,0.91,0.105,1.72,0.91,0.6416460449218749,0.7445967163085937,-9.816226806640625,-2.8702290076335877,-1.183206106870229,0.9007633587786259,25.09470588235294
1761618679,3402.74872 N,08407.11533 W,299.0,11,0.91,0.116,1.72,0.91,0.6416460449218749,0.7757213378906249,-9.727641345214844,-2.8091603053435112,-0.9770992366412213,0.8549618320610687,25.141764705882352
1761618680,3402.74872 N,08407.11533 W,299.0,11,0.91,0.116,1.72,0.91,0.4644751220703125,0.6177040283203125,-9.694122521972655,-2.236641221374046,-0.816793893129771,-0.09923664122137404,25.141764705882352
1761618681,3402.74876 N,08407.11546 W,298.7,11,0.85,0.116,1.72,0.91,0.612915625,0.7158662963867187,-9.749189160156249,-1.366412213740458,-0.9236641221374046,-0.4198473282442748,25.141764705882352
1761618682,3402.74876 N,08407.11546 W,298.7,11,0.85,0.116,1.57,0.85,0.63206923828125,0.718260498046875,-9.708487731933593,-3.0,-1.0534351145038168,1.3511450381679388,25.141764705882352
1761618683,3402.74876 N,08407.11546 W,298.7,11,0.85,0.116,1.57,0.85,0.603338818359375,0.7637503295898437,-9.785102185058593,-2.8702290076335877,-1.0381679389312977,0.8778625954198473,25.000588235294117
1761618684,3402.74876 N,08407.11546 W,298.7,11,0.85,0.116,1.57,0.85,0.584185205078125,0.7422025146484375,-9.679757312011718,-3.0916030534351147,-1.1526717557251909,1.099236641221374,25.04764705882353
1761618685,3402.74876 N,08407.11546 W,298.7,11,0.85,0.116,1.57,0.85,0.5051765502929687,0.6272808349609375,-9.792284790039062,-3.236641221374046,-1.1374045801526718,1.2671755725190839,25.09470588235294
1761618686,3402.74876 N,08407.11546 W,298.7,11,0.85,0.116,1.57,0.85,0.5913678100585937,0.7805097412109374,-9.749189160156249,-2.564885496183206,-0.8625954198473282,0.4580152671755725,25.000588235294117
1761618687,3402.74876 N,08407.11546 W,298.7,11,0.85,0.151,1.57,0.85,0.5530605834960938,0.8068459594726562,-9.706093530273437,-3.2290076335877864,-1.0916030534351144,1.3435114503816794,25.04764705882353
1761618688,3402.74876 N,08407.11546 W,298.7,11,0.85,0.151,1.57,0.85,0.6272808349609375,0.7996633544921875,-9.746794958496093,-3.1908396946564888,-1.0076335877862594,1.213740458015267,24.953529411764706
1761618689,3402.74885 N,08407.11556 W,298.3,11,0.85,0.151,1.57,0.85,0.5817910034179687,0.7733271362304687,-9.801861596679688,-3.3282442748091605,-1.2213740458015268,1.5114503816793894,24.953529411764706
1761618690,3402.74885 N,08407.11556 W,298.3,11,0.85,0.151,1.57,0.85,0.5674257934570313,0.7541735229492187,-9.76116016845703,-2.7251908396946565,-0.9236641221374046,0.8625954198473282,25.09470588235294
1761618691,3402.74885 N,08407.11556 W,298.3,11,0.85,0.151,1.57,0.85,0.5961562133789062,0.7781155395507812,-9.765948571777344,-2.8702290076335877,-1.3053435114503817,1.3511450381679388,25.09470588235294
1761618692,3402.74885 N,08407.11556 W,298.3,11,0.85,0.151,1.57,0.85,0.5865794067382812,0.9074024291992187,-9.763554370117188,-2.877862595419847,-1.1984732824427482,1.1145038167938932,25.000588235294117
1761618693,3402.74885 N,08407.11556 W,298.3,11,0.85,0.151,1.57,0.85,0.5530605834960938,0.7733271362304687,-9.670180505371093,-2.83206106870229,-1.0610687022900764,0.9236641221374046,25.04764705882353
1761618694,3402.74885 N,08407.11556 W,298.3,11,0.85,0.151,1.57,0.85,0.7302315063476562,0.7493851196289062,-9.655815295410155,-2.7786259541984735,-1.015267175572519,0.8549618320610687,25.000588235294117
1761618695,3402.74885 N,08407.11556 W,298.3,11,0.85,0.169,1.57,0.85,0.45968671875,0.7613561279296874,-9.72285294189453,-2.900763358778626,-0.9923664122137404,0.9465648854961832,25.000588235294117
1761618696,3402.74885 N,08407.11556 W,298.3,11,0.85,0.169,1.57,0.85,0.5267243652343749,0.8212111694335937,-9.81862100830078,-3.0076335877862594,-0.9847328244274809,1.0534351145038168,25.04764705882353
1761618697,3402.74895 N,08407.11568 W,297.9,11,0.85,0.169,1.57,0.85,0.612915625,0.7996633544921875,-9.773131176757811,-3.0229007633587788,-1.0305343511450382,1.0763358778625953,25.09470588235294
1761618698,3402.74895 N,08407.11568 W,297.9,11,0.85,0.169,1.57,0.85,0.5195417602539062,0.7852981445312499,-9.696516723632811,-3.122137404580153,-1.0916030534351144,1.297709923664122,25.09470588235294
1761618699,3402.74895 N,08407.11568 W,297.9,11,0.85,0.169,1.57,0.85,0.6703764648437499,0.7493851196289062,-9.765948571777344,-3.030534351145038,-1.0610687022900764,0.9312977099236641,25.04764705882353
1761618700,3402.74895 N,08407.11568 W,297.9,11,0.85,0.169,1.57,0.85,0.565031591796875,0.8307879760742187,-9.785102185058593,-3.198473282442748,-0.9694656488549618,1.015267175572519,25.04764705882353
1761618701,3402.74895 N,08407.11568 W,297.9,11,0.85,0.169,1.57,0.85,0.5434837768554687,0.7948749511718749,-9.794678991699218,-2.6793893129770994,-0.8778625954198473,0.9083969465648855,25.04764705882353
1761618702,3402.74895 N,08407.11568 W,297.9,11,0.85,0.169,1.57,0.85,0.5985504150390625,0.7709329345703124,-9.734823950195311,-2.877862595419847,-1.1145038167938932,1.0229007633587786,25.04764705882353
1761618703,3402.74895 N,08407.11568 W,297.9,11,0.85,0.152,1.57,0.85,0.5698199951171875,0.7972691528320313,-9.665392102050781,-2.877862595419847,-1.099236641221374,1.1755725190839694,25.04764705882353
1761618704,3402.74895 N,08407.11568 W,297.9,11,0.85,0.152,1.57,0.85,0.4740519287109375,0.7685387329101562,-9.81862100830078,-2.6946564885496183,-1.0076335877862594,1.0381679389312977,25.000588235294117
1761618705,3402.74900 N,08407.11581 W,297.6,11,0.85,0.152,1.57,0.85,0.5770026000976562,0.737414111328125,-9.718064538574218,-3.1908396946564888,-1.083969465648855,1.1374045801526718,24.953529411764706
1761618706,3402.74900 N,08407.11581 W,297.6,11,0.85,0.152,1.57,0.85,0.5482721801757812,0.7350199096679687,-9.706093530273437,-3.015267175572519,-0.9694656488549618,1.015267175572519,25.09470588235294
1761618707,3402.74900 N,08407.11581 W,297.6,11,0.85,0.152,1.57,0.85,0.59376201171875,0.7661445312499999,-9.809044201660155,-2.946564885496183,-1.0076335877862594,0.9923664122137404,25.000588235294117
1761618708,3402.74900 N,08407.11581 W,297.6,11,0.85,0.152,1.57,0.85,0.5602431884765625,0.7733271362304687,-9.753977563476562,-2.9160305343511452,-1.1603053435114503,1.083969465648855,25.04764705882353
1761618709,3402.74900 N,08407.11581 W,297.6,11,0.85,0.152,1.57,0.85,0.5817910034179687,0.7565677246093749,-9.83777462158203,-2.9770992366412212,-0.9923664122137404,1.2442748091603053,25.04764705882353
1761618710,3402.74900 N,08407.11581 W,297.6,11,0.85,0.152,1.57,0.85,0.5698199951171875,0.814028564453125,-9.713276135253906,-2.9923664122137406,-1.213740458015267,1.213740458015267,25.000588235294117
1761618711,3402.74900 N,08407.11581 W,297.6,11,0.85,0.049,1.57,0.85,0.5674257934570313,0.7541735229492187,-9.775525378417969,-2.877862595419847,-1.1145038167938932,1.0229007633587786,25.04764705882353
1761618712,3402.74900 N,08407.11581 W,297.6,11,0.85,0.049,1.57,0.85,0.5530605834960938,0.9097966308593749,-9.670180505371093,-3.0839694656488548,-1.0458015267175573,1.0610687022900764,25.04764705882353
1761618713,3402.74903 N,08407.11591 W,297.2,11,0.86,0.049,1.57,0.85,0.5267243652343749,0.7757213378906249,-9.739612353515625,-3.0229007633587788,-0.8854961832061069,0.9007633587786259,25.04764705882353
1761618714,3402.74903 N,08407.11591 W,297.2,11,0.86,0.049,1.62,0.86,0.7445967163085937,0.7517793212890624,-9.758765966796874,-2.9618320610687023,-1.1221374045801527,0.9694656488549618,25.04764705882353
1761618715,3402.74903 N,08407.11591 W,297.2,11,0.86,0.049,1.62,0.86,0.584185205078125,0.7398083129882812,-9.6917283203125,-2.969465648854962,-1.015267175572519,1.2595419847328244,24.953529411764706
1761618716,3402.74903 N,08407.11591 W,297.2,11,0.86,0.049,1.62,0.86,0.584185205078125,0.6177040283203125,-9.753977563476562,-2.9083969465648853,-1.0763358778625953,0.816793893129771,25.09470588235294
1761618717,3402.74903 N,08407.11591 W,297.2,11,0.86,0.049,1.62,0.86,0.5578489868164063,0.7445967163085937,-9.682151513671874,-2.9160305343511452,-1.1297709923664123,0.8320610687022901,25.04764705882353
1761618718,3402.74903 N,08407.11591 W,297.2,11,0.86,0.049,1.62,0.86,0.6081272216796875,0.7541735229492187,-9.634267480468749,-2.1908396946564888,-0.8549618320610687,0.1984732824427481,25.000588235294117
1761618719,3402.74903 N,08407.11591 W,297.2,11,0.86,0.050,1.62,0.86,0.622492431640625,0.8116343627929687,-9.751583361816406,-2.5419847328244276,-0.9923664122137404,0.8091603053435115,25.000588235294117
1761618720,3402.74903 N,08407.11591 W,297.2,11,0.86,0.050,1.62,0.86,0.6081272216796875,0.7398083129882812,-9.730035546875,-2.3893129770992365,-0.8015267175572519,0.6335877862595419,25.04764705882353
1761618721,3402.74911 N,08407.11599 W,297.1,11,0.85,0.050,1.62,0.86,0.6392518432617187,0.7781155395507812,-9.85692823486328,-3.053435114503817,-1.0916030534351144,1.0458015267175573,25.09470588235294
1761618722,3402.74911 N,08407.11599 W,297.1,11,0.85,0.050,1.57,0.85,0.565031591796875,0.7805097412109374,-9.718064538574218,-4.038167938931298,-1.5725190839694656,2.4732824427480917,25.000588235294117
1761618723,3402.74911 N,08407.11599 W,297.1,11,0.85,0.050,1.57,0.85,0.5482721801757812,0.7637503295898437,-9.713276135253906,-3.1755725190839694,-1.2213740458015268,1.213740458015267,25.000588235294117
1761618724,3402.74911 N,08407.11599 W,297.1,11,0.85,0.050,1.57,0.85,0.584185205078125,0.7805097412109374,-9.78031378173828,-3.786259541984733,-1.3435114503816794,1.9923664122137406,25.04764705882353
1761618725,3402.74911 N,08407.11599 W,297.1,11,0.85,0.050,1.57,0.85,0.5865794067382812,0.8283937744140625,-9.744400756835937,-3.33587786259542,-1.1297709923664123,1.6946564885496183,25.000588235294117
1761618726,3402.74911 N,08407.11599 W,297.1,11,0.85,0.050,1.57,0.85,0.5793968017578125,0.7709329345703124,-9.777919580078125,-3.16793893129771,-1.1374045801526718,1.6259541984732824,25.04764705882353
1761618727,3402.74911 N,08407.11599 W,297.1,11,0.85,0.024,1.57,0.85,0.7015010864257812,0.9169792358398436,-9.758765966796874,-3.3587786259541983,-1.1984732824427482,1.5419847328244274,25.141764705882352
1761618728,3402.74911 N,08407.11599 W,297.1,11,0.85,0.024,1.57,0.85,0.6009446166992187,0.8690952026367187,-9.756371765136718,-2.885496183206107,-1.099236641221374,1.015267175572519,25.000588235294117
1761618729,3402.74930 N,08407.11630 W,296.0,11,0.86,0.024,1.57,0.85,0.5770026000976562,0.7996633544921875,-9.787496386718749,-2.931297709923664,-1.0305343511450382,1.1755725190839694,25.09470588235294
1761618730,3402.74930 N,08407.11630 W,296.0,11,0.86,0.024,1.62,0.86,0.5530605834960938,0.8355763793945312,-9.74200655517578,-3.183206106870229,-1.1755725190839694,0.8549618320610687,25.000588235294117
1761618731,3402.74930 N,08407.11630 W,296.0,11,0.86,0.024,1.62,0.86,0.59376201171875,0.7829039428710937,-9.74200655517578,-2.763358778625954,-1.1374045801526718,0.9007633587786259,25.04764705882353
1761618732,3402.74930 N,08407.11630 W,296.0,11,0.86,0.024,1.62,0.86,0.584185205078125,0.7565677246093749,-9.76116016845703,-2.900763358778626,-1.1068702290076335,1.099236641221374,24.906470588235294
1761618733,3402.74930 N,08407.11630 W,296.0,11,0.86,0.024,1.62,0.86,0.584185205078125,0.8954314208984374,-9.670180505371093,-2.854961832061069,-0.9694656488549618,1.3053435114503817,25.000588235294117
1761618734,3402.74930 N,08407.11630 W,296.0,11,0.86,0.024,1.62,0.86,0.612915625,0.74699091796875,-9.813832604980469,-2.8091603053435112,-1.0229007633587786,0.8778625954198473,25.04764705882353
1761618735,3402.74930 N,08407.11630 W,296.0,11,0.86,0.010,1.62,0.86,0.7541735229492187,0.7900865478515624,-9.789890588378906,-2.816793893129771,-0.9389312977099237,0.9007633587786259,25.09470588235294
1761618736,3402.74930 N,08407.11630 W,296.0,11,0.86,0.010,1.62,0.86,0.5434837768554687,0.74699091796875,-9.801861596679688,-2.885496183206107,-1.015267175572519,1.183206106870229,25.000588235294117
1761618737,3402.74936 N,08407.11640 W,295.6,11,0.85,0.010,1.62,0.86,0.59376201171875,0.7422025146484375,-9.708487731933593,-2.9389312977099236,-1.0381679389312977,1.0687022900763359,25.09470588235294
1761618738,3402.74936 N,08407.11640 W,295.6,11,0.85,0.010,1.57,0.85,0.6177040283203125,0.7900865478515624,-9.674968908691406,-2.877862595419847,-1.0916030534351144,1.1603053435114503,25.000588235294117
1761618739,3402.74936 N,08407.11640 W,295.6,11,0.85,0.010,1.57,0.85,0.5961562133789062,0.8283937744140625,-9.739612353515625,-3.0229007633587788,-1.1984732824427482,1.0763358778625953,25.04764705882353
1761618740,3402.74936 N,08407.11640 W,295.6,11,0.85,0.010,1.57,0.85,0.5530605834960938,0.7900865478515624,-9.708487731933593,-2.8244274809160306,-0.9694656488549618,1.0916030534351144,25.141764705882352
1761618741,3402.74936 N,08407.11640 W,295.6,11,0.85,0.010,1.57,0.85,0.5817910034179687,0.8188169677734375,-9.828197814941406,-2.900763358778626,-1.0916030534351144,0.9007633587786259,25.09470588235294
1761618742,3402.74936 N,08407.11640 W,295.6,11,0.85,0.010,1.57,0.85,0.584185205078125,0.7876923461914062,-9.756371765136718,-3.0381679389312977,-1.1526717557251909,1.0916030534351144,25.000588235294117
1761618743,3402.74936 N,08407.11640 W,295.6,11,0.85,0.022,1.57,0.85,0.5123591552734374,0.814028564453125,-9.880870251464843,-2.954198473282443,-1.0687022900763359,0.9694656488549618,25.000588235294117
1761618744,3402.74936 N,08407.11640 W,295.6,11,0.85,0.022,1.57,0.85,0.47165772705078124,0.7134720947265625,-9.770736975097655,-2.8625954198473282,-1.1984732824427482,1.0305343511450382,25.000588235294117
1761618745,3402.74939 N,08407.11668 W,294.8,11,0.85,0.022,1.57,0.85,0.63206923828125,0.7900865478515624,-9.787496386718749,-2.7557251908396947,-1.015267175572519,0.9847328244274809,25.04764705882353
1761618746,3402.74939 N,08407.11668 W,294.8,11,0.85,0.022,1.57,0.85,0.5746083984375,0.7661445312499999,-9.689334118652344,-2.816793893129771,-1.183206106870229,0.9694656488549618,25.04764705882353
1761618747,3402.74939 N,08407.11668 W,294.8,11,0.85,0.022,1.57,0.85,0.6368576416015624,0.8762778076171874,-9.7683427734375,-3.1374045801526718,-1.2061068702290076,1.3969465648854962,24.953529411764706
1761618748,3402.74939 N,08407.11668 W,294.8,11,0.85,0.022,1.57,0.85,0.6177040283203125,0.7493851196289062,-9.737218151855469,-2.236641221374046,-1.0381679389312977,0.3893129770992366,25.000588235294117
1761618749,3402.74939 N,08407.11668 W,294.8,11,0.85,0.022,1.57,0.85,0.5793968017578125,0.7398083129882812,-9.701305126953125,-2.83206106870229,-0.8625954198473282,1.1984732824427482,24.953529411764706
1761618750,3402.74939 N,08407.11668 W,294.8,11,0.85,0.022,1.57,0.85,0.5363011718749999,0.7493851196289062,-9.710881933593749,-3.2213740458015265,-1.1221374045801527,1.5419847328244274,25.04764705882353
1761618751,3402.74939 N,08407.11668 W,294.8,11,0.85,0.001,1.57,0.85,0.5793968017578125,0.7972691528320313,-9.701305126953125,-2.931297709923664,-0.9770992366412213,1.1755725190839694,25.04764705882353
1761618752,3402.74939 N,08407.11668 W,294.8,11,0.85,0.001,1.57,0.85,0.5363011718749999,0.737414111328125,-9.734823950195311,-3.282442748091603,-1.2748091603053435,1.3893129770992367,25.141764705882352
1761618753,3402.74944 N,08407.11678 W,294.6,11,0.86,0.001,1.57,0.85,0.5961562133789062,0.7445967163085937,-9.732429748535155,-2.8244274809160306,-1.0916030534351144,0.9465648854961832,25.000588235294117
1761618754,3402.74944 N,08407.11678 W,294.6,11,0.86,0.001,1.62,0.86,0.5746083984375,0.814028564453125,-9.686939916992188,-2.9083969465648853,-1.3129770992366412,1.0381679389312977,24.953529411764706
1761618755,3402.74944 N,08407.11678 W,294.6,11,0.86,0.001,1.62,0.86,0.6679822631835937,0.7805097412109374,-9.765948571777344,-2.8702290076335877,-0.9618320610687023,0.6870229007633588,25.09470588235294
1761618756,3402.74944 N,08407.11678 W,294.6,11,0.86,0.001,1.62,0.86,0.5602431884765625,0.63206923828125,-9.74200655517578,-1.8549618320610688,-0.732824427480916,0.13740458015267176,25.09470588235294
1761618757,3402.74944 N,08407.11678 W,294.6,11,0.86,0.001,1.62,0.86,0.5793968017578125,0.6727706665039062,-9.80665,-3.7557251908396947,-1.5877862595419847,1.366412213740458,25.09470588235294
1761618759,3402.74944 N,08407.11678 W,294.6,11,0.86,0.001,1.62,0.86,0.5578489868164063,0.7972691528320313,-9.852139831542969,-2.885496183206107,-1.0687022900763359,0.9083969465648855,25.09470588235294
1761618760,3402.74944 N,08407.11678 W,294.6,11,0.86,0.040,1.62,0.86,0.5458779785156249,0.7302315063476562,-9.82580361328125,-2.7938931297709924,-1.0,1.0076335877862594,25.09470588235294
1761618761,3402.74944 N,08407.11678 W,294.6,11,0.86,0.040,1.62,0.86,0.603338818359375,0.7493851196289062,-9.734823950195311,-2.9618320610687023,-1.1603053435114503,1.0763358778625953,25.04764705882353
1761618762,3402.74950 N,08407.11694 W,294.2,11,0.86,0.040,1.62,0.86,0.5386953735351562,0.7781155395507812,-9.732429748535155,-2.7557251908396947,-1.0,0.9389312977099237,25.04764705882353
1761618763,3402.74950 N,08407.11694 W,294.2,11,0.86,0.040,1.62,0.86,0.6272808349609375,0.8307879760742187,-9.710881933593749,-2.854961832061069,-0.9694656488549618,1.0305343511450382,25.188823529411764
1761618764,3402.74950 N,08407.11694 W,294.2,11,0.86,0.040,1.62,0.86,0.5770026000976562,0.7589619262695312,-9.78031378173828,-3.114503816793893,-0.9312977099236641,1.1221374045801527,25.000588235294117
1761618765,3402.74950 N,08407.11694 W,294.2,11,0.86,0.040,1.62,0.86,0.6368576416015624,0.7637503295898437,-9.74200655517578,-2.946564885496183,-1.0610687022900764,1.0458015267175573,25.04764705882353
1761618766,3402.74950 N,08407.11694 W,294.2,11,0.86,0.040,1.62,0.86,0.5267243652343749,0.7062894897460937,-9.78031378173828,-2.6030534351145036,-0.9236641221374046,0.8473282442748091,25.141764705882352
1761618767,3402.74950 N,08407.11694 W,294.2,11,0.86,0.040,1.62,0.86,0.565031591796875,0.7996633544921875,-9.78031378173828,-2.8396946564885495,-1.0763358778625953,0.9694656488549618,25.04764705882353
1761618768,3402.74950 N,08407.11694 W,294.2,11,0.86,0.020,1.62,0.86,0.59376201171875,0.7685387329101562,-9.720458740234374,-2.9923664122137406,-1.1297709923664123,1.099236641221374,25.04764705882353
1761618769,3402.74950 N,08407.11694 W,294.2,11,0.86,0.020,1.62,0.86,0.5602431884765625,0.6153098266601562,-9.7683427734375,-2.946564885496183,-0.9541984732824428,0.7709923664122137,25.141764705882352
1761618770,3402.74955 N,08407.11702 W,293.9,11,0.85,0.020,1.62,0.86,0.63206923828125,0.7445967163085937,-9.782707983398437,-3.030534351145038,-1.183206106870229,0.9770992366412213,25.09470588235294
1761618771,3402.74955 N,08407.11702 W,293.9,11,0.85,0.020,1.57,0.85,0.6153098266601562,0.7709329345703124,-9.7683427734375,-2.984732824427481,-1.0534351145038168,1.0076335877862594,25.04764705882353
1761618772,3402.74955 N,08407.11702 W,293.9,11,0.85,0.020,1.57,0.85,0.55545478515625,0.6751648681640625,-9.737218151855469,-3.045801526717557,-1.1374045801526718,1.015267175572519,25.09470588235294
1761618773,3402.74955 N,08407.11702 W,293.9,11,0.85,0.020,1.57,0.85,0.6105214233398437,0.7661445312499999,-9.76116016845703,-2.969465648854962,-1.0381679389312977,1.1908396946564885,25.04764705882353
1761618774,3402.74955 N,08407.11702 W,293.9,11,0.85,0.020,1.57,0.85,0.5817910034179687,0.7852981445312499,-9.706093530273437,-3.1068702290076335,-1.099236641221374,1.3358778625954197,25.04764705882353
1761618775,3402.74955 N,08407.11702 W,293.9,11,0.85,0.020,1.57,0.85,0.5530605834960938,0.7948749511718749,-9.789890588378906,-2.6946564885496183,-0.9694656488549618,0.9465648854961832,25.09470588235294
1761618776,3402.74955 N,08407.11702 W,293.9,11,0.85,0.012,1.57,0.85,0.5889736083984375,0.8164227661132812,-9.801861596679688,-3.1526717557251906,-1.16793893129771,1.083969465648855,25.09470588235294
1761618777,3402.74955 N,08407.11702 W,293.9,11,0.85,0.012,1.57,0.85,0.5722141967773438,0.7924807495117187,-9.734823950195311,-2.9618320610687023,-1.0763358778625953,1.015267175572519,25.04764705882353
1761618778,3402.74960 N,08407.11709 W,293.7,11,0.86,0.012,1.57,0.85,0.6153098266601562,0.7661445312499999,-9.91438907470703,-2.7709923664122136,-1.0381679389312977,1.1145038167938932,25.09470588235294
1761618779,3402.74960 N,08407.11709 W,293.7,11,0.86,0.012,1.62,0.86,0.6919242797851562,0.7972691528320313,-9.718064538574218,-3.0381679389312977,-1.213740458015267,1.251908396946565,25.09470588235294
1761618780,3402.74960 N,08407.11709 W,293.7,11,0.86,0.012,1.62,0.86,0.584185205078125,0.7350199096679687,-9.801861596679688,-2.969465648854962,-1.0916030534351144,1.282442748091603,25.000588235294117
1761618781,3402.74960 N,08407.11709 W,293.7,11,0.86,0.012,1.62,0.86,0.55545478515625,0.6440402465820312,-9.665392102050781,-3.122137404580153,-1.2061068702290076,1.1068702290076335,25.000588235294117
1761618782,3402.74960 N,08407.11709 W,293.7,11,0.86,0.012,1.62,0.86,0.5698199951171875,0.9169792358398436,-9.677363110351562,-3.0916030534351147,-1.0076335877862594,1.1221374045801527,25.04764705882353
1761618783,3402.74960 N,08407.11709 W,293.7,11,0.86,0.012,1.62,0.86,0.584185205078125,0.8020575561523438,-9.746794958496093,-2.8702290076335877,-1.2290076335877862,1.1221374045801527,25.09470588235294
1761618784,3402.74960 N,08407.11709 W,293.7,11,0.86,0.012,1.62,0.86,0.6009446166992187,0.6727706665039062,-9.682151513671874,-2.816793893129771,-1.0916030534351144,0.9465648854961832,25.04764705882353
1761618785,3402.74960 N,08407.11709 W,293.7,11,0.86,0.012,1.62,0.86,0.5889736083984375,0.8212111694335937,-9.773131176757811,-2.7709923664122136,-1.0229007633587786,1.1068702290076335,24.953529411764706
1761618786,3402.74967 N,08407.11717 W,293.4,11,0.86,0.012,1.62,0.86,0.7326257080078125,0.7948749511718749,-9.9215716796875,-2.877862595419847,-1.0763358778625953,0.8473282442748091,25.09470588235294
1761618787,3402.74967 N,08407.11717 W,293.4,11,0.86,0.012,1.62,0.86,0.4740519287109375,0.7852981445312499,-9.775525378417969,-2.7480916030534353,-1.1145038167938932,1.015267175572519,25.000588235294117
1761618788,3402.74967 N,08407.11717 W,293.4,11,0.86,0.012,1.62,0.86,0.6009446166992187,0.6344634399414062,-9.789890588378906,-2.954198473282443,-1.0381679389312977,1.2290076335877862,25.141764705882352
1761618789,3402.74967 N,08407.11717 W,293.4,11,0.86,0.012,1.62,0.86,0.622492431640625,0.7709329345703124,-9.751583361816406,-3.236641221374046,-1.083969465648855,1.3206106870229009,25.141764705882352
1761618790,3402.74967 N,08407.11717 W,293.4,11,0.86,0.012,1.62,0.86,0.6392518432617187,0.7709329345703124,-9.734823950195311,-2.8473282442748094,-0.9618320610687023,1.16793893129771,25.04764705882353
1761618791,3402.74967 N,08407.11717 W,293.4,11,0.86,0.012,1.62,0.86,0.55545478515625,0.7278373046875,-9.797073193359374,-2.8473282442748094,-1.0610687022900764,1.0,25.04764705882353
1761618792,3402.74967 N,08407.11717 W,293.4,11,0.86,0.053,1.62,0.86,0.5339069702148437,0.7589619262695312,-9.792284790039062,-2.5877862595419847,-1.0763358778625953,1.0687022900763359,25.000588235294117
1761618793,3402.74967 N,08407.11717 W,293.4,11,0.86,0.053,1.62,0.86,0.5698199951171875,0.7398083129882812,-9.770736975097655,-2.7251908396946565,-1.1450381679389312,0.9694656488549618,25.000588235294117
1761618794,3402.74969 N,08407.11717 W,293.2,11,0.85,0.053,1.62,0.86,0.5722141967773438,0.7326257080078125,-9.718064538574218,-2.801526717557252,-1.0534351145038168,0.7633587786259542,25.141764705882352
1761618795,3402.74969 N,08407.11717 W,293.2,11,0.85,0.053,1.57,0.85,0.565031591796875,0.8068459594726562,-9.775525378417969,-2.7938931297709924,-0.9541984732824428,1.0916030534351144,25.09470588235294
1761618796,3402.74969 N,08407.11717 W,293.2,11,0.85,0.053,1.57,0.85,0.47644613037109373,0.7805097412109374,-9.713276135253906,-3.068702290076336,-0.916030534351145,1.015267175572519,25.141764705882352
1761618797,3402.74969 N,08407.11717 W,293.2,11,0.85,0.053,1.57,0.85,0.5530605834960938,0.7924807495117187,-9.665392102050781,-2.931297709923664,-0.9312977099236641,0.9923664122137404,25.000588235294117
1761618798,3402.74969 N,08407.11717 W,293.2,11,0.85,0.053,1.57,0.85,0.612915625,0.7948749511718749,-9.72285294189453,-2.946564885496183,-1.0,1.0916030534351144,25.04764705882353
1761618799,3402.74969 N,08407.11717 W,293.2,11,0.85,0.053,1.57,0.85,0.48123453369140623,0.8858546142578124,-9.744400756835937,-3.0229007633587788,-1.0610687022900764,1.1374045801526718,25.141764705882352
1761618800,3402.74969 N,08407.11717 W,293.2,11,0.85,0.115,1.57,0.85,0.5674257934570313,0.737414111328125,-9.777919580078125,-2.9083969465648853,-1.083969465648855,1.2442748091603053,25.141764705882352
1761618801,3402.74969 N,08407.11717 W,293.2,11,0.85,0.115,1.57,0.85,0.6584054565429687,0.7565677246093749,-9.773131176757811,-2.9618320610687023,-1.1526717557251909,1.1221374045801527,25.09470588235294
1761618802,3402.74969 N,08407.11715 W,293.3,11,0.85,0.115,1.57,0.85,0.6248866333007812,0.8044517578125,-9.660603698730467,-2.984732824427481,-1.3206106870229009,1.213740458015267,24.953529411764706
1761618803,3402.74969 N,08407.11715 W,293.3,11,0.85,0.115,1.57,0.85,0.6392518432617187,0.7398083129882812,-9.785102185058593,-3.068702290076336,-1.3358778625954197,1.2366412213740459,25.141764705882352
1761618804,3402.74969 N,08407.11715 W,293.3,11,0.85,0.115,1.57,0.85,0.5961562133789062,0.8068459594726562,-9.720458740234374,-3.114503816793893,-0.916030534351145,1.1297709923664123,25.141764705882352
1761618805,3402.74969 N,08407.11715 W,293.3,11,0.85,0.115,1.57,0.85,0.612915625,0.7829039428710937,-9.935936889648437,-3.3740458015267176,-1.16793893129771,1.6793893129770991,25.04764705882353
1761618806,3402.74969 N,08407.11715 W,293.3,11,0.85,0.115,1.57,0.85,0.5267243652343749,0.7661445312499999,-9.746794958496093,-2.7786259541984735,-1.1374045801526718,1.083969465648855,25.09470588235294
1761618807,3402.74969 N,08407.11715 W,293.3,11,0.85,0.115,1.57,0.85,0.47165772705078124,0.86191259765625,-9.911994873046874,-2.877862595419847,-0.8702290076335878,1.1526717557251909,25.04764705882353
1761618808,3402.74969 N,08407.11715 W,293.3,11,0.85,0.114,1.57,0.85,0.603338818359375,0.7709329345703124,-9.727641345214844,-3.2442748091603053,-0.9007633587786259,1.3969465648854962,25.141764705882352
1761618809,3402.74969 N,08407.11715 W,293.3,11,0.85,0.114,1.57,0.85,0.603338818359375,0.7685387329101562,-9.74200655517578,-3.6106870229007635,-1.183206106870229,1.3282442748091603,25.09470588235294
1761618810,3402.74973 N,08407.11716 W,293.3,11,0.86,0.114,1.57,0.85,0.5865794067382812,0.8164227661132812,-9.859322436523437,-2.5343511450381677,-1.0229007633587786,0.8396946564885496,25.141764705882352
1761618811,3402.74973 N,08407.11716 W,293.3,11,0.86,0.114,1.62,0.86,0.5530605834960938,0.7781155395507812,-9.72285294189453,-3.0839694656488548,-1.1755725190839694,0.8320610687022901,25.000588235294117
1761618812,3402.74973 N,08407.11716 W,293.3,11,0.86,0.114,1.62,0.86,0.5746083984375,0.7996633544921875,-9.765948571777344,-3.114503816793893,-1.1221374045801527,1.2748091603053435,25.04764705882353
1761618813,3402.74973 N,08407.11716 W,293.3,11,0.86,0.114,1.62,0.86,0.6607996582031249,0.737414111328125,-9.751583361816406,-2.854961832061069,-1.2290076335877862,0.9923664122137404,25.000588235294117
1761618814,3402.74973 N,08407.11716 W,293.3,11,0.86,0.114,1.62,0.86,0.6081272216796875,0.7589619262695312,-9.70369932861328,-2.450381679389313,-0.9312977099236641,0.6183206106870229,25.04764705882353
1761618815,3402.74973 N,08407.11716 W,293.3,11,0.86,0.114,1.62,0.86,0.5746083984375,0.9097966308593749,-9.732429748535155,-2.900763358778626,-1.0916030534351144,0.9007633587786259,25.000588235294117
1761618816,3402.74973 N,08407.11716 W,293.3,11,0.86,0.138,1.62,0.86,0.59376201171875,0.814028564453125,-9.758765966796874,-2.8473282442748094,-1.0458015267175573,0.9694656488549618,25.04764705882353
1761618817,3402.74973 N,08407.11716 W,293.3,11,0.86,0.138,1.62,0.86,0.5434837768554687,0.7972691528320313,-9.732429748535155,-2.969465648854962,-1.2290076335877862,0.8931297709923665,25.000588235294117
1761618818,3402.74975 N,08407.11713 W,293.1,11,0.85,0.138,1.62,0.86,0.5793968017578125,0.9002198242187499,-9.785102185058593,-2.885496183206107,-1.2213740458015268,1.083969465648855,25.04764705882353
1761618819,3402.74975 N,08407.11713 W,293.1,11,0.85,0.138,1.57,0.85,0.45968671875,0.7398083129882812,-9.773131176757811,-3.312977099236641,-1.015267175572519,1.2061068702290076,25.141764705882352
1761618820,3402.74975 N,08407.11713 W,293.1,11,0.85,0.138,1.57,0.85,0.5482721801757812,0.7757213378906249,-9.74200655517578,-2.931297709923664,-1.1297709923664123,1.0076335877862594,24.953529411764706
1761618821,3402.74975 N,08407.11713 W,293.1,11,0.85,0.138,1.57,0.85,0.5817910034179687,0.8164227661132812,-9.734823950195311,-2.8702290076335877,-1.1374045801526718,0.9465648854961832,25.141764705882352
1761618822,3402.74975 N,08407.11713 W,293.1,11,0.85,0.138,1.57,0.85,0.6081272216796875,0.8068459594726562,-9.821015209960937,-2.8625954198473282,-1.0,0.9541984732824428,25.04764705882353
1761618823,3402.74975 N,08407.11713 W,293.1,11,0.85,0.138,1.57,0.85,0.5626373901367188,0.74699091796875,-9.70369932861328,-2.816793893129771,-0.9694656488549618,1.0916030534351144,25.04764705882353
1761618824,3402.74975 N,08407.11713 W,293.1,11,0.85,0.086,1.57,0.85,0.6081272216796875,0.7781155395507812,-9.804255798339844,-2.8931297709923665,-1.1984732824427482,1.0687022900763359,25.141764705882352
1761618825,3402.74975 N,08407.11713 W,293.1,11,0.85,0.086,1.57,0.85,0.63206923828125,0.8092401611328125,-9.725247143554688,-2.900763358778626,-1.0458015267175573,1.1221374045801527,25.04764705882353
1761618826,3402.74976 N,08407.11712 W,292.9,11,0.85,0.086,1.57,0.85,0.51714755859375,0.8020575561523438,-9.749189160156249,-3.145038167938931,-1.0381679389312977,1.213740458015267,25.04764705882353
1761618827,3402.74976 N,08407.11712 W,292.9,11,0.85,0.086,1.57,0.85,0.5913678100585937,0.7972691528320313,-9.72285294189453,-2.984732824427481,-1.2671755725190839,1.1145038167938932,25.000588235294117
1761618828,3402.74976 N,08407.11712 W,292.9,11,0.85,0.086,1.57,0.85,0.584185205078125,0.8930372192382812,-9.682151513671874,-2.8625954198473282,-1.1908396946564885,0.9541984732824428,25.09470588235294
1761618829,3402.74976 N,08407.11712 W,292.9,11,0.85,0.086,1.57,0.85,0.5793968017578125,0.7996633544921875,-9.76116016845703,-2.954198473282443,-1.1297709923664123,1.2061068702290076,25.000588235294117
1761618830,3402.74976 N,08407.11712 W,292.9,11,0.85,0.086,1.57,0.85,0.7302315063476562,0.8762778076171874,-9.749189160156249,-2.9618320610687023,-1.213740458015267,1.0458015267175573,25.000588235294117
1761618831,3402.74976 N,08407.11712 W,292.9,11,0.85,0.086,1.57,0.85,0.47884033203125,0.7805097412109374,-9.739612353515625,-2.877862595419847,-1.2061068702290076,1.0610687022900764,25.09470588235294
1761618832,3402.74976 N,08407.11712 W,292.9,11,0.85,0.068,1.57,0.85,0.5746083984375,0.7613561279296874,-9.7683427734375,-2.801526717557252,-1.0,0.9618320610687023,25.04764705882353
1761618833,3402.74976 N,08407.11712 W,292.9,11,0.85,0.068,1.57,0.85,0.5147533569335937,0.6296750366210937,-9.79946739501953,-2.8702290076335877,-1.083969465648855,1.1984732824427482,25.04764705882353
1761618834,3402.74977 N,08407.11712 W,292.7,11,0.85,0.068,1.57,0.85,0.5793968017578125,0.8164227661132812,-9.782707983398437,-2.9389312977099236,-1.1526717557251909,1.1145038167938932,25.141764705882352
1761618835,3402.74977 N,08407.11712 W,292.7,11,0.85,0.068,1.57,0.85,0.5530605834960938,0.7924807495117187,-9.725247143554688,-2.8396946564885495,-0.9389312977099237,1.0381679389312977,25.09470588235294
1761618836,3402.74977 N,08407.11712 W,292.7,11,0.85,0.068,1.57,0.85,0.5746083984375,0.82360537109375,-9.777919580078125,-2.900763358778626,-1.0229007633587786,0.8702290076335878,25.09470588235294
1761618837,3402.74977 N,08407.11712 W,292.7,11,0.85,0.068,1.57,0.85,0.612915625,0.7493851196289062,-9.70369932861328,-2.8091603053435112,-1.1984732824427482,1.015267175572519,25.000588235294117
1761618838,3402.74977 N,08407.11712 W,292.7,11,0.85,0.068,1.57,0.85,0.7493851196289062,0.9026140258789062,-9.83777462158203,-2.717557251908397,-0.9618320610687023,1.1603053435114503,25.04764705882353
1761618839,3402.74977 N,08407.11712 W,292.7,11,0.85,0.068,1.57,0.85,0.5434837768554687,0.7733271362304687,-9.617508068847656,-2.717557251908397,-1.0610687022900764,0.6946564885496184,25.04764705882353
1761618840,3402.74977 N,08407.11712 W,292.7,11,0.85,0.026,1.57,0.85,0.6416460449218749,0.7613561279296874,-9.835380419921874,-3.198473282442748,-1.2061068702290076,1.3740458015267176,25.000588235294117
1761618841,3402.74977 N,08407.11712 W,292.7,11,0.85,0.026,1.57,0.85,0.5913678100585937,0.7781155395507812,-9.689334118652344,-3.236641221374046,-1.083969465648855,1.3206106870229009,25.04764705882353
1761618842,3402.74977 N,08407.11714 W,292.5,11,0.85,0.026,1.57,0.85,0.5099649536132812,0.7565677246093749,-9.775525378417969,-2.8244274809160306,-1.1068702290076335,1.0229007633587786,25.000588235294117
1761618843,3402.74977 N,08407.11714 W,292.5,11,0.85,0.026,1.57,0.85,0.584185205078125,0.7900865478515624,-9.6917283203125,-3.0839694656488548,-0.9847328244274809,1.2366412213740459,25.141764705882352
1761618844,3402.74977 N,08407.11714 W,292.5,11,0.85,0.026,1.57,0.85,0.5674257934570313,0.7637503295898437,-9.775525378417969,-3.1603053435114505,-1.1221374045801527,1.16793893129771,25.188823529411764
1761618845,3402.74977 N,08407.11714 W,292.5,11,0.85,0.026,1.57,0.85,0.5434837768554687,0.7326257080078125,-9.785102185058593,-2.7786259541984735,-0.9770992366412213,0.9236641221374046,25.09470588235294
1761618846,3402.74977 N,08407.11714 W,292.5,11,0.85,0.026,1.57,0.85,0.5674257934570313,0.8044517578125,-9.789890588378906,-3.015267175572519,-1.0916030534351144,1.0381679389312977,25.141764705882352
1761618847,3402.74977 N,08407.11714 W,292.5,11,0.85,0.026,1.57,0.85,0.5865794067382812,0.7876923461914062,-9.74200655517578,-1.7557251908396947,-0.7022900763358778,-0.183206106870229,25.000588235294117
1761618848,3402.74977 N,08407.11714 W,292.5,11,0.85,0.030,1.57,0.85,0.4644751220703125,0.8786720092773437,-9.70369932861328,-2.83206106870229,-1.0916030534351144,0.9389312977099237,25.141764705882352
1761618849,3402.74977 N,08407.11714 W,292.5,11,0.85,0.030,1.57,0.85,0.622492431640625,0.6440402465820312,-9.694122521972655,-3.4580152671755724,-1.1068702290076335,1.5114503816793894,25.04764705882353
1761618850,3402.74976 N,08407.11716 W,292.3,11,0.85,0.030,1.57,0.85,0.5770026000976562,0.7924807495117187,-9.804255798339844,-2.931297709923664,-1.0916030534351144,1.2213740458015268,25.04764705882353
1761618851,3402.74976 N,08407.11716 W,292.3,11,0.85,0.030,1.57,0.85,0.6296750366210937,0.6440402465820312,-9.91438907470703,-2.9236641221374047,-0.9847328244274809,0.8320610687022901,25.09470588235294
1761618852,3402.74976 N,08407.11716 W,292.3,11,0.85,0.030,1.57,0.85,0.5865794067382812,0.7781155395507812,-9.794678991699218,-2.618320610687023,-1.1908396946564885,1.015267175572519,25.141764705882352
1761618853,3402.74976 N,08407.11716 W,292.3,11,0.85,0.030,1.57,0.85,0.59376201171875,0.7900865478515624,-9.787496386718749,-2.8625954198473282,-1.1145038167938932,1.3511450381679388,25.04764705882353
1761618854,3402.74976 N,08407.11716 W,292.3,11,0.85,0.030,1.57,0.85,0.5602431884765625,0.7805097412109374,-9.734823950195311,-3.0381679389312977,-1.2366412213740459,1.2748091603053435,25.09470588235294
1761618855,3402.74976 N,08407.11716 W,292.3,11,0.85,0.030,1.57,0.85,0.5386953735351562,0.8068459594726562,-9.763554370117188,-3.1374045801526718,-1.1221374045801527,1.3053435114503817,25.09470588235294
1761618856,3402.74976 N,08407.11716 W,292.3,11,0.85,0.013,1.57,0.85,0.565031591796875,0.8020575561523438,-9.686939916992188,-3.122137404580153,-0.9694656488549618,1.183206106870229,25.04764705882353
1761618857,3402.74976 N,08407.11716 W,292.3,11,0.85,0.013,1.57,0.85,0.584185205078125,0.8164227661132812,-9.6917283203125,-2.9160305343511452,-0.9236641221374046,0.9389312977099237,25.000588235294117
1761618858,3402.74977 N,08407.11716 W,292.1,11,0.85,0.013,1.57,0.85,0.565031591796875,0.8283937744140625,-9.730035546875,-3.1603053435114505,-1.0763358778625953,1.1603053435114503,25.09470588235294
1761618859,3402.74977 N,08407.11716 W,292.1,11,0.85,0.013,1.57,0.85,0.5746083984375,0.7541735229492187,-9.715670336914062,-2.519083969465649,-1.1374045801526718,0.6335877862595419,25.09470588235294
1761618860,3402.74977 N,08407.11716 W,292.1,11,0.85,0.013,1.57,0.85,0.6153098266601562,0.7805097412109374,-9.76116016845703,-2.595419847328244,-1.1221374045801527,0.6564885496183206,25.188823529411764
1761618861,3402.74977 N,08407.11716 W,292.1,11,0.85,0.013,1.57,0.85,0.5913678100585937,0.8068459594726562,-9.753977563476562,-3.16793893129771,-1.0381679389312977,1.450381679389313,25.04764705882353
1761618862,3402.74977 N,08407.11716 W,292.1,11,0.85,0.013,1.57,0.85,0.55545478515625,0.9050082275390624,-9.682151513671874,-3.236641221374046,-1.4809160305343512,1.0,25.09470588235294
1761618863,3402.74977 N,08407.11716 W,292.1,11,0.85,0.013,1.57,0.85,0.6057330200195312,0.7350199096679687,-9.777919580078125,-2.3893129770992365,-0.8854961832061069,0.40458015267175573,25.141764705882352
1761618864,3402.74977 N,08407.11716 W,292.1,11,0.85,0.033,1.57,0.85,0.5913678100585937,0.8044517578125,-9.737218151855469,-2.366412213740458,-0.9083969465648855,0.6412213740458015,25.09470588235294
1761618865,3402.74977 N,08407.11716 W,292.1,11,0.85,0.033,1.57,0.85,0.5722141967773438,0.7541735229492187,-9.730035546875,-2.763358778625954,-0.9618320610687023,1.015267175572519,25.188823529411764
1761618866,3402.74976 N,08407.11715 W,292.0,11,0.85,0.033,1.57,0.85,0.5530605834960938,0.7230489013671875,-9.679757312011718,-3.1526717557251906,-0.9694656488549618,1.1603053435114503,25.09470588235294
1761618867,3402.74976 N,08407.11715 W,292.0,11,0.85,0.033,1.57,0.85,0.5315127685546874,0.7350199096679687,-9.710881933593749,-2.954198473282443,-1.1450381679389312,1.0305343511450382,25.04764705882353
1761618868,3402.74976 N,08407.11715 W,292.0,11,0.85,0.033,1.57,0.85,0.5578489868164063,0.8188169677734375,-9.792284790039062,-2.8931297709923665,-0.8473282442748091,1.1297709923664123,25.04764705882353
1761618869,3402.74976 N,08407.11715 W,292.0,11,0.85,0.033,1.57,0.85,0.5865794067382812,0.7350199096679687,-9.794678991699218,-3.1603053435114505,-1.0,1.0305343511450382,25.04764705882353
1761618870,3402.74976 N,08407.11715 W,292.0,11,0.85,0.033,1.57,0.85,0.612915625,0.7685387329101562,-9.718064538574218,-3.0839694656488548,-0.9694656488549618,1.0305343511450382,25.09470588235294
1761618871,3402.74976 N,08407.11715 W,292.0,11,0.85,0.033,1.57,0.85,0.5315127685546874,0.7948749511718749,-9.794678991699218,-3.0610687022900764,-1.1908396946564885,1.0610687022900764,25.04764705882353
1761618872,3402.74976 N,08407.11715 W,292.0,11,0.85,0.078,1.57,0.85,0.5889736083984375,0.814028564453125,-9.756371765136718,-2.9236641221374047,-0.9694656488549618,1.0076335877862594,25.141764705882352
1761618874,3402.74976 N,08407.11715 W,292.0,11,0.85,0.078,1.57,0.85,0.5817910034179687,0.7422025146484375,-9.753977563476562,-2.984732824427481,-1.015267175572519,1.0687022900763359,25.09470588235294
1761618875,3402.74977 N,08407.11712 W,291.8,10,1.07,0.078,1.57,0.85,0.6081272216796875,0.9074024291992187,-9.746794958496093,-2.8244274809160306,-1.183206106870229,1.0916030534351144,25.000588235294117
1761618876,3402.74977 N,08407.11712 W,291.8,10,1.07,0.078,2.12,1.07,0.5674257934570313,0.8020575561523438,-9.797073193359374,-3.0,-1.251908396946565,1.0916030534351144,25.04764705882353
1761618877,3402.74977 N,08407.11712 W,291.8,10,1.07,0.078,2.12,1.07,0.5578489868164063,0.7948749511718749,-9.715670336914062,-3.0229007633587788,-1.1297709923664123,1.0763358778625953,25.000588235294117
1761618878,3402.74977 N,08407.11712 W,291.8,10,1.07,0.078,2.12,1.07,0.5985504150390625,0.7517793212890624,-9.686939916992188,-3.0610687022900764,-1.1374045801526718,1.381679389312977,25.09470588235294
1761618879,3402.74977 N,08407.11712 W,291.8,10,1.07,0.078,2.12,1.07,0.5578489868164063,0.6153098266601562,-9.770736975097655,-2.8931297709923665,-1.099236641221374,1.015267175572519,25.141764705882352
1761618880,3402.74977 N,08407.11712 W,291.8,10,1.07,0.078,2.12,1.07,0.5889736083984375,0.7445967163085937,-9.80665,-2.8625954198473282,-0.9694656488549618,1.1450381679389312,25.141764705882352
1761618881,3402.74977 N,08407.11712 W,291.8,10,1.07,0.014,2.12,1.07,0.4644751220703125,0.70868369140625,-9.787496386718749,-3.6412213740458017,-1.4274809160305344,1.6717557251908397,25.09470588235294
1761618882,3402.74977 N,08407.11712 W,291.8,10,1.07,0.014,2.12,1.07,0.47165772705078124,0.7613561279296874,-9.816226806640625,-2.366412213740458,-1.0916030534351144,0.549618320610687,25.04764705882353
1761618883,3402.74977 N,08407.11709 W,291.8,11,0.86,0.014,2.12,1.07,0.5985504150390625,0.7996633544921875,-9.732429748535155,-3.427480916030534,-1.1297709923664123,1.183206106870229,25.09470588235294
1761618884,3402.74977 N,08407.11709 W,291.8,11,0.86,0.014,1.62,0.86,0.5722141967773438,0.8116343627929687,-9.744400756835937,-2.7404580152671754,-0.9007633587786259,0.9847328244274809,25.000588235294117
1761618885,3402.74977 N,08407.11709 W,291.8,11,0.86,0.014,1.62,0.86,0.6153098266601562,0.63206923828125,-9.907206469726562,-2.6946564885496183,-0.8549618320610687,0.366412213740458,25.000588235294117
1761618886,3402.74977 N,08407.11709 W,291.8,11,0.86,0.014,1.62,0.86,0.6081272216796875,0.7805097412109374,-9.744400756835937,-2.7709923664122136,-0.9389312977099237,0.9389312977099237,25.000588235294117
1761618887,3402.74977 N,08407.11709 W,291.8,11,0.86,0.014,1.62,0.86,0.5578489868164063,0.7900865478515624,-9.782707983398437,-2.9923664122137406,-1.0916030534351144,1.1374045801526718,25.04764705882353
1761618888,3402.74977 N,08407.11709 W,291.8,11,0.86,0.014,1.62,0.86,0.55545478515625,0.8068459594726562,-9.715670336914062,-3.1374045801526718,-1.1145038167938932,1.3587786259541985,25.09470588235294
1761618889,3402.74977 N,08407.11709 W,291.8,11,0.86,0.015,1.62,0.86,0.5817910034179687,0.8116343627929687,-9.746794958496093,-2.9770992366412212,-0.9618320610687023,0.8625954198473282,25.141764705882352
1761618890,3402.74977 N,08407.11709 W,291.8,11,0.86,0.015,1.62,0.86,0.63206923828125,0.7637503295898437,-9.794678991699218,-2.6946564885496183,-1.0,0.816793893129771,25.04764705882353
1761618891,3402.74978 N,08407.11702 W,291.8,11,0.86,0.015,1.62,0.86,0.63206923828125,0.6368576416015624,-9.718064538574218,-2.83206106870229,-1.2213740458015268,1.0305343511450382,25.04764705882353
1761618892,3402.74978 N,08407.11702 W,291.8,11,0.86,0.015,1.62,0.86,0.5315127685546874,0.8451531860351562,-9.770736975097655,-2.6564885496183206,-1.0305343511450382,1.0305343511450382,25.04764705882353
1761618893,3402.74978 N,08407.11702 W,291.8,11,0.86,0.015,1.62,0.86,0.5602431884765625,0.7589619262695312,-9.730035546875,-2.732824427480916,-1.1145038167938932,0.816793893129771,25.09470588235294
1761618894,3402.74978 N,08407.11702 W,291.8,11,0.86,0.015,1.62,0.86,0.6368576416015624,0.7757213378906249,-9.758765966796874,-3.1374045801526718,-1.0610687022900764,1.1984732824427482,25.141764705882352
1761618895,3402.74978 N,08407.11702 W,291.8,11,0.86,0.015,1.62,0.86,0.6153098266601562,0.8212111694335937,-9.789890588378906,-3.0839694656488548,-1.1603053435114503,1.1526717557251909,25.04764705882353
1761618896,3402.74978 N,08407.11702 W,291.8,11,0.86,0.015,1.62,0.86,0.6344634399414062,0.7565677246093749,-9.770736975097655,-2.7251908396946565,-1.213740458015267,0.9541984732824428,25.188823529411764
1761618897,3402.74978 N,08407.11702 W,291.8,11,0.86,0.026,1.62,0.86,0.5865794067382812,0.7852981445312499,-9.770736975097655,-2.7786259541984735,-0.9770992366412213,0.9923664122137404,25.04764705882353
1761618898,3402.74978 N,08407.11702 W,291.8,11,0.86,0.026,1.62,0.86,0.59376201171875,0.7852981445312499,-9.897629663085937,-3.114503816793893,-1.1068702290076335,1.2290076335877862,25.188823529411764
1761618899,3402.74979 N,08407.11697 W,291.8,10,1.19,0.026,1.62,0.86,0.6009446166992187,0.7661445312499999,-9.821015209960937,-2.954198473282443,-0.9389312977099237,0.9694656488549618,25.000588235294117
1761618900,3402.74979 N,08407.11697 W,291.8,10,1.19,0.026,2.44,1.19,0.6105214233398437,0.9050082275390624,-9.732429748535155,-3.099236641221374,-1.1068702290076335,1.1755725190839694,25.04764705882353
1761618901,3402.74979 N,08407.11697 W,291.8,10,1.19,0.026,2.44,1.19,0.737414111328125,0.7445967163085937,-9.521740002441407,-3.122137404580153,-1.1984732824427482,1.0076335877862594,25.09470588235294
1761618902,3402.74979 N,08407.11697 W,291.8,10,1.19,0.026,2.44,1.19,0.5817910034179687,0.7900865478515624,-9.813832604980469,-3.1374045801526718,-0.9923664122137404,1.2595419847328244,24.906470588235294
1761618903,3402.74979 N,08407.11697 W,291.8,10,1.19,0.026,2.44,1.19,0.5434837768554687,0.7924807495117187,-9.7683427734375,-2.877862595419847,-0.8625954198473282,1.0,25.04764705882353
1761618904,3402.74979 N,08407.11697 W,291.8,10,1.19,0.026,2.44,1.19,0.55545478515625,0.7565677246093749,-9.775525378417969,-3.015267175572519,-0.9007633587786259,1.0763358778625953,25.04764705882353
1761618905,3402.74979 N,08407.11697 W,291.8,10,1.19,0.048,2.44,1.19,0.5793968017578125,0.8355763793945312,-9.696516723632811,-3.114503816793893,-0.9847328244274809,1.1603053435114503,25.04764705882353
1761618906,3402.74979 N,08407.11697 W,291.8,10,1.19,0.048,2.44,1.19,0.7134720947265625,0.9097966308593749,-9.751583361816406,-3.0076335877862594,-1.0916030534351144,1.282442748091603,25.000588235294117
1761618907,3402.74982 N,08407.11692 W,291.7,10,1.09,0.048,2.44,1.19,0.5961562133789062,0.7661445312499999,-9.765948571777344,-3.0839694656488548,-0.9236641221374046,1.2213740458015268,25.04764705882353
1761618908,3402.74982 N,08407.11692 W,291.7,10,1.09,0.048,2.14,1.09,0.6009446166992187,0.7876923461914062,-9.72285294189453,-2.9236641221374047,-1.0,1.1984732824427482,25.04764705882353
1761618909,3402.74982 N,08407.11692 W,291.7,10,1.09,0.048,2.14,1.09,0.5746083984375,0.6177040283203125,-9.677363110351562,-2.8625954198473282,-1.0,1.0305343511450382,25.141764705882352
1761618910,3402.74982 N,08407.11692 W,291.7,10,1.09,0.048,2.14,1.09,0.6392518432617187,0.7613561279296874,-9.751583361816406,-2.8244274809160306,-1.2061068702290076,0.9389312977099237,25.000588235294117
1761618911,3402.74982 N,08407.11692 W,291.7,10,1.09,0.048,2.14,1.09,0.6009446166992187,0.9026140258789062,-9.660603698730467,-2.6259541984732824,-1.0610687022900764,0.9465648854961832,25.09470588235294
1761618912,3402.74982 N,08407.11692 W,291.7,10,1.09,0.048,2.14,1.09,0.6009446166992187,0.7709329345703124,-9.801861596679688,-2.8396946564885495,-1.0610687022900764,1.1221374045801527,25.09470588235294
1761618913,3402.74982 N,08407.11692 W,291.7,10,1.09,0.064,2.14,1.09,0.5961562133789062,0.7996633544921875,-9.782707983398437,-2.877862595419847,-1.1450381679389312,1.0534351145038168,25.000588235294117
1761618914,3402.74982 N,08407.11692 W,291.7,10,1.09,0.064,2.14,1.09,0.5626373901367188,0.7972691528320313,-9.758765966796874,-3.0763358778625953,-1.0458015267175573,1.251908396946565,25.04764705882353
1761618915,3402.74986 N,08407.11690 W,291.7,10,1.09,0.064,2.14,1.09,0.5386953735351562,0.7589619262695312,-9.763554370117188,-2.8091603053435112,-0.9236641221374046,0.9465648854961832,25.04764705882353
1761618916,3402.74986 N,08407.11690 W,291.7,10,1.09,0.064,2.14,1.09,0.6344634399414062,0.8930372192382812,-9.72285294189453,-2.83206106870229,-0.9770992366412213,0.9694656488549618,25.000588235294117
1761618917,3402.74986 N,08407.11690 W,291.7,10,1.09,0.064,2.14,1.09,0.5889736083984375,0.8259995727539062,-9.718064538574218,-2.984732824427481,-1.1374045801526718,1.1068702290076335,25.09470588235294
1761618918,3402.74986 N,08407.11690 W,291.7,10,1.09,0.064,2.14,1.09,0.584185205078125,0.8092401611328125,-9.74200655517578,-2.885496183206107,-1.1221374045801527,0.8702290076335878,25.04764705882353
1761618919,3402.74986 N,08407.11690 W,291.7,10,1.09,0.064,2.14,1.09,0.5913678100585937,0.7206546997070312,-9.782707983398437,-2.2442748091603053,-0.8854961832061069,0.44274809160305345,25.000588235294117
1761618920,3402.74986 N,08407.11690 W,291.7,10,1.09,0.064,2.14,1.09,0.7541735229492187,0.7661445312499999,-9.667786303710937,-3.4656488549618323,-1.2061068702290076,1.7633587786259541,25.09470588235294
1761618921,3402.74986 N,08407.11690 W,291.7,10,1.09,0.113,2.14,1.09,0.7445967163085937,0.8092401611328125,-9.737218151855469,-2.9618320610687023,-0.9770992366412213,1.1755725190839694,25.04764705882353
1761618922,3402.74986 N,08407.11690 W,291.7,10,1.09,0.113,2.14,1.09,0.5889736083984375,0.6200982299804687,-9.662997900390625,-3.015267175572519,-1.1374045801526718,1.2290076335877862,25.04764705882353
1761618923,3402.74990 N,08407.11689 W,291.7,11,1.09,0.113,2.14,1.09,0.584185205078125,0.7589619262695312,-9.708487731933593,-2.969465648854962,-0.9923664122137404,1.0610687022900764,25.000588235294117
1761618924,3402.74990 N,08407.11689 W,291.7,11,1.09,0.113,2.14,1.09,0.7302315063476562,0.7733271362304687,-9.792284790039062,-2.8931297709923665,-0.9770992366412213,1.16793893129771,24.953529411764706
1761618925,3402.74990 N,08407.11689 W,291.7,11,1.09,0.113,2.14,1.09,0.4644751220703125,0.7996633544921875,-9.677363110351562,-3.0229007633587788,-1.3129770992366412,1.1374045801526718,25.000588235294117
1761618926,3402.74990 N,08407.11689 W,291.7,11,1.09,0.113,2.14,1.09,0.603338818359375,0.7781155395507812,-9.76116016845703,-3.099236641221374,-1.015267175572519,1.16793893129771,25.000588235294117
1761618927,3402.74990 N,08407.11689 W,291.7,11,1.09,0.113,2.14,1.09,0.5961562133789062,0.7900865478515624,-9.732429748535155,-2.8244274809160306,-0.9007633587786259,1.0687022900763359,25.09470588235294
1761618928,3402.74990 N,08407.11689 W,291.7,11,1.09,0.113,2.14,1.09,0.5626373901367188,0.7350199096679687,-9.732429748535155,-2.8625954198473282,-1.1450381679389312,1.1221374045801527,24.906470588235294
1761618929,3402.74990 N,08407.11689 W,291.7,11,1.09,0.084,2.14,1.09,0.7422025146484375,0.8978256225585937,-9.888052856445311,-3.0916030534351147,-1.1755725190839694,1.2671755725190839,25.04764705882353
1761618930,3402.74990 N,08407.11689 W,291.7,11,1.09,0.084,2.14,1.09,0.6081272216796875,0.8044517578125,-9.943119494628906,-2.954198473282443,-1.0305343511450382,1.0381679389312977,25.000588235294117
1761618931,3402.74998 N,08407.11682 W,291.7,11,1.09,0.084,2.14,1.09,0.5674257934570313,0.7302315063476562,-9.715670336914062,-2.7480916030534353,-1.0916030534351144,1.2213740458015268,24.953529411764706
1761618932,3402.74998 N,08407.11682 W,291.7,11,1.09,0.084,2.14,1.09,0.4644751220703125,0.7948749511718749,-9.6917283203125,-3.2061068702290076,-1.0763358778625953,1.2366412213740459,25.000588235294117
1761618933,3402.74998 N,08407.11682 W,291.7,11,1.09,0.084,2.14,1.09,0.5698199951171875,0.7781155395507812,-9.718064538574218,-2.984732824427481,-0.9465648854961832,1.1984732824427482,24.953529411764706
1761618934,3402.74998 N,08407.11682 W,291.7,11,1.09,0.084,2.14,1.09,0.584185205078125,0.7757213378906249,-9.737218151855469,-3.030534351145038,-1.0381679389312977,1.1374045801526718,24.859411764705882
1761618935,3402.74998 N,08407.11682 W,291.7,11,1.09,0.084,2.14,1.09,0.5746083984375,0.7852981445312499,-9.70369932861328,-2.9236641221374047,-0.9694656488549618,0.8702290076335878,25.04764705882353
1761618936,3402.74998 N,08407.11682 W,291.7,11,1.09,0.084,2.14,1.09,0.5291185668945312,0.7398083129882812,-9.811438403320311,-2.9160305343511452,-1.1221374045801527,1.0229007633587786,25.04764705882353
1761618937,3402.74998 N,08407.11682 W,291.7,11,1.09,0.054,2.14,1.09,0.5746083984375,0.8116343627929687,-9.725247143554688,-2.9618320610687023,-1.2290076335877862,1.1450381679389312,24.953529411764706
1761618938,3402.74998 N,08407.11682 W,291.7,11,1.09,0.054,2.14,1.09,0.737414111328125,0.814028564453125,-9.710881933593749,-2.946564885496183,-0.9465648854961832,0.916030534351145,24.906470588235294
1761618939,3402.75003 N,08407.11675 W,291.8,11,1.09,0.054,2.14,1.09,0.5051765502929687,0.737414111328125,-9.78031378173828,-2.801526717557252,-0.9923664122137404,1.1297709923664123,25.09470588235294
1761618940,3402.75003 N,08407.11675 W,291.8,11,1.09,0.054,2.14,1.09,0.5674257934570313,0.7326257080078125,-9.686939916992188,-2.877862595419847,-1.1145038167938932,1.0305343511450382,24.953529411764706
1761618941,3402.75003 N,08407.11675 W,291.8,11,1.09,0.054,2.14,1.09,0.7613561279296874,0.7924807495117187,-9.801861596679688,-2.648854961832061,-1.0305343511450382,0.9083969465648855,25.04764705882353
1761618942,3402.75003 N,08407.11675 W,291.8,11,1.09,0.054,2.14,1.09,0.5865794067382812,0.7733271362304687,-9.787496386718749,-2.931297709923664,-0.8702290076335878,0.7862595419847328,25.000588235294117
1761618943,3402.75003 N,08407.11675 W,291.8,11,1.09,0.054,2.14,1.09,0.5746083984375,0.8020575561523438,-9.672574707031249,-2.9083969465648853,-1.0305343511450382,0.9618320610687023,25.000588235294117
1761618944,3402.75003 N,08407.11675 W,291.8,11,1.09,0.054,2.14,1.09,0.5746083984375,0.7637503295898437,-9.746794958496093,-2.6717557251908395,-1.0610687022900764,0.9083969465648855,25.04764705882353
1761618945,3402.75003 N,08407.11675 W,291.8,11,1.09,0.074,2.14,1.09,0.47644613037109373,0.8188169677734375,-9.715670336914062,-3.6030534351145036,-1.015267175572519,1.7251908396946565,24.953529411764706
1761618946,3402.75003 N,08407.11675 W,291.8,11,1.09,0.074,2.14,1.09,0.59376201171875,0.7685387329101562,-9.93354268798828,-3.068702290076336,-1.0458015267175573,1.3206106870229009,24.859411764705882
1761618947,3402.75008 N,08407.11668 W,292.0,11,1.09,0.074,2.14,1.09,0.5674257934570313,0.7852981445312499,-9.72285294189453,-2.816793893129771,-1.0,1.1221374045801527,24.953529411764706
1761618948,3402.75008 N,08407.11668 W,292.0,11,1.09,0.074,2.14,1.09,0.49320554199218747,0.8044517578125,-9.744400756835937,-2.9236641221374047,-1.015267175572519,1.1526717557251909,24.953529411764706
1761618949,3402.75008 N,08407.11668 W,292.0,11,1.09,0.074,2.14,1.09,0.5674257934570313,0.7829039428710937,-9.792284790039062,-2.7557251908396947,-1.1526717557251909,0.9923664122137404,25.000588235294117
1761618950,3402.75008 N,08407.11668 W,292.0,11,1.09,0.074,2.14,1.09,0.6440402465820312,0.8164227661132812,-9.732429748535155,-2.954198473282443,-1.2671755725190839,1.2213740458015268,24.906470588235294
1761618951,3402.75008 N,08407.11668 W,292.0,11,1.09,0.074,2.14,1.09,0.47165772705078124,0.718260498046875,-9.801861596679688,-2.877862595419847,-1.1450381679389312,1.0916030534351144,25.04764705882353
1761618952,3402.75008 N,08407.11668 W,292.0,11,1.09,0.074,2.14,1.09,0.5722141967773438,0.8164227661132812,-9.81862100830078,-2.763358778625954,-0.9618320610687023,0.9007633587786259,25.09470588235294
1761618953,3402.75008 N,08407.11668 W,292.0,11,1.09,0.068,2.14,1.09,0.5889736083984375,0.622492431640625,-9.725247143554688,-3.030534351145038,-1.099236641221374,0.9923664122137404,25.09470588235294
1761618954,3402.75008 N,08407.11668 W,292.0,11,1.09,0.068,2.14,1.09,0.5746083984375,0.7996633544921875,-9.777919580078125,-2.8473282442748094,-0.9618320610687023,1.1145038167938932,25.000588235294117
1761618955,3402.75010 N,08407.11667 W,292.2,10,1.09,0.068,2.14,1.09,0.55545478515625,0.7900865478515624,-9.794678991699218,-3.015267175572519,-1.0916030534351144,1.213740458015267,24.953529411764706
1761618956,3402.75010 N,08407.11667 W,292.2,10,1.09,0.068,2.14,1.09,0.5985504150390625,0.7757213378906249,-9.76116016845703,-2.5877862595419847,-1.213740458015267,1.1068702290076335,25.000588235294117
1761618957,3402.75010 N,08407.11667 W,292.2,10,1.09,0.068,2.14,1.09,0.55545478515625,0.7805097412109374,-9.852139831542969,-3.0381679389312977,-1.0076335877862594,1.2595419847328244,25.000588235294117
1761618958,3402.75010 N,08407.11667 W,292.2,10,1.09,0.068,2.14,1.09,0.5865794067382812,0.70868369140625,-9.76116016845703,-2.954198473282443,-1.0458015267175573,0.7709923664122137,25.000588235294117
1761618959,3402.75010 N,08407.11667 W,292.2,10,1.09,0.068,2.14,1.09,0.4644751220703125,0.63206923828125,-9.679757312011718,-3.0076335877862594,-1.0305343511450382,1.1450381679389312,25.000588235294117
1761618960,3402.75010 N,08407.11667 W,292.2,10,1.09,0.068,2.14,1.09,0.584185205078125,0.7422025146484375,-9.737218151855469,-2.8702290076335877,-1.2442748091603053,1.1221374045801527,24.953529411764706
1761618961,3402.75010 N,08407.11667 W,292.2,10,1.09,0.040,2.14,1.09,0.5003881469726562,0.7589619262695312,-9.667786303710937,-2.8702290076335877,-1.015267175572519,1.0687022900763359,25.141764705882352
1761618962,3402.75010 N,08407.11667 W,292.2,10,1.09,0.040,2.14,1.09,0.6009446166992187,0.7422025146484375,-9.70369932861328,-3.0229007633587788,-1.1068702290076335,1.2671755725190839,25.04764705882353
1761618963,3402.75012 N,08407.11667 W,292.3,11,1.09,0.040,2.14,1.09,0.6009446166992187,0.8116343627929687,-9.749189160156249,-2.931297709923664,-1.1068702290076335,0.9312977099236641,25.09470588235294
1761618964,3402.75012 N,08407.11667 W,292.3,11,1.09,0.040,2.14,1.09,0.6440402465820312,0.9097966308593749,-9.730035546875,-2.900763358778626,-1.0458015267175573,1.1145038167938932,25.000588235294117
1761618965,3402.75012 N,08407.11667 W,292.3,11,1.09,0.040,2.14,1.09,0.5698199951171875,0.7733271362304687,-9.72285294189453,-3.099236641221374,-0.916030534351145,1.3587786259541985,25.09470588235294
1761618966,3402.75012 N,08407.11667 W,292.3,11,1.09,0.040,2.14,1.09,0.584185205078125,0.7805097412109374,-9.734823950195311,-3.2900763358778624,-1.083969465648855,1.5114503816793894,25.04764705882353
1761618967,3402.75012 N,08407.11667 W,292.3,11,1.09,0.040,2.14,1.09,0.7493851196289062,0.7445967163085937,-9.732429748535155,-3.3053435114503817,-1.0610687022900764,1.3587786259541985,25.04764705882353
1761618968,3402.75012 N,08407.11667 W,292.3,11,1.09,0.040,2.14,1.09,0.5913678100585937,0.842758984375,-9.72285294189453,-2.984732824427481,-0.8702290076335878,1.0229007633587786,25.000588235294117
1761618969,3402.75012 N,08407.11667 W,292.3,11,1.09,0.032,2.14,1.09,0.5770026000976562,0.7230489013671875,-9.708487731933593,-3.572519083969466,-0.9923664122137404,1.549618320610687,25.04764705882353
1761618970,3402.75012 N,08407.11667 W,292.3,11,1.09,0.032,2.14,1.09,0.5506663818359374,0.7326257080078125,-9.770736975097655,-3.1755725190839694,-1.0534351145038168,1.2213740458015268,24.953529411764706
1761618971,3402.75017 N,08407.11659 W,292.7,11,1.09,0.032,2.14,1.09,0.46208092041015625,0.8355763793945312,-9.718064538574218,-3.0610687022900764,-1.015267175572519,0.9541984732824428,25.000588235294117
1761618972,3402.75017 N,08407.11659 W,292.7,11,1.09,0.032,2.14,1.09,0.5770026000976562,0.7278373046875,-9.79946739501953,-2.900763358778626,-1.1984732824427482,1.0076335877862594,25.000588235294117
1761618973,3402.75017 N,08407.11659 W,292.7,11,1.09,0.032,2.14,1.09,0.46208092041015625,0.7541735229492187,-9.677363110351562,-3.0381679389312977,-1.16793893129771,1.0,25.000588235294117
1761618974,3402.75017 N,08407.11659 W,292.7,11,1.09,0.032,2.14,1.09,0.6009446166992187,0.7781155395507812,-9.758765966796874,-2.969465648854962,-1.099236641221374,1.0534351145038168,25.04764705882353
1761618975,3402.75017 N,08407.11659 W,292.7,11,1.09,0.032,2.14,1.09,0.5674257934570313,0.7757213378906249,-9.782707983398437,-2.7709923664122136,-0.9541984732824428,1.0916030534351144,25.000588235294117
1761618976,3402.75017 N,08407.11659 W,292.7,11,1.09,0.032,2.14,1.09,0.622492431640625,0.8212111694335937,-9.821015209960937,-3.1068702290076335,-1.1297709923664123,1.1450381679389312,25.04764705882353
1761618977,3402.75017 N,08407.11659 W,292.7,11,1.09,0.039,2.14,1.09,0.6248866333007812,0.7326257080078125,-9.739612353515625,-2.9236641221374047,-1.099236641221374,1.0763358778625953,25.000588235294117
1761618978,3402.75017 N,08407.11659 W,292.7,11,1.09,0.039,2.14,1.09,0.6368576416015624,0.7541735229492187,-9.696516723632811,-2.8702290076335877,-0.8549618320610687,1.1221374045801527,25.000588235294117
1761618979,3402.75020 N,08407.11654 W,292.9,11,0.86,0.039,2.14,1.09,0.5961562133789062,0.7398083129882812,-9.809044201660155,-3.3282442748091605,-1.0534351145038168,1.5190839694656488,25.000588235294117
1761618980,3402.75020 N,08407.11654 W,292.9,11,0.86,0.039,1.62,0.86,0.5626373901367188,0.8810662109374999,-9.76116016845703,-2.8396946564885495,-1.2671755725190839,0.9007633587786259,24.953529411764706
1761618981,3402.75020 N,08407.11654 W,292.9,11,0.86,0.039,1.62,0.86,0.6153098266601562,0.8116343627929687,-9.710881933593749,-3.122137404580153,-1.0305343511450382,1.2290076335877862,25.000588235294117
1761618982,3402.75020 N,08407.11654 W,292.9,11,0.86,0.039,1.62,0.86,0.6009446166992187,0.6464344482421874,-9.744400756835937,-2.984732824427481,-1.0916030534351144,1.099236641221374,24.953529411764706
1761618983,3402.75020 N,08407.11654 W,292.9,11,0.86,0.039,1.62,0.86,0.5985504150390625,0.8212111694335937,-9.730035546875,-2.7786259541984735,-1.0916030534351144,1.2061068702290076,25.09470588235294
1761618984,3402.75020 N,08407.11654 W,292.9,11,0.86,0.039,1.62,0.86,0.5793968017578125,0.9097966308593749,-9.789890588378906,-2.8396946564885495,-1.0763358778625953,1.0305343511450382,24.953529411764706
1761618985,3402.75020 N,08407.11654 W,292.9,11,0.86,0.026,1.62,0.86,0.5099649536132812,0.7709329345703124,-9.674968908691406,-2.8473282442748094,-0.9770992366412213,1.2442748091603053,24.953529411764706
1761618986,3402.75020 N,08407.11654 W,292.9,11,0.86,0.026,1.62,0.86,0.6440402465820312,0.8451531860351562,-9.708487731933593,-2.83206106870229,-1.1068702290076335,1.1068702290076335,25.000588235294117
1761618988,3402.75023 N,08407.11652 W,293.1,11,0.85,0.026,1.62,0.86,0.6057330200195312,0.6464344482421874,-9.7683427734375,-2.900763358778626,-0.9923664122137404,1.083969465648855,24.953529411764706
1761618989,3402.75023 N,08407.11652 W,293.1,11,0.85,0.026,1.57,0.85,0.5530605834960938,0.7613561279296874,-9.756371765136718,-2.984732824427481,-1.1526717557251909,1.0229007633587786,25.000588235294117
1761618990,3402.75023 N,08407.11652 W,293.1,11,0.85,0.026,1.57,0.85,0.46686932373046874,0.7829039428710937,-9.816226806640625,-2.8396946564885495,-1.0763358778625953,1.2442748091603053,25.000588235294117
1761618991,3402.75023 N,08407.11652 W,293.1,11,0.85,0.026,1.57,0.85,0.5817910034179687,0.8212111694335937,-9.773131176757811,-2.954198473282443,-0.9770992366412213,1.1145038167938932,25.04764705882353
1761618992,3402.75023 N,08407.11652 W,293.1,11,0.85,0.026,1.57,0.85,0.5315127685546874,0.6392518432617187,-9.782707983398437,-2.877862595419847,-1.1068702290076335,1.099236641221374,25.04764705882353
1761618993,3402.75023 N,08407.11652 W,293.1,11,0.85,0.026,1.57,0.85,0.5195417602539062,0.7924807495117187,-9.756371765136718,-2.8625954198473282,-1.0916030534351144,1.1145038167938932,24.953529411764706
1761618994,3402.75023 N,08407.11652 W,293.1,11,0.85,0.037,1.57,0.85,0.5770026000976562,0.8188169677734375,-9.787496386718749,-2.8702290076335877,-1.1908396946564885,0.9312977099236641,25.000588235294117
1761618995,3402.75023 N,08407.11652 W,293.1,11,0.85,0.037,1.57,0.85,0.5506663818359374,0.7637503295898437,-9.765948571777344,-2.8931297709923665,-1.1755725190839694,1.1603053435114503,24.953529411764706
1761618996,3402.75025 N,08407.11649 W,293.3,11,0.85,0.037,1.57,0.85,0.6200982299804687,0.7541735229492187,-9.78031378173828,-2.801526717557252,-1.183206106870229,0.9312977099236641,24.953529411764706
1761618997,3402.75025 N,08407.11649 W,293.3,11,0.85,0.037,1.57,0.85,0.5865794067382812,0.7062894897460937,-9.72285294189453,-2.9770992366412212,-1.0458015267175573,1.1297709923664123,24.81235294117647
1761618998,3402.75025 N,08407.11649 W,293.3,11,0.85,0.037,1.57,0.85,0.5530605834960938,0.7972691528320313,-9.698910925292969,-2.984732824427481,-1.1297709923664123,1.1450381679389312,25.000588235294117
1761618999,3402.75025 N,08407.11649 W,293.3,11,0.85,0.037,1.57,0.85,0.5985504150390625,0.7781155395507812,-9.7683427734375,-3.114503816793893,-1.1068702290076335,1.2748091603053435,25.000588235294117
1761619000,3402.75025 N,08407.11649 W,293.3,11,0.85,0.037,1.57,0.85,0.5626373901367188,0.842758984375,-9.710881933593749,-2.763358778625954,-1.0916030534351144,1.0458015267175573,25.000588235294117
1761619001,3402.75025 N,08407.11649 W,293.3,11,0.85,0.037,1.57,0.85,0.5434837768554687,0.7996633544921875,-9.72285294189453,-2.5801526717557253,-0.9007633587786259,0.5801526717557252,24.953529411764706
1761619002,3402.75025 N,08407.11649 W,293.3,11,0.85,0.114,1.57,0.85,0.5674257934570313,0.7924807495117187,-9.765948571777344,-0.015267175572519083,-1.0229007633587786,0.21374045801526717,25.000588235294117
1761619003,3402.75025 N,08407.11649 W,293.3,11,0.85,0.114,1.57,0.85,0.6440402465820312,0.7876923461914062,-9.677363110351562,-2.4427480916030535,-1.1603053435114503,0.5419847328244275,25.000588235294117
1761619004,3402.75027 N,08407.11647 W,293.4,11,0.85,0.114,1.57,0.85,0.5698199951171875,0.737414111328125,-9.80665,-3.114503816793893,-1.2366412213740459,1.2213740458015268,24.859411764705882
1761619005,3402.75027 N,08407.11647 W,293.4,11,0.85,0.114,1.57,0.85,0.5482721801757812,0.8164227661132812,-9.701305126953125,-2.9618320610687023,-1.251908396946565,1.0763358778625953,24.906470588235294
1761619006,3402.75027 N,08407.11647 W,293.4,11,0.85,0.114,1.57,0.85,0.603338818359375,0.7661445312499999,-9.72285294189453,-2.9160305343511452,-1.1068702290076335,1.1068702290076335,24.906470588235294
1761619007,3402.75027 N,08407.11647 W,293.4,11,0.85,0.114,1.57,0.85,0.6009446166992187,0.7589619262695312,-9.751583361816406,-2.717557251908397,-1.0916030534351144,1.0,25.04764705882353
1761619008,3402.75027 N,08407.11647 W,293.4,11,0.85,0.114,1.57,0.85,0.5770026000976562,0.7829039428710937,-9.79946739501953,-2.9236641221374047,-0.9083969465648855,1.2748091603053435,24.953529411764706
1761619009,3402.75027 N,08407.11647 W,293.4,11,0.85,0.114,1.57,0.85,0.6081272216796875,0.7876923461914062,-9.789890588378906,-2.885496183206107,-1.0229007633587786,0.8396946564885496,24.953529411764706
1761619010,3402.75027 N,08407.11647 W,293.4,11,0.85,0.066,1.57,0.85,0.6057330200195312,0.737414111328125,-9.763554370117188,-2.8244274809160306,-0.9312977099236641,1.183206106870229,24.859411764705882
1761619011,3402.75027 N,08407.11647 W,293.4,11,0.85,0.066,1.57,0.85,0.5746083984375,0.6200982299804687,-9.6917283203125,-2.854961832061069,-1.2442748091603053,1.1297709923664123,24.953529411764706
1761619012,3402.75030 N,08407.11643 W,293.6,10,1.08,0.066,1.57,0.85,0.469263525390625,0.7996633544921875,-9.923965881347655,-2.7938931297709924,-1.16793893129771,0.8015267175572519,24.859411764705882
1761619013,3402.75030 N,08407.11643 W,293.6,10,1.08,0.066,2.12,1.08,0.5722141967773438,0.7709329345703124,-9.756371765136718,-2.7938931297709924,-1.1068702290076335,0.7709923664122137,25.000588235294117
1761619014,3402.75030 N,08407.11643 W,293.6,10,1.08,0.066,2.12,1.08,0.55545478515625,0.7996633544921875,-9.782707983398437,-2.900763358778626,-1.0763358778625953,0.9694656488549618,24.953529411764706
1761619015,3402.75030 N,08407.11643 W,293.6,10,1.08,0.066,2.12,1.08,0.603338818359375,0.7661445312499999,-9.854534033203125,-2.9083969465648853,-0.9847328244274809,1.3511450381679388,25.000588235294117
1761619016,3402.75030 N,08407.11643 W,293.6,10,1.08,0.066,2.12,1.08,0.5770026000976562,0.7996633544921875,-9.698910925292969,-2.946564885496183,-1.099236641221374,1.1603053435114503,25.04764705882353
1761619017,3402.75030 N,08407.11643 W,293.6,10,1.08,0.066,2.12,1.08,0.5363011718749999,0.8188169677734375,-9.749189160156249,-3.114503816793893,-1.0381679389312977,1.0916030534351144,25.000588235294117
1761619018,3402.75030 N,08407.11643 W,293.6,10,1.08,0.053,2.12,1.08,0.5698199951171875,0.7829039428710937,-9.734823950195311,-2.7480916030534353,-1.1908396946564885,1.1145038167938932,24.906470588235294
1761619019,3402.75030 N,08407.11643 W,293.6,10,1.08,0.053,2.12,1.08,0.5746083984375,0.7326257080078125,-9.70369932861328,-3.015267175572519,-1.282442748091603,1.1526717557251909,24.953529411764706
1761619020,3402.75035 N,08407.11641 W,293.7,10,1.08,0.053,2.12,1.08,0.5602431884765625,0.7876923461914062,-9.689334118652344,-2.9618320610687023,-1.1450381679389312,1.16793893129771,24.953529411764706
1761619021,3402.75035 N,08407.11641 W,293.7,10,1.08,0.053,2.12,1.08,0.612915625,0.8020575561523438,-9.811438403320311,-3.2748091603053435,-1.1908396946564885,1.4045801526717556,24.859411764705882
1761619022,3402.75035 N,08407.11641 W,293.7,10,1.08,0.053,2.12,1.08,0.5339069702148437,0.63206923828125,-9.727641345214844,-3.0763358778625953,-1.2061068702290076,1.2671755725190839,24.906470588235294
1761619023,3402.75035 N,08407.11641 W,293.7,10,1.08,0.053,2.12,1.08,0.5865794067382812,0.6967126831054687,-9.892841259765625,-2.6412213740458017,-0.9923664122137404,0.7480916030534351,24.953529411764706
1761619024,3402.75035 N,08407.11641 W,293.7,10,1.08,0.053,2.12,1.08,0.565031591796875,0.7900865478515624,-9.751583361816406,-2.519083969465649,-1.1145038167938932,0.7862595419847328,24.953529411764706
1761619025,3402.75035 N,08407.11641 W,293.7,10,1.08,0.053,2.12,1.08,0.5793968017578125,0.7445967163085937,-9.777919580078125,-3.198473282442748,-1.1526717557251909,1.2442748091603053,24.953529411764706
1761619026,3402.75035 N,08407.11641 W,293.7,10,1.08,0.014,2.12,1.08,0.5722141967773438,0.7637503295898437,-9.744400756835937,-2.9923664122137406,-1.0458015267175573,0.9923664122137404,24.906470588235294
1761619027,3402.75035 N,08407.11641 W,293.7,10,1.08,0.014,2.12,1.08,0.584185205078125,0.6823474731445313,-9.682151513671874,-3.183206106870229,-1.083969465648855,1.4198473282442747,24.906470588235294
1761619028,3402.75042 N,08407.11635 W,293.8,10,1.08,0.014,2.12,1.08,0.5506663818359374,0.6368576416015624,-9.763554370117188,-2.282442748091603,-0.9083969465648855,0.5190839694656488,25.000588235294117
1761619029,3402.75042 N,08407.11635 W,293.8,10,1.08,0.014,2.12,1.08,0.5961562133789062,0.7948749511718749,-9.706093530273437,-2.8931297709923665,-0.9694656488549618,1.213740458015267,24.906470588235294
1761619030,3402.75042 N,08407.11635 W,293.8,10,1.08,0.014,2.12,1.08,0.5793968017578125,0.8044517578125,-9.797073193359374,-2.7251908396946565,-1.2748091603053435,0.9694656488549618,24.953529411764706
1761619031,3402.75042 N,08407.11635 W,293.8,10,1.08,0.014,2.12,1.08,0.6057330200195312,0.7829039428710937,-9.725247143554688,-2.885496183206107,-1.1526717557251909,1.1908396946564885,25.000588235294117
1761619032,3402.75042 N,08407.11635 W,293.8,10,1.08,0.014,2.12,1.08,0.6200982299804687,0.7661445312499999,-9.730035546875,-2.6717557251908395,-1.16793893129771,1.015267175572519,24.906470588235294
1761619033,3402.75042 N,08407.11635 W,293.8,10,1.08,0.014,2.12,1.08,0.5698199951171875,0.8116343627929687,-9.74200655517578,-3.015267175572519,-0.9923664122137404,1.0,25.04764705882353
1761619034,3402.75042 N,08407.11635 W,293.8,10,1.08,0.047,2.12,1.08,0.5985504150390625,0.7948749511718749,-9.746794958496093,-2.801526717557252,-1.1145038167938932,1.015267175572519,24.953529411764706
1761619035,3402.75042 N,08407.11635 W,293.8,10,1.08,0.047,2.12,1.08,0.5674257934570313,0.7517793212890624,-9.758765966796874,-2.9160305343511452,-1.1603053435114503,1.0534351145038168,25.000588235294117
1761619036,3402.75046 N,08407.11632 W,293.9,10,1.08,0.047,2.12,1.08,0.6392518432617187,0.7829039428710937,-9.866505041503906,-3.1603053435114505,-1.2748091603053435,1.2213740458015268,24.906470588235294
1761619037,3402.75046 N,08407.11632 W,293.9,10,1.08,0.047,2.12,1.08,0.7302315063476562,0.7829039428710937,-9.76116016845703,-2.946564885496183,-1.213740458015267,1.0610687022900764,24.906470588235294
1761619038,3402.75046 N,08407.11632 W,293.9,10,1.08,0.047,2.12,1.08,0.7637503295898437,0.7900865478515624,-9.78031378173828,-2.648854961832061,-1.0305343511450382,1.0305343511450382,24.906470588235294
1761619039,3402.75046 N,08407.11632 W,293.9,10,1.08,0.047,2.12,1.08,0.5674257934570313,0.699106884765625,-9.751583361816406,-2.8091603053435112,-0.8473282442748091,0.7862595419847328,24.906470588235294
1761619040,3402.75046 N,08407.11632 W,293.9,10,1.08,0.047,2.12,1.08,0.46208092041015625,0.737414111328125,-9.785102185058593,-2.8625954198473282,-0.9389312977099237,1.1145038167938932,25.000588235294117
1761619041,3402.75046 N,08407.11632 W,293.9,10,1.08,0.047,2.12,1.08,0.565031591796875,0.7230489013671875,-9.7683427734375,-3.0381679389312977,-1.015267175572519,1.4427480916030535,25.000588235294117
1761619042,3402.75046 N,08407.11632 W,293.9,10,1.08,0.085,2.12,1.08,0.5243301635742187,0.7924807495117187,-9.753977563476562,-2.786259541984733,-1.0610687022900764,1.0305343511450382,24.953529411764706
1761619043,3402.75046 N,08407.11632 W,293.9,10,1.08,0.085,2.12,1.08,0.7613561279296874,0.6272808349609375,-9.74200655517578,-3.122137404580153,-1.213740458015267,1.1145038167938932,24.906470588235294
1761619044,3402.75048 N,08407.11629 W,294.0,11,1.08,0.085,2.12,1.08,0.5913678100585937,0.7805097412109374,-9.792284790039062,-2.9083969465648853,-0.9541984732824428,1.1450381679389312,24.953529411764706
1761619045,3402.75048 N,08407.11629 W,294.0,11,1.08,0.085,2.12,1.08,0.612915625,0.7517793212890624,-9.696516723632811,-2.885496183206107,-1.1603053435114503,1.3053435114503817,24.906470588235294
1761619046,3402.75048 N,08407.11629 W,294.0,11,1.08,0.085,2.12,1.08,0.5817910034179687,0.8259995727539062,-9.660603698730467,-3.2061068702290076,-1.0381679389312977,1.2366412213740459,24.953529411764706
1761619047,3402.75048 N,08407.11629 W,294.0,11,1.08,0.085,2.12,1.08,0.6009446166992187,0.8164227661132812,-9.928754284667969,-2.8091603053435112,-1.0458015267175573,0.9389312977099237,25.000588235294117
1761619048,3402.75048 N,08407.11629 W,294.0,11,1.08,0.085,2.12,1.08,0.7350199096679687,0.7948749511718749,-9.665392102050781,-2.8625954198473282,-1.0076335877862594,1.1755725190839694,24.953529411764706
1761619049,3402.75048 N,08407.11629 W,294.0,11,1.08,0.085,2.12,1.08,0.488417138671875,0.7852981445312499,-9.789890588378906,-3.145038167938931,-0.9694656488549618,1.4580152671755726,24.906470588235294
1761619050,3402.75048 N,08407.11629 W,294.0,11,1.08,0.106,2.12,1.08,0.5267243652343749,0.7948749511718749,-9.713276135253906,-2.633587786259542,-0.9770992366412213,1.0763358778625953,24.906470588235294
1761619051,3402.75048 N,08407.11629 W,294.0,11,1.08,0.106,2.12,1.08,0.6009446166992187,0.814028564453125,-9.753977563476562,-3.0,-1.183206106870229,1.0916030534351144,24.906470588235294
1761619052,3402.75055 N,08407.11631 W,294.2,11,1.08,0.106,2.12,1.08,0.74699091796875,0.7541735229492187,-9.686939916992188,-2.7404580152671754,-1.1450381679389312,0.9236641221374046,25.000588235294117
1761619053,3402.75055 N,08407.11631 W,294.2,11,1.08,0.106,2.12,1.08,0.6153098266601562,0.814028564453125,-9.773131176757811,-3.1297709923664123,-1.0610687022900764,1.251908396946565,24.953529411764706
1761619054,3402.75055 N,08407.11631 W,294.2,11,1.08,0.106,2.12,1.08,0.5817910034179687,0.7589619262695312,-9.792284790039062,-2.786259541984733,-1.1221374045801527,1.0076335877862594,24.859411764705882
1761619055,3402.75055 N,08407.11631 W,294.2,11,1.08,0.106,2.12,1.08,0.5817910034179687,0.7805097412109374,-9.732429748535155,-2.8702290076335877,-1.0381679389312977,0.8473282442748091,24.906470588235294
1761619056,3402.75055 N,08407.11631 W,294.2,11,1.08,0.106,2.12,1.08,0.5746083984375,0.7422025146484375,-9.682151513671874,-3.015267175572519,-0.8549618320610687,1.0,24.953529411764706
1761619057,3402.75055 N,08407.11631 W,294.2,11,1.08,0.106,2.12,1.08,0.5602431884765625,0.7709329345703124,-9.785102185058593,-2.9618320610687023,-1.0,1.1068702290076335,25.000588235294117
1761619058,3402.75055 N,08407.11631 W,294.2,11,1.08,0.108,2.12,1.08,0.5913678100585937,0.8307879760742187,-9.698910925292969,-3.045801526717557,-1.16793893129771,1.0534351145038168,24.906470588235294
1761619059,3402.75055 N,08407.11631 W,294.2,11,1.08,0.108,2.12,1.08,0.5339069702148437,0.7589619262695312,-9.95987890625,-2.717557251908397,-1.0229007633587786,0.9236641221374046,24.906470588235294
1761619060,3402.75060 N,08407.11635 W,294.5,11,1.08,0.108,2.12,1.08,0.5817910034179687,0.7565677246093749,-9.82580361328125,-2.984732824427481,-0.9923664122137404,0.8854961832061069,24.859411764705882
1761619061,3402.75060 N,08407.11635 W,294.5,11,1.08,0.108,2.12,1.08,0.5722141967773438,0.8379705810546875,-9.732429748535155,-3.4198473282442747,-1.1145038167938932,1.3435114503816794,24.953529411764706
1761619062,3402.75060 N,08407.11635 W,294.5,11,1.08,0.108,2.12,1.08,0.5674257934570313,0.8068459594726562,-9.72285294189453,-2.9770992366412212,-1.0763358778625953,1.1984732824427482,24.953529411764706
1761619063,3402.75060 N,08407.11635 W,294.5,11,1.08,0.108,2.12,1.08,0.59376201171875,0.8858546142578124,-9.957484704589843,-2.7022900763358777,-1.0458015267175573,1.099236641221374,24.953529411764706
1761619064,3402.75060 N,08407.11635 W,294.5,11,1.08,0.108,2.12,1.08,0.6248866333007812,0.7972691528320313,-9.794678991699218,-3.0229007633587788,-1.015267175572519,1.0458015267175573,24.953529411764706
1761619065,3402.75060 N,08407.11635 W,294.5,11,1.08,0.108,2.12,1.08,0.612915625,0.7805097412109374,-9.957484704589843,-2.8931297709923665,-1.083969465648855,1.0534351145038168,24.953529411764706
1761619066,3402.75060 N,08407.11635 W,294.5,11,1.08,0.075,2.12,1.08,0.5865794067382812,0.8044517578125,-9.76116016845703,-3.045801526717557,-1.183206106870229,0.9694656488549618,24.953529411764706
1761619067,3402.75060 N,08407.11635 W,294.5,11,1.08,0.075,2.12,1.08,0.584185205078125,0.7948749511718749,-9.7683427734375,-2.7786259541984735,-1.015267175572519,1.083969465648855,24.859411764705882
1761619068,3402.75067 N,08407.11637 W,294.8,11,0.85,0.075,2.12,1.08,0.5722141967773438,0.8116343627929687,-9.70369932861328,-3.0916030534351147,-1.099236641221374,1.0534351145038168,24.906470588235294
1761619069,3402.75067 N,08407.11637 W,294.8,11,0.85,0.075,1.57,0.85,0.5961562133789062,0.7517793212890624,-9.85692823486328,-2.5877862595419847,-1.1068702290076335,1.2595419847328244,24.906470588235294
1761619070,3402.75067 N,08407.11637 W,294.8,11,0.85,0.075,1.57,0.85,0.6153098266601562,0.7876923461914062,-9.797073193359374,-2.6030534351145036,-1.083969465648855,0.9694656488549618,24.859411764705882
1761619071,3402.75067 N,08407.11637 W,294.8,11,0.85,0.075,1.57,0.85,0.5865794067382812,0.7541735229492187,-9.756371765136718,-3.1908396946564888,-1.0305343511450382,1.0076335877862594,25.000588235294117
1761619072,3402.75067 N,08407.11637 W,294.8,11,0.85,0.075,1.57,0.85,0.5003881469726562,0.7733271362304687,-9.763554370117188,-2.9389312977099236,-1.1603053435114503,1.0381679389312977,24.906470588235294
1761619073,3402.75067 N,08407.11637 W,294.8,11,0.85,0.075,1.57,0.85,0.5243301635742187,0.737414111328125,-9.746794958496093,-2.7938931297709924,-0.9694656488549618,0.6717557251908397,24.859411764705882
1761619074,3402.75067 N,08407.11637 W,294.8,11,0.85,0.052,1.57,0.85,0.5770026000976562,0.7781155395507812,-9.756371765136718,-2.9160305343511452,-1.1450381679389312,1.1755725190839694,25.000588235294117
1761619075,3402.75067 N,08407.11637 W,294.8,11,0.85,0.052,1.57,0.85,0.5961562133789062,0.8379705810546875,-9.804255798339844,-3.0916030534351147,-1.1374045801526718,1.2900763358778626,24.859411764705882
1761619076,3402.75072 N,08407.11640 W,295.1,11,0.85,0.052,1.57,0.85,0.5722141967773438,0.7948749511718749,-9.74200655517578,-3.0916030534351147,-1.251908396946565,1.3206106870229009,24.859411764705882
1761619077,3402.75072 N,08407.11640 W,295.1,11,0.85,0.052,1.57,0.85,0.51714755859375,0.7829039428710937,-9.775525378417969,-3.015267175572519,-1.0916030534351144,1.1221374045801527,24.906470588235294
1761619078,3402.75072 N,08407.11640 W,295.1,11,0.85,0.052,1.57,0.85,0.6081272216796875,0.7661445312499999,-9.794678991699218,-3.427480916030534,-0.9694656488549618,1.3511450381679388,25.000588235294117
1761619079,3402.75072 N,08407.11640 W,295.1,11,0.85,0.052,1.57,0.85,0.59376201171875,0.7565677246093749,-9.794678991699218,-2.6259541984732824,-1.0916030534351144,0.6793893129770993,24.859411764705882
1761619080,3402.75072 N,08407.11640 W,295.1,11,0.85,0.052,1.57,0.85,0.469263525390625,0.8882488159179687,-9.706093530273437,-2.854961832061069,-1.1450381679389312,1.2213740458015268,24.953529411764706
1761619081,3402.75072 N,08407.11640 W,295.1,11,0.85,0.052,1.57,0.85,0.6775590698242188,0.7972691528320313,-9.694122521972655,-2.801526717557252,-1.16793893129771,1.16793893129771,25.000588235294117
1761619082,3402.75072 N,08407.11640 W,295.1,11,0.85,0.029,1.57,0.85,0.584185205078125,0.7661445312499999,-9.76116016845703,-2.9083969465648853,-1.16793893129771,1.1450381679389312,24.906470588235294
1761619083,3402.75072 N,08407.11640 W,295.1,11,0.85,0.029,1.57,0.85,0.5315127685546874,0.7589619262695312,-9.639055883789062,-2.801526717557252,-1.183206106870229,1.083969465648855,24.906470588235294
1761619084,3402.75073 N,08407.11637 W,295.2,11,0.85,0.029,1.57,0.85,0.49320554199218747,0.7876923461914062,-9.76116016845703,-3.2213740458015265,-1.1908396946564885,1.3740458015267176,25.09470588235294
1761619085,3402.75073 N,08407.11637 W,295.2,11,0.85,0.029,1.57,0.85,0.45968671875,0.7972691528320313,-9.751583361816406,-2.8091603053435112,-1.1908396946564885,1.1068702290076335,24.953529411764706
1761619086,3402.75073 N,08407.11637 W,295.2,11,0.85,0.029,1.57,0.85,0.4740519287109375,0.7278373046875,-9.749189160156249,-3.045801526717557,-1.1145038167938932,1.1221374045801527,24.906470588235294
1761619087,3402.75073 N,08407.11637 W,295.2,11,0.85,0.029,1.57,0.85,0.5985504150390625,0.7709329345703124,-9.672574707031249,-2.8702290076335877,-1.0305343511450382,0.9847328244274809,24.81235294117647
1761619088,3402.75073 N,08407.11637 W,295.2,11,0.85,0.029,1.57,0.85,0.5722141967773438,0.7781155395507812,-9.718064538574218,-3.2290076335877864,-1.0381679389312977,1.1221374045801527,24.906470588235294
1761619089,3402.75073 N,08407.11637 W,295.2,11,0.85,0.029,1.57,0.85,0.5530605834960938,0.7829039428710937,-9.76116016845703,-2.83206106870229,-1.0610687022900764,0.7633587786259542,24.906470588235294
1761619090,3402.75073 N,08407.11637 W,295.2,11,0.85,0.033,1.57,0.85,0.6272808349609375,0.7517793212890624,-9.852139831542969,-3.0229007633587788,-0.9923664122137404,1.2061068702290076,24.906470588235294
1761619091,3402.75073 N,08407.11637 W,295.2,11,0.85,0.033,1.57,0.85,0.603338818359375,0.8259995727539062,-9.710881933593749,-2.9236641221374047,-1.099236641221374,1.1145038167938932,24.906470588235294
1761619092,3402.75073 N,08407.11638 W,295.4,11,0.85,0.033,1.57,0.85,0.5578489868164063,0.6296750366210937,-9.698910925292969,-2.8625954198473282,-1.1068702290076335,1.2061068702290076,24.953529411764706
1761619093,3402.75073 N,08407.11638 W,295.4,11,0.85,0.033,1.57,0.85,0.5985504150390625,0.7398083129882812,-9.821015209960937,-3.2595419847328246,-1.1145038167938932,1.3206106870229009,25.000588235294117
1761619094,3402.75073 N,08407.11638 W,295.4,11,0.85,0.033,1.57,0.85,0.6368576416015624,0.7685387329101562,-9.81862100830078,-2.7480916030534353,-1.183206106870229,1.0305343511450382,24.953529411764706
1761619095,3402.75073 N,08407.11638 W,295.4,11,0.85,0.033,1.57,0.85,0.5817910034179687,0.7517793212890624,-9.667786303710937,-2.8931297709923665,-1.0916030534351144,1.1374045801526718,24.859411764705882
1761619096,3402.75073 N,08407.11638 W,295.4,11,0.85,0.033,1.57,0.85,0.5722141967773438,0.7422025146484375,-9.6917283203125,-3.2290076335877864,-1.1984732824427482,1.3053435114503817,25.04764705882353
1761619097,3402.75073 N,08407.11638 W,295.4,11,0.85,0.033,1.57,0.85,0.6416460449218749,0.7589619262695312,-9.730035546875,-3.3587786259541983,-0.9847328244274809,1.4122137404580153,24.953529411764706
1761619098,3402.75073 N,08407.11638 W,295.4,11,0.85,0.127,1.57,0.85,0.5434837768554687,0.8188169677734375,-9.737218151855469,-2.900763358778626,-1.0305343511450382,0.9847328244274809,24.906470588235294
1761619099,3402.75073 N,08407.11638 W,295.4,11,0.85,0.127,1.57,0.85,0.5674257934570313,0.7637503295898437,-9.698910925292969,-2.854961832061069,-1.0381679389312977,1.0,24.81235294117647
1761619100,3402.75078 N,08407.11636 W,295.4,11,0.85,0.127,1.57,0.85,0.6248866333007812,0.8020575561523438,-9.775525378417969,-2.9618320610687023,-1.083969465648855,1.0534351145038168,24.859411764705882
1761619101,3402.75078 N,08407.11636 W,295.4,11,0.85,0.127,1.57,0.85,0.5434837768554687,0.8403647827148437,-9.777919580078125,-3.1068702290076335,-0.8473282442748091,1.3511450381679388,24.906470588235294
1761619102,3402.75078 N,08407.11636 W,295.4,11,0.85,0.127,1.57,0.85,0.6248866333007812,0.7589619262695312,-9.734823950195311,-3.0916030534351147,-1.1145038167938932,1.282442748091603,24.953529411764706
1761619104,3402.75078 N,08407.11636 W,295.4,11,0.85,0.127,1.57,0.85,0.6296750366210937,0.6560112548828124,-9.854534033203125,-3.480916030534351,-1.1450381679389312,1.7404580152671756,24.906470588235294
1761619105,3402.75078 N,08407.11636 W,295.4,11,0.85,0.127,1.57,0.85,0.612915625,0.7829039428710937,-9.713276135253906,-2.595419847328244,-1.0458015267175573,0.4122137404580153,24.906470588235294
1761619106,3402.75078 N,08407.11636 W,295.4,11,0.85,0.127,1.57,0.85,0.5722141967773438,0.7709329345703124,-9.749189160156249,-2.66412213740458,-1.3969465648854962,0.6717557251908397,24.859411764705882
1761619107,3402.75078 N,08407.11636 W,295.4,11,0.85,0.062,1.57,0.85,0.5913678100585937,0.8379705810546875,-9.792284790039062,-3.099236641221374,-1.0381679389312977,1.282442748091603,24.859411764705882
1761619108,3402.75078 N,08407.11636 W,295.4,11,0.85,0.062,1.57,0.85,0.5674257934570313,0.7350199096679687,-9.777919580078125,-2.7709923664122136,-1.1068702290076335,0.6412213740458015,24.906470588235294
1761619109,3402.75083 N,08407.11633 W,295.7,11,0.85,0.062,1.57,0.85,0.5985504150390625,0.7685387329101562,-9.900023864746093,-2.2595419847328246,-0.32061068702290074,-0.05343511450381679,24.906470588235294
1761619110,3402.75083 N,08407.11633 W,295.7,11,0.85,0.062,1.57,0.85,0.5602431884765625,0.8044517578125,-9.725247143554688,-2.900763358778626,-1.2061068702290076,1.0763358778625953,24.859411764705882
1761619111,3402.75083 N,08407.11633 W,295.7,11,0.85,0.062,1.57,0.85,0.49320554199218747,0.8068459594726562,-9.74200655517578,-2.8244274809160306,-1.1755725190839694,1.0381679389312977,24.906470588235294
1761619112,3402.75083 N,08407.11633 W,295.7,11,0.85,0.062,1.57,0.85,0.5793968017578125,0.8020575561523438,-9.765948571777344,-2.931297709923664,-1.3053435114503817,0.916030534351145,24.906470588235294
1761619113,3402.75083 N,08407.11633 W,295.7,11,0.85,0.062,1.57,0.85,0.4644751220703125,0.74699091796875,-9.749189160156249,-2.7099236641221376,-1.0534351145038168,1.0687022900763359,25.000588235294117
1761619114,3402.75083 N,08407.11633 W,295.7,11,0.85,0.062,1.57,0.85,0.5674257934570313,0.7781155395507812,-9.708487731933593,-2.877862595419847,-1.0458015267175573,0.9847328244274809,24.859411764705882
1761619115,3402.75083 N,08407.11633 W,295.7,11,0.85,0.027,1.57,0.85,0.565031591796875,0.8571241943359375,-9.763554370117188,-3.282442748091603,-0.8931297709923665,1.5801526717557253,24.859411764705882
1761619116,3402.75083 N,08407.11633 W,295.7,11,0.85,0.027,1.57,0.85,0.5291185668945312,0.7829039428710937,-9.701305126953125,-2.7786259541984735,-0.9236641221374046,0.8854961832061069,25.000588235294117
1761619117,3402.75085 N,08407.11626 W,296.0,11,0.85,0.027,1.57,0.85,0.5770026000976562,0.7685387329101562,-9.74200655517578,-2.9389312977099236,-1.1603053435114503,1.2290076335877862,24.953529411764706
1761619118,3402.75085 N,08407.11626 W,296.0,11,0.85,0.027,1.57,0.85,0.5458779785156249,0.8116343627929687,-9.734823950195311,-2.9389312977099236,-1.1526717557251909,1.2671755725190839,25.000588235294117
1761619119,3402.75085 N,08407.11626 W,296.0,11,0.85,0.027,1.57,0.85,0.5530605834960938,0.8092401611328125,-9.804255798339844,-2.7404580152671754,-1.1603053435114503,1.183206106870229,24.906470588235294
1761619120,3402.75085 N,08407.11626 W,296.0,11,0.85,0.027,1.57,0.85,0.5674257934570313,0.6344634399414062,-9.765948571777344,-2.6564885496183206,-1.1526717557251909,0.916030534351145,24.953529411764706
1761619121,3402.75085 N,08407.11626 W,296.0,11,0.85,0.027,1.57,0.85,0.6105214233398437,0.8092401611328125,-9.72285294189453,-2.7938931297709924,-0.9923664122137404,0.9007633587786259,25.000588235294117
1761619122,3402.75085 N,08407.11626 W,296.0,11,0.85,0.027,1.57,0.85,0.6153098266601562,0.7972691528320313,-9.79946739501953,-2.900763358778626,-1.3358778625954197,1.0458015267175573,24.906470588235294
1761619123,3402.75085 N,08407.11626 W,296.0,11,0.85,0.054,1.57,0.85,0.5315127685546874,0.7637503295898437,-9.770736975097655,-2.83206106870229,-1.099236641221374,1.0687022900763359,25.000588235294117
1761619124,3402.75085 N,08407.11626 W,296.0,11,0.85,0.054,1.57,0.85,0.5315127685546874,0.8020575561523438,-9.751583361816406,-2.969465648854962,-1.1221374045801527,0.9236641221374046,24.906470588235294
1761619125,3402.75085 N,08407.11622 W,296.1,11,0.85,0.054,1.57,0.85,0.718260498046875,0.6296750366210937,-9.730035546875,-2.885496183206107,-1.1450381679389312,1.0381679389312977,25.000588235294117
1761619126,3402.75085 N,08407.11622 W,296.1,11,0.85,0.054,1.57,0.85,0.5267243652343749,0.7924807495117187,-9.753977563476562,-2.9236641221374047,-1.083969465648855,1.0763358778625953,25.04764705882353
1761619127,3402.75085 N,08407.11622 W,296.1,11,0.85,0.054,1.57,0.85,0.45968671875,0.7924807495117187,-9.7683427734375,-2.854961832061069,-0.9465648854961832,0.9847328244274809,24.906470588235294
1761619128,3402.75085 N,08407.11622 W,296.1,11,0.85,0.054,1.57,0.85,0.5793968017578125,0.7876923461914062,-9.828197814941406,-2.7786259541984735,-1.0916030534351144,0.9770992366412213,25.000588235294117
1761619129,3402.75085 N,08407.11622 W,296.1,11,0.85,0.054,1.57,0.85,0.5027823486328125,0.7541735229492187,-9.775525378417969,-2.9923664122137406,-1.0610687022900764,1.2900763358778626,24.953529411764706
1761619130,3402.75085 N,08407.11622 W,296.1,11,0.85,0.054,1.57,0.85,0.4740519287109375,0.7972691528320313,-9.74200655517578,-2.854961832061069,-1.0916030534351144,0.9465648854961832,25.000588235294117
1761619131,3402.75085 N,08407.11622 W,296.1,11,0.85,0.055,1.57,0.85,0.6177040283203125,0.9074024291992187,-9.682151513671874,-2.946564885496183,-1.083969465648855,1.0,24.953529411764706
1761619132,3402.75085 N,08407.11622 W,296.1,11,0.85,0.055,1.57,0.85,0.5961562133789062,0.8188169677734375,-9.720458740234374,-3.1068702290076335,-0.9694656488549618,1.2671755725190839,24.906470588235294
1761619133,3402.75091 N,08407.11623 W,296.2,11,0.85,0.055,1.57,0.85,0.5219359619140624,0.7158662963867187,-9.6917283203125,-2.7557251908396947,-1.1755725190839694,0.9770992366412213,24.906470588235294
1761619134,3402.75091 N,08407.11623 W,296.2,11,0.85,0.055,1.57,0.85,0.6009446166992187,0.7398083129882812,-9.86411083984375,-2.854961832061069,-1.1526717557251909,1.1221374045801527,25.04764705882353
1761619135,3402.75091 N,08407.11623 W,296.2,11,0.85,0.055,1.57,0.85,0.5219359619140624,0.7996633544921875,-9.782707983398437,-2.8702290076335877,-0.9465648854961832,1.0687022900763359,24.906470588235294
1761619136,3402.75091 N,08407.11623 W,296.2,11,0.85,0.055,1.57,0.85,0.48123453369140623,0.7541735229492187,-9.715670336914062,-2.877862595419847,-0.9618320610687023,1.1221374045801527,25.04764705882353
1761619137,3402.75091 N,08407.11623 W,296.2,11,0.85,0.055,1.57,0.85,0.5626373901367188,0.814028564453125,-9.765948571777344,-2.900763358778626,-0.8778625954198473,1.015267175572519,25.000588235294117
1761619138,3402.75091 N,08407.11623 W,296.2,11,0.85,0.055,1.57,0.85,0.5961562133789062,0.9145850341796874,-9.756371765136718,-2.877862595419847,-0.8702290076335878,1.0610687022900764,25.000588235294117
1761619139,3402.75091 N,08407.11623 W,296.2,11,0.85,0.033,1.57,0.85,0.5961562133789062,0.7637503295898437,-9.696516723632811,-2.9923664122137406,-1.1068702290076335,0.9083969465648855,25.000588235294117
1761619140,3402.75091 N,08407.11623 W,296.2,11,0.85,0.033,1.57,0.85,0.5793968017578125,0.6200982299804687,-9.758765966796874,-2.015267175572519,-0.9923664122137404,0.366412213740458,25.000588235294117
1761619141,3402.75092 N,08407.11623 W,296.5,11,0.85,0.033,1.57,0.85,0.5674257934570313,0.7709329345703124,-9.801861596679688,-2.8625954198473282,-1.2366412213740459,1.0610687022900764,25.000588235294117
1761619142,3402.75092 N,08407.11623 W,296.5,11,0.85,0.033,1.57,0.85,0.6177040283203125,0.7781155395507812,-9.732429748535155,-2.969465648854962,-1.1068702290076335,1.0534351145038168,24.953529411764706
1761619143,3402.75092 N,08407.11623 W,296.5,11,0.85,0.033,1.57,0.85,0.5913678100585937,0.7733271362304687,-9.686939916992188,-2.885496183206107,-1.1297709923664123,1.0305343511450382,24.953529411764706
1761619144,3402.75092 N,08407.11623 W,296.5,11,0.85,0.033,1.57,0.85,0.612915625,0.7972691528320313,-9.842563024902343,-2.9236641221374047,-1.1526717557251909,0.9847328244274809,25.000588235294117
1761619145,3402.75092 N,08407.11623 W,296.5,11,0.85,0.033,1.57,0.85,0.5961562133789062,0.8283937744140625,-9.701305126953125,-3.0229007633587788,-1.1221374045801527,0.9694656488549618,24.953529411764706
1761619146,3402.75092 N,08407.11623 W,296.5,11,0.85,0.033,1.57,0.85,0.622492431640625,0.7924807495117187,-9.730035546875,-3.015267175572519,-1.083969465648855,1.1221374045801527,24.953529411764706
1761619147,3402.75092 N,08407.11623 W,296.5,11,0.85,0.021,1.57,0.85,0.5458779785156249,0.7996633544921875,-9.710881933593749,-3.114503816793893,-1.0763358778625953,1.0763358778625953,24.859411764705882
1761619148,3402.75092 N,08407.11623 W,296.5,11,0.85,0.021,1.57,0.85,0.5626373901367188,0.7900865478515624,-9.749189160156249,-2.969465648854962,-1.0687022900763359,1.297709923664122,25.09470588235294
1761619149,3402.75096 N,08407.11623 W,296.8,11,0.85,0.021,1.57,0.85,0.46686932373046874,0.8044517578125,-9.777919580078125,-2.8473282442748094,-1.015267175572519,1.0687022900763359,24.953529411764706
1761619150,3402.75096 N,08407.11623 W,296.8,11,0.85,0.021,1.57,0.85,0.6296750366210937,0.8044517578125,-9.720458740234374,-2.9923664122137406,-1.1374045801526718,1.2061068702290076,25.000588235294117
1761619151,3402.75096 N,08407.11623 W,296.8,11,0.85,0.021,1.57,0.85,0.5889736083984375,0.612915625,-9.811438403320311,-2.7709923664122136,-0.9770992366412213,0.9770992366412213,25.04764705882353
1761619152,3402.75096 N,08407.11623 W,296.8,11,0.85,0.021,1.57,0.85,0.5578489868164063,0.7972691528320313,-9.672574707031249,-2.969465648854962,-1.282442748091603,1.0229007633587786,24.953529411764706
1761619153,3402.75096 N,08407.11623 W,296.8,11,0.85,0.021,1.57,0.85,0.59376201171875,0.7493851196289062,-9.718064538574218,-3.053435114503817,-1.0458015267175573,1.1984732824427482,25.000588235294117
1761619154,3402.75096 N,08407.11623 W,296.8,11,0.85,0.021,1.57,0.85,0.5865794067382812,0.7924807495117187,-9.773131176757811,-3.0381679389312977,-1.2061068702290076,0.8702290076335878,25.000588235294117
1761619155,3402.75096 N,08407.11623 W,296.8,11,0.85,0.058,1.57,0.85,0.5530605834960938,0.833182177734375,-9.813832604980469,-2.8091603053435112,-1.1221374045801527,1.015267175572519,25.04764705882353
1761619156,3402.75096 N,08407.11623 W,296.8,11,0.85,0.058,1.57,0.85,0.5817910034179687,0.8906430175781249,-9.725247143554688,-2.7480916030534353,-0.9770992366412213,0.9236641221374046,24.906470588235294
1761619157,3402.75098 N,08407.11625 W,297.0,11,0.85,0.058,1.57,0.85,0.6416460449218749,0.8068459594726562,-9.720458740234374,-2.900763358778626,-1.3282442748091603,1.0229007633587786,24.906470588235294
1761619158,3402.75098 N,08407.11625 W,297.0,11,0.85,0.058,1.57,0.85,0.612915625,0.622492431640625,-9.821015209960937,-2.9083969465648853,-0.8473282442748091,1.015267175572519,24.953529411764706
1761619159,3402.75098 N,08407.11625 W,297.0,11,0.85,0.058,1.57,0.85,0.5770026000976562,0.6368576416015624,-9.718064538574218,-2.816793893129771,-1.099236641221374,0.9541984732824428,24.953529411764706
1761619160,3402.75098 N,08407.11625 W,297.0,11,0.85,0.058,1.57,0.85,0.584185205078125,0.7805097412109374,-9.87608184814453,-2.6259541984732824,-0.9389312977099237,0.8625954198473282,25.000588235294117
1761619161,3402.75098 N,08407.11625 W,297.0,11,0.85,0.058,1.57,0.85,0.565031591796875,0.7541735229492187,-9.725247143554688,-2.9618320610687023,-1.213740458015267,0.9694656488549618,24.906470588235294
1761619162,3402.75098 N,08407.11625 W,297.0,11,0.85,0.058,1.57,0.85,0.5770026000976562,0.7852981445312499,-9.720458740234374,-2.6564885496183206,-1.2366412213740459,1.0076335877862594,25.000588235294117
1761619163,3402.75098 N,08407.11625 W,297.0,11,0.85,0.070,1.57,0.85,0.612915625,0.7781155395507812,-9.782707983398437,-2.9160305343511452,-1.1450381679389312,0.9847328244274809,25.000588235294117
1761619164,3402.75098 N,08407.11625 W,297.0,11,0.85,0.070,1.57,0.85,0.6081272216796875,0.8212111694335937,-9.792284790039062,-2.8702290076335877,-0.9236641221374046,1.1068702290076335,24.953529411764706
1761619165,3402.75101 N,08407.11621 W,297.3,11,0.85,0.070,1.57,0.85,0.5865794067382812,0.7829039428710937,-9.670180505371093,-2.9160305343511452,-0.9541984732824428,0.9694656488549618,25.000588235294117
1761619166,3402.75101 N,08407.11621 W,297.3,11,0.85,0.070,1.57,0.85,0.6009446166992187,0.7829039428710937,-9.734823950195311,-2.931297709923664,-0.9770992366412213,1.0610687022900764,25.000588235294117
1761619167,3402.75101 N,08407.11621 W,297.3,11,0.85,0.070,1.57,0.85,0.5698199951171875,0.8116343627929687,-9.682151513671874,-2.8702290076335877,-1.0687022900763359,0.8549618320610687,25.04764705882353
1761619168,3402.75101 N,08407.11621 W,297.3,11,0.85,0.070,1.57,0.85,0.4860229370117187,0.8020575561523438,-9.763554370117188,-3.2519083969465647,-0.9770992366412213,1.0610687022900764,25.000588235294117
1761619169,3402.75101 N,08407.11621 W,297.3,11,0.85,0.070,1.57,0.85,0.6081272216796875,0.7900865478515624,-9.78031378173828,-3.0,-1.0,0.9312977099236641,25.000588235294117
1761619170,3402.75101 N,08407.11621 W,297.3,11,0.85,0.070,1.57,0.85,0.5770026000976562,0.8259995727539062,-9.76116016845703,-2.900763358778626,-1.1145038167938932,1.2671755725190839,25.04764705882353
1761619171,3402.75101 N,08407.11621 W,297.3,11,0.85,0.052,1.57,0.85,0.6512228515624999,0.7829039428710937,-9.821015209960937,-2.5801526717557253,-0.8778625954198473,0.816793893129771,24.906470588235294
1761619172,3402.75101 N,08407.11621 W,297.3,11,0.85,0.052,1.57,0.85,0.5602431884765625,0.7924807495117187,-9.715670336914062,-2.931297709923664,-1.1221374045801527,0.9465648854961832,25.000588235294117
1761619173,3402.75103 N,08407.11614 W,297.7,11,0.85,0.052,1.57,0.85,0.5626373901367188,0.814028564453125,-9.756371765136718,-2.969465648854962,-1.0229007633587786,0.9770992366412213,24.953529411764706
1761619174,3402.75103 N,08407.11614 W,297.7,11,0.85,0.052,1.57,0.85,0.59376201171875,0.8858546142578124,-9.686939916992188,-3.015267175572519,-1.1068702290076335,1.0,24.906470588235294
1761619175,3402.75103 N,08407.11614 W,297.7,11,0.85,0.052,1.57,0.85,0.5602431884765625,0.9026140258789062,-9.70369932861328,-2.7786259541984735,-1.015267175572519,0.916030534351145,24.953529411764706
1761619176,3402.75103 N,08407.11614 W,297.7,11,0.85,0.052,1.57,0.85,0.5770026000976562,0.7948749511718749,-9.8449572265625,-2.984732824427481,-1.083969465648855,1.1068702290076335,25.000588235294117
1761619177,3402.75103 N,08407.11614 W,297.7,11,0.85,0.052,1.57,0.85,0.5506663818359374,0.7876923461914062,-9.715670336914062,-3.045801526717557,-1.083969465648855,1.282442748091603,25.000588235294117
1761619178,3402.75103 N,08407.11614 W,297.7,11,0.85,0.052,1.57,0.85,0.5889736083984375,0.7900865478515624,-9.775525378417969,-2.8625954198473282,-1.0916030534351144,0.9694656488549618,24.953529411764706
1761619179,3402.75103 N,08407.11614 W,297.7,11,0.85,0.040,1.57,0.85,0.584185205078125,0.7900865478515624,-9.674968908691406,-2.9923664122137406,-1.1374045801526718,1.16793893129771,25.000588235294117
1761619180,3402.75103 N,08407.11614 W,297.7,11,0.85,0.040,1.57,0.85,0.5291185668945312,0.7589619262695312,-9.674968908691406,-3.0763358778625953,-0.9389312977099237,1.0381679389312977,25.04764705882353
1761619181,3402.75104 N,08407.11612 W,298.0,11,0.85,0.040,1.57,0.85,0.47884033203125,0.8499415893554687,-9.777919580078125,-2.5877862595419847,-1.0305343511450382,1.0076335877862594,25.04764705882353
1761619182,3402.75104 N,08407.11612 W,298.0,11,0.85,0.040,1.57,0.85,0.59376201171875,0.9050082275390624,-9.765948571777344,-2.7404580152671754,-1.1221374045801527,0.9389312977099237,25.04764705882353
1761619183,3402.75104 N,08407.11612 W,298.0,11,0.85,0.040,1.57,0.85,0.6081272216796875,0.9121908325195311,-9.70369932861328,-2.381679389312977,-0.8778625954198473,0.3053435114503817,25.000588235294117
1761619184,3402.75104 N,08407.11612 W,298.0,11,0.85,0.040,1.57,0.85,0.5889736083984375,0.7517793212890624,-9.65342109375,-3.122137404580153,-1.1450381679389312,1.4961832061068703,25.000588235294117
1761619185,3402.75104 N,08407.11612 W,298.0,11,0.85,0.040,1.57,0.85,0.5913678100585937,0.8020575561523438,-9.679757312011718,-2.885496183206107,-1.0229007633587786,1.1221374045801527,25.04764705882353
1761619186,3402.75104 N,08407.11612 W,298.0,11,0.85,0.040,1.57,0.85,0.5051765502929687,0.7733271362304687,-9.78031378173828,-2.4656488549618323,-0.7862595419847328,0.7709923664122137,25.000588235294117
1761619187,3402.75104 N,08407.11612 W,298.0,11,0.85,0.019,1.57,0.85,0.5746083984375,0.8475473876953125,-9.70369932861328,-2.9923664122137406,-1.2061068702290076,0.7404580152671756,25.000588235294117
1761619188,3402.75104 N,08407.11612 W,298.0,11,0.85,0.019,1.57,0.85,0.59376201171875,0.7302315063476562,-9.651026892089844,-2.50381679389313,-1.0763358778625953,0.7175572519083969,25.000588235294117
1761619189,3402.75105 N,08407.11616 W,298.2,11,0.85,0.019,1.57,0.85,0.6081272216796875,0.8355763793945312,-9.662997900390625,-2.9389312977099236,-0.9847328244274809,1.099236641221374,25.09470588235294
1761619190,3402.75105 N,08407.11616 W,298.2,11,0.85,0.019,1.57,0.85,0.5913678100585937,0.7805097412109374,-9.789890588378906,-2.877862595419847,-1.0916030534351144,1.0610687022900764,25.141764705882352
1761619191,3402.75105 N,08407.11616 W,298.2,11,0.85,0.019,1.57,0.85,0.5722141967773438,0.9074024291992187,-9.797073193359374,-3.0839694656488548,-1.1908396946564885,1.0229007633587786,24.953529411764706
1761619192,3402.75105 N,08407.11616 W,298.2,11,0.85,0.019,1.57,0.85,0.603338818359375,0.7637503295898437,-9.76116016845703,-2.9923664122137406,-1.0076335877862594,1.1526717557251909,25.04764705882353
1761619193,3402.75105 N,08407.11616 W,298.2,11,0.85,0.019,1.57,0.85,0.5578489868164063,0.7781155395507812,-9.665392102050781,-3.114503816793893,-1.0763358778625953,1.1984732824427482,25.000588235294117
1761619194,3402.75105 N,08407.11616 W,298.2,11,0.85,0.019,1.57,0.85,0.6248866333007812,0.7781155395507812,-9.765948571777344,-2.8931297709923665,-1.0076335877862594,0.9770992366412213,24.953529411764706
1761619195,3402.75105 N,08407.11616 W,298.2,11,0.85,0.055,1.57,0.85,0.7445967163085937,0.7757213378906249,-9.6917283203125,-3.1755725190839694,-1.0687022900763359,1.1297709923664123,25.09470588235294
1761619196,3402.75105 N,08407.11616 W,298.2,11,0.85,0.055,1.57,0.85,0.7613561279296874,0.7757213378906249,-9.698910925292969,-3.0076335877862594,-1.2366412213740459,1.2595419847328244,25.000588235294117
1761619197,3402.75104 N,08407.11618 W,298.6,11,0.85,0.055,1.57,0.85,0.6703764648437499,0.7326257080078125,-9.758765966796874,-2.9160305343511452,-0.916030534351145,0.8320610687022901,25.000588235294117
1761619198,3402.75104 N,08407.11618 W,298.6,11,0.85,0.055,1.57,0.85,0.5913678100585937,0.7565677246093749,-9.797073193359374,-2.8473282442748094,-0.9770992366412213,1.099236641221374,25.000588235294117
1761619199,3402.75104 N,08407.11618 W,298.6,11,0.85,0.055,1.57,0.85,0.6392518432617187,0.8164227661132812,-9.734823950195311,-2.8091603053435112,-1.16793893129771,1.0305343511450382,24.953529411764706
1761619200,3402.75104 N,08407.11618 W,298.6,11,0.85,0.055,1.57,0.85,0.612915625,0.737414111328125,-9.720458740234374,-2.984732824427481,-1.0763358778625953,0.9541984732824428,25.000588235294117
1761619201,3402.75104 N,08407.11618 W,298.6,11,0.85,0.055,1.57,0.85,0.6081272216796875,0.7900865478515624,-9.804255798339844,-2.816793893129771,-1.0534351145038168,1.0534351145038168,25.000588235294117
1761619202,3402.75104 N,08407.11618 W,298.6,11,0.85,0.055,1.57,0.85,0.7278373046875,0.7900865478515624,-9.773131176757811,-3.0076335877862594,-1.16793893129771,0.8854961832061069,24.953529411764706
1761619203,3402.75104 N,08407.11618 W,298.6,11,0.85,0.083,1.57,0.85,0.612915625,0.7876923461914062,-9.804255798339844,-2.7786259541984735,-1.0458015267175573,1.1221374045801527,25.04764705882353
1761619204,3402.75104 N,08407.11618 W,298.6,11,0.85,0.083,1.57,0.85,0.6009446166992187,0.8212111694335937,-9.804255798339844,-2.946564885496183,-1.1603053435114503,1.2442748091603053,25.04764705882353
1761619205,3402.75105 N,08407.11617 W,298.9,11,0.85,0.083,1.57,0.85,0.612915625,0.7709329345703124,-9.770736975097655,-3.1068702290076335,-0.9847328244274809,1.5038167938931297,24.953529411764706
1761619206,3402.75105 N,08407.11617 W,298.9,11,0.85,0.083,1.57,0.85,0.5434837768554687,0.8044517578125,-9.763554370117188,-2.969465648854962,-0.9312977099236641,1.3435114503816794,24.906470588235294
1761619207,3402.75105 N,08407.11617 W,298.9,11,0.85,0.083,1.57,0.85,0.5386953735351562,0.6607996582031249,-9.787496386718749,-2.763358778625954,-1.1145038167938932,1.015267175572519,25.000588235294117
1761619208,3402.75105 N,08407.11617 W,298.9,11,0.85,0.083,1.57,0.85,0.5339069702148437,0.7445967163085937,-9.655815295410155,-2.8931297709923665,-1.1526717557251909,0.9083969465648855,25.04764705882353
1761619209,3402.75105 N,08407.11617 W,298.9,11,0.85,0.083,1.57,0.85,0.6607996582031249,0.7422025146484375,-9.828197814941406,-2.7938931297709924,-0.916030534351145,0.8625954198473282,24.906470588235294
1761619210,3402.75105 N,08407.11617 W,298.9,11,0.85,0.083,1.57,0.85,0.5865794067382812,0.8044517578125,-9.758765966796874,-2.9389312977099236,-1.083969465648855,1.2061068702290076,25.141764705882352
1761619211,3402.75105 N,08407.11617 W,298.9,11,0.85,0.105,1.57,0.85,0.469263525390625,0.8283937744140625,-9.801861596679688,-3.312977099236641,-1.1450381679389312,1.4198473282442747,24.906470588235294
1761619212,3402.75105 N,08407.11617 W,298.9,11,0.85,0.105,1.57,0.85,0.6416460449218749,0.814028564453125,-9.68454571533203,-2.9389312977099236,-1.0305343511450382,1.083969465648855,25.000588235294117
1761619213,3402.75105 N,08407.11616 W,299.1,11,0.85,0.105,1.57,0.85,0.737414111328125,0.8667010009765624,-9.80665,-2.8702290076335877,-1.099236641221374,0.8625954198473282,24.906470588235294
1761619214,3402.75105 N,08407.11616 W,299.1,11,0.85,0.105,1.57,0.85,0.5865794067382812,0.7948749511718749,-9.720458740234374,-2.7557251908396947,-1.16793893129771,0.9312977099236641,24.906470588235294
1761619215,3402.75105 N,08407.11616 W,299.1,11,0.85,0.105,1.57,0.85,0.5626373901367188,0.7948749511718749,-9.679757312011718,-3.0763358778625953,-1.1145038167938932,1.0458015267175573,24.906470588235294
1761619216,3402.75105 N,08407.11616 W,299.1,11,0.85,0.105,1.57,0.85,0.5889736083984375,0.7757213378906249,-9.782707983398437,-2.8244274809160306,-1.1374045801526718,1.1984732824427482,24.953529411764706
1761619218,3402.75105 N,08407.11616 W,299.1,11,0.85,0.105,1.57,0.85,0.6153098266601562,0.8403647827148437,-9.809044201660155,-3.0839694656488548,-1.0534351145038168,1.2671755725190839,25.000588235294117
1761619219,3402.75105 N,08407.11616 W,299.1,11,0.85,0.105,1.57,0.85,0.45968671875,0.7948749511718749,-9.758765966796874,-3.0076335877862594,-1.0916030534351144,1.1603053435114503,25.04764705882353
1761619220,3402.75105 N,08407.11616 W,299.1,11,0.85,0.063,1.57,0.85,0.63206923828125,0.6200982299804687,-9.706093530273437,-2.9618320610687023,-1.0458015267175573,1.213740458015267,24.953529411764706
1761619221,3402.75105 N,08407.11616 W,299.1,11,0.85,0.063,1.57,0.85,0.45968671875,0.8164227661132812,-9.734823950195311,-2.9160305343511452,-1.0458015267175573,0.9694656488549618,25.000588235294117
1761619222,3402.75104 N,08407.11618 W,299.2,11,0.85,0.063,1.57,0.85,0.6392518432617187,0.7206546997070312,-9.737218151855469,-2.9923664122137406,-1.0076335877862594,1.0763358778625953,24.953529411764706
1761619223,3402.75104 N,08407.11618 W,299.2,11,0.85,0.063,1.57,0.85,0.5817910034179687,0.7852981445312499,-9.777919580078125,-2.9389312977099236,-1.1221374045801527,1.0076335877862594,24.906470588235294
1761619224,3402.75104 N,08407.11618 W,299.2,11,0.85,0.063,1.57,0.85,0.5602431884765625,0.7781155395507812,-9.746794958496093,-2.763358778625954,-1.1374045801526718,0.9923664122137404,24.906470588235294
1761619225,3402.75104 N,08407.11618 W,299.2,11,0.85,0.063,1.57,0.85,0.5363011718749999,0.9169792358398436,-9.710881933593749,-2.931297709923664,-1.282442748091603,0.9083969465648855,24.906470588235294
1761619226,3402.75104 N,08407.11618 W,299.2,11,0.85,0.063,1.57,0.85,0.5985504150390625,0.9169792358398436,-9.739612353515625,-2.969465648854962,-1.0534351145038168,1.183206106870229,25.000588235294117
1761619227,3402.75104 N,08407.11618 W,299.2,11,0.85,0.063,1.57,0.85,0.6416460449218749,0.7733271362304687,-9.785102185058593,-3.0229007633587788,-0.9694656488549618,0.9618320610687023,25.09470588235294
1761619228,3402.75104 N,08407.11618 W,299.2,11,0.85,0.016,1.57,0.85,0.5889736083984375,0.842758984375,-9.782707983398437,-2.9083969465648853,-1.0229007633587786,0.8320610687022901,24.953529411764706
1761619229,3402.75104 N,08407.11618 W,299.2,11,0.85,0.016,1.57,0.85,0.5363011718749999,0.7781155395507812,-9.749189160156249,-3.0,-1.083969465648855,0.9083969465648855,25.000588235294117
1761619230,3402.75102 N,08407.11620 W,299.3,11,0.85,0.016,1.57,0.85,0.6153098266601562,0.7948749511718749,-9.720458740234374,-2.946564885496183,-0.9923664122137404,1.3053435114503817,25.04764705882353
1761619231,3402.75102 N,08407.11620 W,299.3,11,0.85,0.016,1.57,0.85,0.5793968017578125,0.8092401611328125,-9.758765966796874,-2.6564885496183206,-0.9923664122137404,0.9847328244274809,24.953529411764706
1761619232,3402.75102 N,08407.11620 W,299.3,11,0.85,0.016,1.57,0.85,0.5530605834960938,0.7709329345703124,-9.813832604980469,-2.931297709923664,-1.183206106870229,1.0458015267175573,24.953529411764706
1761619233,3402.75102 N,08407.11620 W,299.3,11,0.85,0.016,1.57,0.85,0.5698199951171875,0.7589619262695312,-9.682151513671874,-3.351145038167939,-1.1221374045801527,1.3587786259541985,24.859411764705882
1761619234,3402.75102 N,08407.11620 W,299.3,11,0.85,0.016,1.57,0.85,0.5961562133789062,0.7900865478515624,-9.928754284667969,-2.7251908396946565,-1.4198473282442747,0.6793893129770993,24.953529411764706
1761619235,3402.75102 N,08407.11620 W,299.3,11,0.85,0.016,1.57,0.85,0.5602431884765625,0.7589619262695312,-9.70369932861328,-2.900763358778626,-1.0458015267175573,1.0229007633587786,24.953529411764706
1761619236,3402.75102 N,08407.11620 W,299.3,11,0.85,0.073,1.57,0.85,0.5770026000976562,0.8906430175781249,-9.852139831542969,-3.198473282442748,-1.015267175572519,0.9541984732824428,25.000588235294117
1761619237,3402.75102 N,08407.11620 W,299.3,11,0.85,0.073,1.57,0.85,0.5961562133789062,0.8810662109374999,-9.694122521972655,-2.877862595419847,-1.0076335877862594,1.1068702290076335,24.953529411764706
1761619238,3402.75101 N,08407.11625 W,299.4,11,0.85,0.073,1.57,0.85,0.6105214233398437,0.8092401611328125,-9.787496386718749,-3.0610687022900764,-1.083969465648855,1.099236641221374,24.953529411764706
1761619239,3402.75101 N,08407.11625 W,299.4,11,0.85,0.073,1.57,0.85,0.5410895751953124,0.7709329345703124,-9.746794958496093,-2.931297709923664,-0.8549618320610687,1.015267175572519,24.906470588235294
1761619240,3402.75101 N,08407.11625 W,299.4,11,0.85,0.073,1.57,0.85,0.469263525390625,0.6440402465820312,-9.734823950195311,-2.6106870229007635,-1.0916030534351144,0.9770992366412213,25.000588235294117
1761619241,3402.75101 N,08407.11625 W,299.4,11,0.85,0.073,1.57,0.85,0.59376201171875,0.718260498046875,-9.737218151855469,-2.984732824427481,-1.2061068702290076,1.099236641221374,25.000588235294117
1761619242,3402.75101 N,08407.11625 W,299.4,11,0.85,0.073,1.57,0.85,0.612915625,0.7876923461914062,-9.7683427734375,-2.7709923664122136,-1.0076335877862594,1.1755725190839694,25.04764705882353
1761619243,3402.75101 N,08407.11625 W,299.4,11,0.85,0.073,1.57,0.85,0.5602431884765625,0.8355763793945312,-9.737218151855469,-3.4198473282442747,-1.2442748091603053,1.4045801526717556,24.953529411764706
1761619244,3402.75101 N,08407.11625 W,299.4,11,0.85,0.176,1.57,0.85,0.6248866333007812,0.8116343627929687,-9.763554370117188,-2.9389312977099236,-1.0229007633587786,1.0534351145038168,24.906470588235294
1761619245,3402.75101 N,08407.11625 W,299.4,11,0.85,0.176,1.57,0.85,0.6440402465820312,0.679953271484375,-9.749189160156249,-2.4656488549618323,-0.5343511450381679,0.7175572519083969,25.04764705882353
1761619246,3402.75100 N,08407.11632 W,299.4,11,0.85,0.176,1.57,0.85,0.5458779785156249,0.8020575561523438,-9.636661682128906,-3.1297709923664123,-1.1908396946564885,1.282442748091603,25.09470588235294
1761619247,3402.75100 N,08407.11632 W,299.4,11,0.85,0.176,1.57,0.85,0.5889736083984375,0.9169792358398436,-9.751583361816406,-2.66412213740458,-1.16793893129771,0.6259541984732825,25.000588235294117
1761619248,3402.75100 N,08407.11632 W,299.4,11,0.85,0.176,1.57,0.85,0.5746083984375,0.7996633544921875,-9.706093530273437,-3.16793893129771,-1.297709923664122,1.1221374045801527,25.000588235294117
1761619249,3402.75100 N,08407.11632 W,299.4,11,0.85,0.176,1.57,0.85,0.5722141967773438,0.7589619262695312,-9.892841259765625,-2.66412213740458,-0.9923664122137404,0.4351145038167939,24.906470588235294
1761619250,3402.75100 N,08407.11632 W,299.4,11,0.85,0.176,1.57,0.85,0.584185205078125,0.7805097412109374,-9.713276135253906,-3.1603053435114505,-1.16793893129771,1.183206106870229,24.906470588235294
1761619251,3402.75100 N,08407.11632 W,299.4,11,0.85,0.176,1.57,0.85,0.603338818359375,0.8259995727539062,-9.785102185058593,-2.9770992366412212,-1.1603053435114503,1.3587786259541985,24.906470588235294
1761619252,3402.75100 N,08407.11632 W,299.4,11,0.85,0.162,1.57,0.85,0.5889736083984375,0.7637503295898437,-9.789890588378906,-2.8396946564885495,-1.3740458015267176,1.2290076335877862,24.953529411764706
1761619253,3402.75100 N,08407.11632 W,299.4,11,0.85,0.162,1.57,0.85,0.7565677246093749,0.7613561279296874,-9.698910925292969,-2.946564885496183,-1.0229007633587786,1.1603053435114503,24.953529411764706
1761619254,3402.75101 N,08407.11637 W,299.3,11,0.85,0.162,1.57,0.85,0.6177040283203125,0.8499415893554687,-9.777919580078125,-2.969465648854962,-1.1221374045801527,0.7786259541984732,24.906470588235294
1761619255,3402.75101 N,08407.11637 W,299.3,11,0.85,0.162,1.57,0.85,0.5865794067382812,0.8044517578125,-9.782707983398437,-2.7404580152671754,-1.1908396946564885,0.9007633587786259,24.81235294117647
1761619256,3402.75101 N,08407.11637 W,299.3,11,0.85,0.162,1.57,0.85,0.5746083984375,0.7757213378906249,-9.792284790039062,-2.885496183206107,-1.0076335877862594,1.2061068702290076,24.906470588235294
1761619257,3402.75101 N,08407.11637 W,299.3,11,0.85,0.162,1.57,0.85,0.5626373901367188,0.7302315063476562,-9.801861596679688,-2.900763358778626,-1.083969465648855,1.1526717557251909,25.000588235294117
1761619258,3402.75101 N,08407.11637 W,299.3,11,0.85,0.162,1.57,0.85,0.5578489868164063,0.7613561279296874,-9.662997900390625,-3.0763358778625953,-1.1297709923664123,1.0305343511450382,25.000588235294117
1761619259,3402.75101 N,08407.11637 W,299.3,11,0.85,0.162,1.57,0.85,0.7637503295898437,0.7805097412109374,-9.739612353515625,-3.0381679389312977,-1.0763358778625953,1.0763358778625953,24.953529411764706
1761619260,3402.75101 N,08407.11637 W,299.3,11,0.85,0.131,1.57,0.85,0.5793968017578125,0.7781155395507812,-9.739612353515625,-2.8244274809160306,-1.2900763358778626,1.0305343511450382,24.81235294117647
1761619261,3402.75101 N,08407.11637 W,299.3,11,0.85,0.131,1.57,0.85,0.7637503295898437,0.7781155395507812,-9.730035546875,-2.984732824427481,-1.251908396946565,1.251908396946565,24.953529411764706
1761619262,3402.75097 N,08407.11641 W,299.5,11,0.85,0.131,1.57,0.85,0.6057330200195312,0.6631938598632812,-9.689334118652344,-2.8473282442748094,-1.1068702290076335,1.2290076335877862,24.906470588235294
1761619263,3402.75097 N,08407.11641 W,299.5,11,0.85,0.131,1.57,0.85,0.7398083129882812,0.8164227661132812,-9.928754284667969,-2.687022900763359,-1.1755725190839694,0.8015267175572519,24.906470588235294
1761619264,3402.75097 N,08407.11641 W,299.5,11,0.85,0.131,1.57,0.85,0.5722141967773438,0.7637503295898437,-9.732429748535155,-2.9236641221374047,-1.083969465648855,1.0534351145038168,25.000588235294117
1761619265,3402.75097 N,08407.11641 W,299.5,11,0.85,0.131,1.57,0.85,0.565031591796875,0.7900865478515624,-9.665392102050781,-3.030534351145038,-1.1145038167938932,1.2061068702290076,25.09470588235294
1761619266,3402.75097 N,08407.11641 W,299.5,11,0.85,0.131,1.57,0.85,0.6081272216796875,0.8116343627929687,-9.737218151855469,-2.9083969465648853,-1.0687022900763359,0.9770992366412213,24.906470588235294
1761619267,3402.75097 N,08407.11641 W,299.5,11,0.85,0.131,1.57,0.85,0.59376201171875,0.8379705810546875,-9.737218151855469,-3.1297709923664123,-1.1526717557251909,1.1374045801526718,24.906470588235294
1761619268,3402.75097 N,08407.11641 W,299.5,11,0.85,0.075,1.57,0.85,0.6105214233398437,0.7757213378906249,-9.792284790039062,-2.9618320610687023,-1.1297709923664123,0.8549618320610687,24.906470588235294
1761619269,3402.75097 N,08407.11641 W,299.5,11,0.85,0.075,1.57,0.85,0.5889736083984375,0.7972691528320313,-9.74200655517578,-2.931297709923664,-1.1145038167938932,0.9541984732824428,25.000588235294117
1761619270,3402.75095 N,08407.11643 W,299.6,11,0.85,0.075,1.57,0.85,0.5578489868164063,0.7613561279296874,-9.68454571533203,-2.9770992366412212,-0.9923664122137404,1.2748091603053435,24.953529411764706
1761619271,3402.75095 N,08407.11643 W,299.6,11,0.85,0.075,1.57,0.85,0.469263525390625,0.7829039428710937,-9.785102185058593,-2.801526717557252,-1.1221374045801527,1.0687022900763359,24.953529411764706
1761619272,3402.75095 N,08407.11643 W,299.6,11,0.85,0.075,1.57,0.85,0.5746083984375,0.8020575561523438,-9.696516723632811,-2.946564885496183,-1.3053435114503817,0.8473282442748091,24.906470588235294
1761619273,3402.75095 N,08407.11643 W,299.6,11,0.85,0.075,1.57,0.85,0.46208092041015625,0.7637503295898437,-9.753977563476562,-2.8702290076335877,-0.9236641221374046,0.8778625954198473,25.000588235294117
1761619274,3402.75095 N,08407.11643 W,299.6,11,0.85,0.075,1.57,0.85,0.5674257934570313,0.8020575561523438,-9.78031378173828,-2.7022900763358777,-1.0,0.916030534351145,24.859411764705882
1761619275,3402.75095 N,08407.11643 W,299.6,11,0.85,0.075,1.57,0.85,0.5386953735351562,0.8044517578125,-9.751583361816406,-2.7404580152671754,-1.0381679389312977,1.015267175572519,24.953529411764706
1761619276,3402.75095 N,08407.11643 W,299.6,11,0.85,0.072,1.57,0.85,0.5482721801757812,0.7709329345703124,-9.710881933593749,-2.9083969465648853,-1.1984732824427482,1.0076335877862594,24.953529411764706
1761619277,3402.75095 N,08407.11643 W,299.6,11,0.85,0.072,1.57,0.85,0.6057330200195312,0.814028564453125,-9.756371765136718,-3.0381679389312977,-1.1221374045801527,1.1603053435114503,24.906470588235294
1761619278,3402.75091 N,08407.11643 W,299.9,11,0.85,0.072,1.57,0.85,0.4836287353515625,0.8379705810546875,-9.775525378417969,-2.854961832061069,-1.1755725190839694,0.9694656488549618,24.953529411764706
1761619279,3402.75091 N,08407.11643 W,299.9,11,0.85,0.072,1.57,0.85,0.5746083984375,0.7493851196289062,-9.725247143554688,-2.8244274809160306,-0.9847328244274809,0.9465648854961832,24.953529411764706
1761619280,3402.75091 N,08407.11643 W,299.9,11,0.85,0.072,1.57,0.85,0.5578489868164063,0.833182177734375,-9.775525378417969,-3.312977099236641,-1.3511450381679388,1.3740458015267176,24.859411764705882
1761619281,3402.75091 N,08407.11643 W,299.9,11,0.85,0.072,1.57,0.85,0.45968671875,0.8188169677734375,-9.734823950195311,-2.900763358778626,-1.0229007633587786,0.916030534351145,24.906470588235294
1761619282,3402.75091 N,08407.11643 W,299.9,11,0.85,0.072,1.57,0.85,0.5770026000976562,0.7278373046875,-9.713276135253906,-2.6717557251908395,-1.015267175572519,1.1221374045801527,24.906470588235294
1761619283,3402.75091 N,08407.11643 W,299.9,11,0.85,0.072,1.57,0.85,0.612915625,0.63206923828125,-9.801861596679688,-3.045801526717557,-1.0305343511450382,1.2671755725190839,24.859411764705882
1761619284,3402.75091 N,08407.11643 W,299.9,11,0.85,0.060,1.57,0.85,0.5602431884765625,0.8212111694335937,-9.830592016601562,-2.946564885496183,-1.083969465648855,0.916030534351145,25.000588235294117
1761619285,3402.75091 N,08407.11643 W,299.9,11,0.85,0.060,1.57,0.85,0.5530605834960938,0.7230489013671875,-9.904812268066406,-3.1297709923664123,-1.0916030534351144,1.213740458015267,25.000588235294117
1761619286,3402.75089 N,08407.11644 W,300.0,11,0.85,0.060,1.57,0.85,0.469263525390625,0.737414111328125,-9.787496386718749,-2.9083969465648853,-1.1603053435114503,1.1221374045801527,24.906470588235294
1761619287,3402.75089 N,08407.11644 W,300.0,11,0.85,0.060,1.57,0.85,0.5602431884765625,0.7852981445312499,-9.78031378173828,-2.9770992366412212,-1.0,1.0076335877862594,24.906470588235294
1761619288,3402.75089 N,08407.11644 W,300.0,11,0.85,0.060,1.57,0.85,0.5961562133789062,0.7709329345703124,-9.763554370117188,-2.9083969465648853,-1.0534351145038168,1.0763358778625953,24.953529411764706
1761619289,3402.75089 N,08407.11644 W,300.0,11,0.85,0.060,1.57,0.85,0.5865794067382812,0.6153098266601562,-9.775525378417969,-2.8244274809160306,-0.9618320610687023,1.2671755725190839,25.04764705882353
1761619290,3402.75089 N,08407.11644 W,300.0,11,0.85,0.060,1.57,0.85,0.6296750366210937,0.7685387329101562,-9.82580361328125,-2.7786259541984735,-1.0,0.9541984732824428,25.000588235294117
1761619291,3402.75089 N,08407.11644 W,300.0,11,0.85,0.060,1.57,0.85,0.46208092041015625,0.6272808349609375,-9.720458740234374,-2.885496183206107,-1.0916030534351144,0.8854961832061069,24.953529411764706
1761619292,3402.75089 N,08407.11644 W,300.0,11,0.85,0.070,1.57,0.85,0.6200982299804687,0.7637503295898437,-9.792284790039062,-3.030534351145038,-1.1221374045801527,1.183206106870229,25.04764705882353
1761619293,3402.75089 N,08407.11644 W,300.0,11,0.85,0.070,1.57,0.85,0.5889736083984375,0.7996633544921875,-9.70369932861328,-2.801526717557252,-1.099236641221374,1.1068702290076335,25.000588235294117
1761619294,3402.75086 N,08407.11647 W,300.2,11,0.85,0.070,1.57,0.85,0.5674257934570313,0.7661445312499999,-9.76116016845703,-2.7786259541984735,-1.1221374045801527,0.8473282442748091,25.04764705882353
1761619295,3402.75086 N,08407.11647 W,300.2,11,0.85,0.070,1.57,0.85,0.6368576416015624,0.7709329345703124,-9.737218151855469,-2.946564885496183,-1.251908396946565,1.0763358778625953,25.000588235294117
1761619296,3402.75086 N,08407.11647 W,300.2,11,0.85,0.070,1.57,0.85,0.5961562133789062,0.6153098266601562,-9.813832604980469,-2.7786259541984735,-0.816793893129771,0.8702290076335878,25.000588235294117
1761619297,3402.75086 N,08407.11647 W,300.2,11,0.85,0.070,1.57,0.85,0.5698199951171875,0.74699091796875,-9.76116016845703,-2.816793893129771,-1.0687022900763359,0.9312977099236641,24.906470588235294
1761619298,3402.75086 N,08407.11647 W,300.2,11,0.85,0.070,1.57,0.85,0.47165772705078124,0.7302315063476562,-9.710881933593749,-2.8091603053435112,-0.8473282442748091,1.0076335877862594,24.906470588235294
1761619299,3402.75086 N,08407.11647 W,300.2,11,0.85,0.070,1.57,0.85,0.5722141967773438,0.7948749511718749,-9.655815295410155,-2.83206106870229,-0.9541984732824428,0.8244274809160306,25.000588235294117
1761619300,3402.75086 N,08407.11647 W,300.2,11,0.85,0.026,1.57,0.85,0.5482721801757812,0.7398083129882812,-9.797073193359374,-2.8396946564885495,-0.6717557251908397,1.015267175572519,24.953529411764706
1761619301,3402.75086 N,08407.11647 W,300.2,11,0.85,0.026,1.57,0.85,0.4740519287109375,0.7326257080078125,-9.746794958496093,-2.801526717557252,-1.099236641221374,1.0763358778625953,24.953529411764706
1761619302,3402.75084 N,08407.11646 W,300.5,11,0.85,0.026,1.57,0.85,0.5602431884765625,0.7781155395507812,-9.756371765136718,-2.8396946564885495,-1.1297709923664123,0.9312977099236641,24.859411764705882
1761619303,3402.75084 N,08407.11646 W,300.5,11,0.85,0.026,1.57,0.85,0.5793968017578125,0.9169792358398436,-9.682151513671874,-2.8091603053435112,-1.0229007633587786,0.8396946564885496,25.000588235294117
1761619304,3402.75084 N,08407.11646 W,300.5,11,0.85,0.026,1.57,0.85,0.5386953735351562,0.7781155395507812,-9.713276135253906,-2.7938931297709924,-1.0916030534351144,1.0229007633587786,24.906470588235294
1761619305,3402.75084 N,08407.11646 W,300.5,11,0.85,0.026,1.57,0.85,0.5793968017578125,0.7948749511718749,-9.70369932861328,-2.969465648854962,-1.1068702290076335,1.1908396946564885,25.000588235294117
1761619306,3402.75084 N,08407.11646 W,300.5,11,0.85,0.026,1.57,0.85,0.5793968017578125,0.7733271362304687,-9.655815295410155,-2.6793893129770994,-1.099236641221374,0.8854961832061069,24.953529411764706
1761619307,3402.75084 N,08407.11646 W,300.5,11,0.85,0.026,1.57,0.85,0.5865794067382812,0.7852981445312499,-9.694122521972655,-2.2900763358778624,-1.0687022900763359,0.5038167938931297,24.953529411764706
1761619308,3402.75084 N,08407.11646 W,300.5,11,0.85,0.014,1.57,0.85,0.5793968017578125,0.7733271362304687,-9.770736975097655,-3.053435114503817,-1.083969465648855,1.0,24.953529411764706
1761619309,3402.75084 N,08407.11646 W,300.5,11,0.85,0.014,1.57,0.85,0.5386953735351562,0.7852981445312499,-9.832986218261718,-2.8625954198473282,-1.0687022900763359,0.8320610687022901,24.953529411764706
1761619310,3402.75083 N,08407.11650 W,300.7,11,0.85,0.014,1.57,0.85,0.603338818359375,0.6248866333007812,-9.6917283203125,-2.9770992366412212,-1.2061068702290076,1.0687022900763359,24.953529411764706
1761619311,3402.75083 N,08407.11650 W,300.7,11,0.85,0.014,1.57,0.85,0.5889736083984375,0.7900865478515624,-9.749189160156249,-2.9389312977099236,-1.0763358778625953,1.083969465648855,24.953529411764706
1761619312,3402.75083 N,08407.11650 W,300.7,11,0.85,0.014,1.57,0.85,0.603338818359375,0.814028564453125,-9.859322436523437,-2.8396946564885495,-1.1297709923664123,1.083969465648855,24.906470588235294
1761619313,3402.75083 N,08407.11650 W,300.7,11,0.85,0.014,1.57,0.85,0.5770026000976562,0.7948749511718749,-9.797073193359374,-2.9236641221374047,-1.1068702290076335,0.9541984732824428,24.953529411764706
1761619314,3402.75083 N,08407.11650 W,300.7,11,0.85,0.014,1.57,0.85,0.5985504150390625,0.7541735229492187,-9.78031378173828,-3.1374045801526718,-1.0687022900763359,1.0076335877862594,24.953529411764706
1761619315,3402.75083 N,08407.11650 W,300.7,11,0.85,0.014,1.57,0.85,0.5770026000976562,0.6655880615234374,-9.730035546875,-2.984732824427481,-1.0458015267175573,1.015267175572519,24.906470588235294
1761619316,3402.75083 N,08407.11650 W,300.7,11,0.85,0.005,1.57,0.85,0.6057330200195312,0.7589619262695312,-9.787496386718749,-2.801526717557252,-1.1755725190839694,0.916030534351145,25.04764705882353
1761619317,3402.75083 N,08407.11650 W,300.7,11,0.85,0.005,1.57,0.85,0.7350199096679687,0.7398083129882812,-9.797073193359374,-2.8625954198473282,-1.213740458015267,1.1755725190839694,24.906470588235294
1761619318,3402.75082 N,08407.11651 W,301.0,11,0.85,0.005,1.57,0.85,0.5626373901367188,0.7996633544921875,-9.64623848876953,-2.900763358778626,-0.8549618320610687,0.9847328244274809,24.953529411764706
1761619319,3402.75082 N,08407.11651 W,301.0,11,0.85,0.005,1.57,0.85,0.612915625,0.7900865478515624,-9.797073193359374,-2.66412213740458,-0.9618320610687023,1.0,25.04764705882353
1761619320,3402.75082 N,08407.11651 W,301.0,11,0.85,0.005,1.57,0.85,0.5506663818359374,0.8690952026367187,-9.756371765136718,-2.946564885496183,-1.0,0.9618320610687023,24.953529411764706
1761619321,3402.75082 N,08407.11651 W,301.0,11,0.85,0.005,1.57,0.85,0.6009446166992187,0.6177040283203125,-9.658209497070311,-3.0916030534351147,-1.2061068702290076,0.916030534351145,25.000588235294117
1761619322,3402.75082 N,08407.11651 W,301.0,11,0.85,0.005,1.57,0.85,0.5770026000976562,0.7661445312499999,-9.732429748535155,-2.9389312977099236,-1.0305343511450382,1.083969465648855,24.906470588235294
1761619323,3402.75082 N,08407.11651 W,301.0,11,0.85,0.005,1.57,0.85,0.6512228515624999,0.7254431030273437,-9.725247143554688,-3.0916030534351147,-1.0534351145038168,1.2442748091603053,24.906470588235294
1761619324,3402.75082 N,08407.11651 W,301.0,11,0.85,0.011,1.57,0.85,0.63206923828125,0.7422025146484375,-9.727641345214844,-3.2519083969465647,-1.1526717557251909,1.2900763358778626,25.000588235294117
1761619325,3402.75082 N,08407.11651 W,301.0,11,0.85,0.011,1.57,0.85,0.6177040283203125,0.7852981445312499,-9.74200655517578,-2.969465648854962,-1.450381679389313,1.3129770992366412,24.953529411764706
1761619326,3402.75080 N,08407.11653 W,301.2,10,0.90,0.011,1.57,0.85,0.5626373901367188,0.7948749511718749,-9.739612353515625,-2.8625954198473282,-1.1068702290076335,0.9389312977099237,24.953529411764706
1761619327,3402.75080 N,08407.11653 W,301.2,10,0.90,0.011,1.63,0.90,0.737414111328125,0.9050082275390624,-9.773131176757811,-3.053435114503817,-0.916030534351145,1.083969465648855,24.953529411764706
1761619328,3402.75080 N,08407.11653 W,301.2,10,0.90,0.011,1.63,0.90,0.5889736083984375,0.8283937744140625,-9.715670336914062,-3.1526717557251906,-1.099236641221374,1.3435114503816794,24.906470588235294
1761619329,3402.75080 N,08407.11653 W,301.2,10,0.90,0.011,1.63,0.90,0.584185205078125,0.8164227661132812,-9.710881933593749,-3.053435114503817,-1.1603053435114503,1.1297709923664123,24.906470588235294
1761619330,3402.75080 N,08407.11653 W,301.2,10,0.90,0.011,1.63,0.90,0.5674257934570313,0.8068459594726562,-9.801861596679688,-2.969465648854962,-1.0381679389312977,0.9541984732824428,25.000588235294117
1761619332,3402.75080 N,08407.11653 W,301.2,10,0.90,0.011,1.63,0.90,0.5698199951171875,0.8810662109374999,-9.785102185058593,-2.7938931297709924,-1.083969465648855,0.7175572519083969,24.953529411764706
1761619333,3402.75080 N,08407.11653 W,301.2,10,0.90,0.075,1.63,0.90,0.5602431884765625,0.7517793212890624,-9.787496386718749,-3.0076335877862594,-1.0381679389312977,1.0610687022900764,25.000588235294117
1761619334,3402.75080 N,08407.11653 W,301.2,10,0.90,0.075,1.63,0.90,0.55545478515625,0.814028564453125,-9.773131176757811,-2.9160305343511452,-1.1068702290076335,0.9236641221374046,24.953529411764706
1761619335,3402.75078 N,08407.11656 W,301.2,11,0.90,0.075,1.63,0.90,0.5817910034179687,0.8475473876953125,-9.809044201660155,-2.8702290076335877,-0.9083969465648855,0.9541984732824428,24.859411764705882
1761619336,3402.75078 N,08407.11656 W,301.2,11,0.90,0.075,1.63,0.90,0.5746083984375,0.833182177734375,-9.749189160156249,-3.0,-1.2900763358778626,1.015267175572519,24.953529411764706
1761619337,3402.75078 N,08407.11656 W,301.2,11,0.90,0.075,1.63,0.90,0.5913678100585937,0.7350199096679687,-9.8449572265625,-2.9083969465648853,-1.083969465648855,0.7786259541984732,24.859411764705882
1761619338,3402.75078 N,08407.11656 W,301.2,11,0.90,0.075,1.63,0.90,0.6009446166992187,0.7876923461914062,-9.739612353515625,-2.801526717557252,-1.1603053435114503,1.0229007633587786,24.953529411764706
1761619339,3402.75078 N,08407.11656 W,301.2,11,0.90,0.075,1.63,0.90,0.7445967163085937,0.7996633544921875,-9.900023864746093,-2.8244274809160306,-0.9389312977099237,0.8702290076335878,24.906470588235294
1761619340,3402.75078 N,08407.11656 W,301.2,11,0.90,0.075,1.63,0.90,0.5602431884765625,0.7709329345703124,-9.749189160156249,-3.0076335877862594,-0.7633587786259542,1.083969465648855,24.906470588235294
1761619341,3402.75078 N,08407.11656 W,301.2,11,0.90,0.024,1.63,0.90,0.5770026000976562,0.7852981445312499,-9.698910925292969,-3.053435114503817,-0.9007633587786259,1.0,24.906470588235294
1761619342,3402.75078 N,08407.11656 W,301.2,11,0.90,0.024,1.63,0.90,0.5482721801757812,0.7398083129882812,-9.68454571533203,-2.6946564885496183,-1.183206106870229,1.183206106870229,25.000588235294117
1761619343,3402.75072 N,08407.11660 W,301.5,11,0.90,0.024,1.63,0.90,0.5578489868164063,0.7996633544921875,-9.828197814941406,-2.984732824427481,-1.0458015267175573,0.8396946564885496,24.953529411764706
1761619344,3402.75072 N,08407.11660 W,301.5,11,0.90,0.024,1.63,0.90,0.6177040283203125,0.7158662963867187,-9.708487731933593,-2.7557251908396947,-1.0076335877862594,1.1145038167938932,24.859411764705882
1761619345,3402.75072 N,08407.11660 W,301.5,11,0.90,0.024,1.63,0.90,0.59376201171875,0.7517793212890624,-9.883264453125,-2.885496183206107,-1.1526717557251909,0.9541984732824428,24.953529411764706
1761619346,3402.75072 N,08407.11660 W,301.5,11,0.90,0.024,1.63,0.90,0.5746083984375,0.7685387329101562,-9.749189160156249,-2.7251908396946565,-0.9236641221374046,1.1221374045801527,24.906470588235294
1761619347,3402.75072 N,08407.11660 W,301.5,11,0.90,0.024,1.63,0.90,0.5817910034179687,0.9097966308593749,-9.773131176757811,-2.7251908396946565,-0.8931297709923665,0.8854961832061069,24.953529411764706
1761619348,3402.75072 N,08407.11660 W,301.5,11,0.90,0.024,1.63,0.90,0.5865794067382812,0.7733271362304687,-9.72285294189453,-2.786259541984733,-1.0763358778625953,1.0534351145038168,24.953529411764706
1761619349,3402.75072 N,08407.11660 W,301.5,11,0.90,0.028,1.63,0.90,0.6607996582031249,0.7685387329101562,-9.744400756835937,-2.9618320610687023,-1.16793893129771,1.1297709923664123,24.906470588235294
1761619350,3402.75072 N,08407.11660 W,301.5,11,0.90,0.028,1.63,0.90,0.5746083984375,0.7733271362304687,-9.6917283203125,-2.8396946564885495,-1.0763358778625953,1.0610687022900764,24.906470588235294
1761619351,3402.75072 N,08407.11666 W,301.5,11,0.85,0.028,1.63,0.90,0.5913678100585937,0.7709329345703124,-9.763554370117188,-2.9236641221374047,-1.0458015267175573,1.3969465648854962,24.906470588235294
1761619352,3402.75072 N,08407.11666 W,301.5,11,0.85,0.028,1.57,0.85,0.5674257934570313,0.737414111328125,-9.816226806640625,-2.8091603053435112,-1.1221374045801527,0.9770992366412213,24.859411764705882
1761619353,3402.75072 N,08407.11666 W,301.5,11,0.85,0.028,1.57,0.85,0.584185205078125,0.8954314208984374,-9.907206469726562,-2.7786259541984735,-1.3358778625954197,1.0534351145038168,24.953529411764706
1761619354,3402.75072 N,08407.11666 W,301.5,11,0.85,0.028,1.57,0.85,0.5913678100585937,0.7637503295898437,-9.756371765136718,-3.030534351145038,-1.0305343511450382,1.0763358778625953,24.953529411764706
1761619355,3402.75072 N,08407.11666 W,301.5,11,0.85,0.028,1.57,0.85,0.5195417602539062,0.82360537109375,-9.70369932861328,-2.9923664122137406,-0.9770992366412213,1.2671755725190839,24.906470588235294
1761619356,3402.75072 N,08407.11666 W,301.5,11,0.85,0.028,1.57,0.85,0.6177040283203125,0.8930372192382812,-9.789890588378906,-2.9236641221374047,-1.1755725190839694,1.0687022900763359,24.906470588235294
1761619357,3402.75072 N,08407.11666 W,301.5,11,0.85,0.042,1.57,0.85,0.584185205078125,0.9097966308593749,-9.715670336914062,-2.854961832061069,-1.1374045801526718,0.9236641221374046,24.953529411764706
1761619358,3402.75072 N,08407.11666 W,301.5,11,0.85,0.042,1.57,0.85,0.5674257934570313,0.7805097412109374,-9.785102185058593,-2.946564885496183,-1.2290076335877862,1.099236641221374,24.906470588235294
1761619359,3402.75068 N,08407.11671 W,301.5,11,0.85,0.042,1.57,0.85,0.47644613037109373,0.7829039428710937,-9.78031378173828,-2.7938931297709924,-1.3206106870229009,1.2061068702290076,24.906470588235294
1761619360,3402.75068 N,08407.11671 W,301.5,11,0.85,0.042,1.57,0.85,0.5674257934570313,0.7948749511718749,-9.679757312011718,-2.8473282442748094,-1.0687022900763359,1.0610687022900764,24.953529411764706
1761619361,3402.75068 N,08407.11671 W,301.5,11,0.85,0.042,1.57,0.85,0.6105214233398437,0.74699091796875,-9.777919580078125,-2.9618320610687023,-1.0381679389312977,1.0763358778625953,24.906470588235294
1761619362,3402.75068 N,08407.11671 W,301.5,11,0.85,0.042,1.57,0.85,0.5865794067382812,0.7661445312499999,-9.672574707031249,-3.1068702290076335,-0.9847328244274809,1.0916030534351144,24.953529411764706
1761619363,3402.75068 N,08407.11671 W,301.5,11,0.85,0.042,1.57,0.85,0.5410895751953124,0.7565677246093749,-9.758765966796874,-3.0229007633587788,-1.0458015267175573,1.0458015267175573,24.906470588235294
1761619364,3402.75068 N,08407.11671 W,301.5,11,0.85,0.042,1.57,0.85,0.565031591796875,0.7852981445312499,-9.655815295410155,-2.50381679389313,-1.0305343511450382,0.48854961832061067,24.953529411764706
1761619365,3402.75068 N,08407.11671 W,301.5,11,0.85,0.009,1.57,0.85,0.5602431884765625,0.7541735229492187,-9.739612353515625,-3.2061068702290076,-1.366412213740458,1.0916030534351144,24.953529411764706
1761619366,3402.75068 N,08407.11671 W,301.5,11,0.85,0.009,1.57,0.85,0.5386953735351562,0.7852981445312499,-9.773131176757811,-2.83206106870229,-0.9618320610687023,1.0687022900763359,24.906470588235294
1761619367,3402.75065 N,08407.11675 W,301.5,11,0.85,0.009,1.57,0.85,0.5793968017578125,0.7613561279296874,-9.672574707031249,-3.099236641221374,-1.099236641221374,1.2671755725190839,25.04764705882353
1761619368,3402.75065 N,08407.11675 W,301.5,11,0.85,0.009,1.57,0.85,0.584185205078125,0.7972691528320313,-9.823409411621093,-2.954198473282443,-1.0763358778625953,0.8244274809160306,24.906470588235294
1761619369,3402.75065 N,08407.11675 W,301.5,11,0.85,0.009,1.57,0.85,0.6871358764648438,0.7637503295898437,-9.85692823486328,-2.8702290076335877,-1.1374045801526718,1.1374045801526718,24.859411764705882
1761619370,3402.75065 N,08407.11675 W,301.5,11,0.85,0.009,1.57,0.85,0.584185205078125,0.814028564453125,-9.701305126953125,-2.969465648854962,-0.9389312977099237,0.916030534351145,25.000588235294117
1761619371,3402.75065 N,08407.11675 W,301.5,11,0.85,0.009,1.57,0.85,0.5267243652343749,0.7757213378906249,-9.744400756835937,-2.9618320610687023,-1.1374045801526718,0.9770992366412213,24.906470588235294
1761619372,3402.75065 N,08407.11675 W,301.5,11,0.85,0.009,1.57,0.85,0.469263525390625,0.8188169677734375,-9.816226806640625,-2.7404580152671754,-1.0458015267175573,0.8549618320610687,24.906470588235294
1761619373,3402.75065 N,08407.11675 W,301.5,11,0.85,0.085,1.57,0.85,0.45968671875,0.7637503295898437,-9.720458740234374,-2.954198473282443,-0.9923664122137404,0.9847328244274809,24.906470588235294
1761619374,3402.75065 N,08407.11675 W,301.5,11,0.85,0.085,1.57,0.85,0.5913678100585937,0.7948749511718749,-9.79946739501953,-2.877862595419847,-0.9847328244274809,0.8091603053435115,24.953529411764706
1761619375,3402.75062 N,08407.11677 W,301.5,11,0.85,0.085,1.57,0.85,0.5793968017578125,0.6775590698242188,-9.794678991699218,-2.900763358778626,-1.0458015267175573,0.732824427480916,24.906470588235294
1761619376,3402.75062 N,08407.11677 W,301.5,11,0.85,0.085,1.57,0.85,0.6200982299804687,0.7781155395507812,-9.811438403320311,-2.8473282442748094,-1.1297709923664123,1.0305343511450382,24.906470588235294
1761619377,3402.75062 N,08407.11677 W,301.5,11,0.85,0.085,1.57,0.85,0.5746083984375,0.7661445312499999,-9.751583361816406,-2.8625954198473282,-1.16793893129771,1.1908396946564885,24.906470588235294
1761619378,3402.75062 N,08407.11677 W,301.5,11,0.85,0.085,1.57,0.85,0.5961562133789062,0.7900865478515624,-9.732429748535155,-2.763358778625954,-1.0381679389312977,1.0687022900763359,24.953529411764706
1761619379,3402.75062 N,08407.11677 W,301.5,11,0.85,0.085,1.57,0.85,0.612915625,0.7876923461914062,-9.734823950195311,-2.931297709923664,-1.0076335877862594,1.083969465648855,24.906470588235294
1761619380,3402.75062 N,08407.11677 W,301.5,11,0.85,0.085,1.57,0.85,0.5674257934570313,0.9121908325195311,-9.713276135253906,-3.0,-1.0916030534351144,1.0534351145038168,25.000588235294117
1761619381,3402.75062 N,08407.11677 W,301.5,11,0.85,0.022,1.57,0.85,0.74699091796875,0.6248866333007812,-9.686939916992188,-2.7709923664122136,-1.2900763358778626,1.0687022900763359,24.953529411764706
1761619382,3402.75062 N,08407.11677 W,301.5,11,0.85,0.022,1.57,0.85,0.5267243652343749,0.8188169677734375,-9.952696301269532,-2.9923664122137406,-0.9389312977099237,0.9923664122137404,24.953529411764706
1761619383,3402.75060 N,08407.11687 W,301.4,11,0.85,0.022,1.57,0.85,0.5602431884765625,0.8810662109374999,-9.897629663085937,-3.099236641221374,-0.9847328244274809,0.916030534351145,24.906470588235294
1761619384,3402.75060 N,08407.11687 W,301.4,11,0.85,0.022,1.57,0.85,0.5985504150390625,0.7829039428710937,-9.861716638183593,-3.0229007633587788,-1.1068702290076335,1.1908396946564885,24.906470588235294
1761619385,3402.75060 N,08407.11687 W,301.4,11,0.85,0.022,1.57,0.85,0.6296750366210937,0.7517793212890624,-9.758765966796874,-2.717557251908397,-1.2900763358778626,0.8854961832061069,24.953529411764706
1761619386,3402.75060 N,08407.11687 W,301.4,11,0.85,0.022,1.57,0.85,0.6296750366210937,0.7996633544921875,-9.725247143554688,-2.8625954198473282,-1.0305343511450382,0.8320610687022901,25.000588235294117
1761619387,3402.75060 N,08407.11687 W,301.4,11,0.85,0.022,1.57,0.85,0.5889736083984375,0.7924807495117187,-9.763554370117188,-3.0916030534351147,-0.8015267175572519,1.1221374045801527,24.953529411764706
1761619388,3402.75060 N,08407.11687 W,301.4,11,0.85,0.022,1.57,0.85,0.5602431884765625,0.7685387329101562,-9.7683427734375,-2.7786259541984735,-1.1984732824427482,1.1068702290076335,24.906470588235294
1761619389,3402.75060 N,08407.11687 W,301.4,11,0.85,0.025,1.57,0.85,0.5817910034179687,0.7709329345703124,-9.74200655517578,-2.7480916030534353,-0.9236641221374046,0.7557251908396947,24.953529411764706
1761619390,3402.75060 N,08407.11687 W,301.4,11,0.85,0.025,1.57,0.85,0.55545478515625,0.6607996582031249,-9.727641345214844,-2.8702290076335877,-0.9618320610687023,1.015267175572519,24.953529411764706
1761619391,3402.75058 N,08407.11693 W,301.4,11,0.85,0.025,1.57,0.85,0.4836287353515625,0.612915625,-9.809044201660155,-2.7480916030534353,-1.1297709923664123,0.9465648854961832,24.906470588235294
1761619392,3402.75058 N,08407.11693 W,301.4,11,0.85,0.025,1.57,0.85,0.7302315063476562,0.6703764648437499,-9.804255798339844,-2.717557251908397,-1.1221374045801527,0.9541984732824428,24.906470588235294
1761619393,3402.75058 N,08407.11693 W,301.4,11,0.85,0.025,1.57,0.85,0.603338818359375,0.7589619262695312,-9.706093530273437,-2.7404580152671754,-1.2748091603053435,0.8244274809160306,24.906470588235294
1761619394,3402.75058 N,08407.11693 W,301.4,11,0.85,0.025,1.57,0.85,0.59376201171875,0.7302315063476562,-9.823409411621093,-2.900763358778626,-1.015267175572519,0.9618320610687023,24.859411764705882
1761619395,3402.75058 N,08407.11693 W,301.4,11,0.85,0.025,1.57,0.85,0.5913678100585937,0.74699091796875,-9.787496386718749,-2.931297709923664,-1.1755725190839694,0.8473282442748091,24.906470588235294
1761619396,3402.75058 N,08407.11693 W,301.4,11,0.85,0.025,1.57,0.85,0.6057330200195312,0.7829039428710937,-9.78031378173828,-2.885496183206107,-1.0,1.1755725190839694,24.859411764705882
1761619397,3402.75058 N,08407.11693 W,301.4,11,0.85,0.115,1.57,0.85,0.6296750366210937,0.7541735229492187,-9.923965881347655,-2.8625954198473282,-1.0381679389312977,1.0229007633587786,25.000588235294117
1761619398,3402.75058 N,08407.11693 W,301.4,11,0.85,0.115,1.57,0.85,0.5530605834960938,0.7852981445312499,-9.758765966796874,-2.969465648854962,-1.0076335877862594,0.9083969465648855,24.953529411764706
1761619399,3402.75054 N,08407.11692 W,301.6,11,0.85,0.115,1.57,0.85,0.63206923828125,0.7517793212890624,-9.773131176757811,-2.9160305343511452,-1.0763358778625953,1.0381679389312977,24.859411764705882
1761619400,3402.75054 N,08407.11692 W,301.6,11,0.85,0.115,1.57,0.85,0.7422025146484375,0.737414111328125,-9.758765966796874,-2.8396946564885495,-0.9770992366412213,0.8931297709923665,25.000588235294117
1761619401,3402.75054 N,08407.11692 W,301.6,11,0.85,0.115,1.57,0.85,0.47644613037109373,0.7924807495117187,-9.7683427734375,-2.9083969465648853,-1.2442748091603053,0.9923664122137404,24.906470588235294
1761619402,3402.75054 N,08407.11692 W,301.6,11,0.85,0.115,1.57,0.85,0.5770026000976562,0.7398083129882812,-9.756371765136718,-3.030534351145038,-1.1145038167938932,0.8320610687022901,25.000588235294117
1761619403,3402.75054 N,08407.11692 W,301.6,11,0.85,0.115,1.57,0.85,0.5578489868164063,0.7996633544921875,-9.840168823242188,-2.877862595419847,-1.0763358778625953,0.8549618320610687,24.953529411764706
1761619404,3402.75054 N,08407.11692 W,301.6,11,0.85,0.115,1.57,0.85,0.7422025146484375,0.9050082275390624,-9.720458740234374,-2.6717557251908395,-1.015267175572519,0.9618320610687023,24.859411764705882
1761619405,3402.75054 N,08407.11692 W,301.6,11,0.85,0.032,1.57,0.85,0.584185205078125,0.7757213378906249,-9.665392102050781,-2.732824427480916,-1.0687022900763359,0.8854961832061069,24.953529411764706
1761619406,3402.75054 N,08407.11692 W,301.6,11,0.85,0.032,1.57,0.85,0.6464344482421874,0.7685387329101562,-9.751583361816406,-2.66412213740458,-1.297709923664122,0.7557251908396947,24.859411764705882
1761619407,3402.75052 N,08407.11694 W,301.7,11,0.85,0.032,1.57,0.85,0.47884033203125,0.7972691528320313,-9.674968908691406,-2.6106870229007635,-0.8854961832061069,0.5648854961832062,25.000588235294117
1761619408,3402.75052 N,08407.11694 W,301.7,11,0.85,0.032,1.57,0.85,0.5602431884765625,0.7733271362304687,-9.794678991699218,-2.9160305343511452,-0.9694656488549618,0.7480916030534351,25.04764705882353
1761619409,3402.75052 N,08407.11694 W,301.7,11,0.85,0.032,1.57,0.85,0.4644751220703125,0.7541735229492187,-9.739612353515625,-3.0076335877862594,-0.9847328244274809,1.099236641221374,25.000588235294117
1761619410,3402.75052 N,08407.11694 W,301.7,11,0.85,0.032,1.57,0.85,0.5123591552734374,0.814028564453125,-9.739612353515625,-2.931297709923664,-0.9083969465648855,1.1297709923664123,24.906470588235294
1761619411,3402.75052 N,08407.11694 W,301.7,11,0.85,0.032,1.57,0.85,0.5770026000976562,0.7972691528320313,-9.81862100830078,-3.0229007633587788,-1.0381679389312977,1.4122137404580153,25.000588235294117
1761619412,3402.75052 N,08407.11694 W,301.7,11,0.85,0.032,1.57,0.85,0.5746083984375,0.737414111328125,-9.950302099609374,-2.9236641221374047,-1.0305343511450382,1.1450381679389312,24.859411764705882
1761619413,3402.75052 N,08407.11694 W,301.7,11,0.85,0.030,1.57,0.85,0.6440402465820312,0.833182177734375,-9.720458740234374,-2.854961832061069,-1.0381679389312977,1.16793893129771,25.000588235294117
1761619414,3402.75052 N,08407.11694 W,301.7,11,0.85,0.030,1.57,0.85,0.612915625,0.7852981445312499,-9.763554370117188,-2.9923664122137406,-1.0458015267175573,0.9694656488549618,25.04764705882353
1761619415,3402.75048 N,08407.11697 W,301.7,11,0.85,0.030,1.57,0.85,0.5674257934570313,0.82360537109375,-9.832986218261718,-2.9236641221374047,-1.0381679389312977,0.9541984732824428,24.953529411764706
1761619416,3402.75048 N,08407.11697 W,301.7,11,0.85,0.030,1.57,0.85,0.7637503295898437,0.737414111328125,-9.74200655517578,-3.0076335877862594,-0.9541984732824428,1.213740458015267,25.000588235294117
1761619417,3402.75048 N,08407.11697 W,301.7,11,0.85,0.030,1.57,0.85,0.565031591796875,0.8643067993164062,-9.706093530273437,-3.3282442748091605,-0.5419847328244275,1.282442748091603,24.953529411764706
1761619418,3402.75048 N,08407.11697 W,301.7,11,0.85,0.030,1.57,0.85,0.5985504150390625,0.8403647827148437,-9.758765966796874,-3.198473282442748,-1.0458015267175573,1.4198473282442747,25.000588235294117
1761619419,3402.75048 N,08407.11697 W,301.7,11,0.85,0.030,1.57,0.85,0.565031591796875,0.7589619262695312,-9.706093530273437,-2.900763358778626,-1.3282442748091603,1.3969465648854962,25.04764705882353
1761619420,3402.75048 N,08407.11697 W,301.7,11,0.85,0.030,1.57,0.85,0.5482721801757812,0.7541735229492187,-9.725247143554688,-3.183206106870229,-0.8549618320610687,0.10687022900763359,24.953529411764706
1761619421,3402.75048 N,08407.11697 W,301.7,11,0.85,0.046,1.57,0.85,0.6464344482421874,0.737414111328125,-9.847351428222655,-2.687022900763359,-0.916030534351145,0.7862595419847328,25.000588235294117
1761619422,3402.75048 N,08407.11697 W,301.7,11,0.85,0.046,1.57,0.85,0.5985504150390625,0.8978256225585937,-9.792284790039062,-3.015267175572519,-1.2595419847328244,0.8778625954198473,24.906470588235294
1761619423,3402.75045 N,08407.11703 W,301.7,11,0.85,0.046,1.57,0.85,0.5985504150390625,0.7565677246093749,-9.785102185058593,-2.717557251908397,-1.083969465648855,0.8320610687022901,25.04764705882353
1761619424,3402.75045 N,08407.11703 W,301.7,11,0.85,0.046,1.57,0.85,0.5889736083984375,0.7661445312499999,-9.775525378417969,-2.9160305343511452,-1.015267175572519,1.702290076335878,24.953529411764706
1761619425,3402.75045 N,08407.11703 W,301.7,11,0.85,0.046,1.57,0.85,0.5770026000976562,0.6392518432617187,-9.773131176757811,-2.9389312977099236,-1.0381679389312977,0.9389312977099237,25.000588235294117
1761619426,3402.75045 N,08407.11703 W,301.7,11,0.85,0.046,1.57,0.85,0.6105214233398437,0.8164227661132812,-9.787496386718749,-2.900763358778626,-0.8091603053435115,0.9847328244274809,24.953529411764706
1761619427,3402.75045 N,08407.11703 W,301.7,11,0.85,0.046,1.57,0.85,0.59376201171875,0.8882488159179687,-9.713276135253906,-2.9160305343511452,-0.9541984732824428,0.916030534351145,25.000588235294117
1761619428,3402.75045 N,08407.11703 W,301.7,11,0.85,0.046,1.57,0.85,0.7493851196289062,0.8307879760742187,-9.662997900390625,-3.16793893129771,-1.1450381679389312,1.3893129770992367,25.04764705882353
1761619429,3402.75045 N,08407.11703 W,301.7,11,0.85,0.071,1.57,0.85,0.5434837768554687,0.7517793212890624,-9.76116016845703,-3.045801526717557,-1.251908396946565,1.1603053435114503,24.859411764705882
1761619430,3402.75045 N,08407.11703 W,301.7,11,0.85,0.071,1.57,0.85,0.5578489868164063,0.7661445312499999,-9.945513696289062,-3.2290076335877864,-1.0916030534351144,1.16793893129771,24.953529411764706
1761619431,3402.75040 N,08407.11708 W,301.6,10,1.08,0.071,1.57,0.85,0.6153098266601562,0.8475473876953125,-9.923965881347655,-3.816793893129771,0.48091603053435117,0.9465648854961832,24.953529411764706
1761619432,3402.75040 N,08407.11708 W,301.6,10,1.08,0.071,2.13,1.08,0.49320554199218747,0.7805097412109374,-9.782707983398437,-2.9389312977099236,-1.3053435114503817,0.7786259541984732,24.906470588235294
1761619433,3402.75040 N,08407.11708 W,301.6,10,1.08,0.071,2.13,1.08,0.469263525390625,0.7733271362304687,-9.682151513671874,-2.8473282442748094,-1.0,1.251908396946565,25.04764705882353
1761619434,3402.75040 N,08407.11708 W,301.6,10,1.08,0.071,2.13,1.08,0.5578489868164063,0.7541735229492187,-9.78031378173828,-2.786259541984733,-1.0458015267175573,1.0229007633587786,25.04764705882353
1761619435,3402.75040 N,08407.11708 W,301.6,10,1.08,0.071,2.13,1.08,0.46686932373046874,0.9074024291992187,-9.696516723632811,-2.5572519083969465,-1.0381679389312977,0.7557251908396947,25.000588235294117
1761619436,3402.75040 N,08407.11708 W,301.6,10,1.08,0.071,2.13,1.08,0.6248866333007812,0.8212111694335937,-9.753977563476562,-4.015267175572519,-1.618320610687023,2.1068702290076335,25.000588235294117
1761619437,3402.75040 N,08407.11708 W,301.6,10,1.08,0.143,2.13,1.08,0.622492431640625,0.7996633544921875,-9.926360083007811,-3.4198473282442747,-1.1755725190839694,1.381679389312977,25.04764705882353
1761619438,3402.75040 N,08407.11708 W,301.6,10,1.08,0.143,2.13,1.08,0.6272808349609375,0.7422025146484375,-9.828197814941406,-2.717557251908397,-1.0076335877862594,0.9694656488549618,25.000588235294117
1761619439,3402.75034 N,08407.11710 W,301.6,10,1.08,0.143,2.13,1.08,0.5961562133789062,0.7326257080078125,-9.658209497070311,-3.0381679389312977,-1.1450381679389312,1.282442748091603,25.000588235294117
1761619440,3402.75034 N,08407.11710 W,301.6,10,1.08,0.143,2.13,1.08,0.55545478515625,0.8882488159179687,-9.715670336914062,-3.2442748091603053,-1.0,1.0534351145038168,25.000588235294117
1761619441,3402.75034 N,08407.11710 W,301.6,10,1.08,0.143,2.13,1.08,0.7445967163085937,0.7733271362304687,-9.770736975097655,-2.801526717557252,-1.0458015267175573,0.9465648854961832,25.000588235294117
1761619442,3402.75034 N,08407.11710 W,301.6,10,1.08,0.143,2.13,1.08,0.5770026000976562,0.7541735229492187,-9.794678991699218,-3.0763358778625953,-1.0610687022900764,1.015267175572519,25.04764705882353
1761619443,3402.75034 N,08407.11710 W,301.6,10,1.08,0.143,2.13,1.08,0.6009446166992187,0.7302315063476562,-9.715670336914062,-2.519083969465649,-1.0916030534351144,0.9083969465648855,24.953529411764706
1761619444,3402.75034 N,08407.11710 W,301.6,10,1.08,0.143,2.13,1.08,0.5602431884765625,0.7278373046875,-9.746794958496093,-2.83206106870229,-1.1221374045801527,0.9465648854961832,24.859411764705882
1761619446,3402.75034 N,08407.11710 W,301.6,10,1.08,0.172,2.13,1.08,0.5817910034179687,0.8092401611328125,-9.706093530273437,-2.801526717557252,-1.0076335877862594,0.7862595419847328,25.000588235294117
1761619447,3402.75034 N,08407.11710 W,301.6,10,1.08,0.172,2.13,1.08,0.6416460449218749,0.7733271362304687,-9.78031378173828,-2.931297709923664,-1.0687022900763359,0.9923664122137404,25.000588235294117
1761619448,3402.75030 N,08407.11710 W,301.5,10,1.08,0.172,2.13,1.08,0.488417138671875,0.7924807495117187,-9.957484704589843,-2.885496183206107,-0.9694656488549618,1.1450381679389312,24.953529411764706
1761619449,3402.75030 N,08407.11710 W,301.5,10,1.08,0.172,2.13,1.08,0.4836287353515625,0.6464344482421874,-9.749189160156249,-2.984732824427481,-0.9083969465648855,0.9694656488549618,25.000588235294117
1761619450,3402.75030 N,08407.11710 W,301.5,10,1.08,0.172,2.13,1.08,0.5961562133789062,0.6248866333007812,-9.730035546875,-2.7480916030534353,-1.015267175572519,0.9236641221374046,24.906470588235294
1761619451,3402.75030 N,08407.11710 W,301.5,10,1.08,0.172,2.13,1.08,0.5985504150390625,0.7972691528320313,-9.773131176757811,-2.8702290076335877,-1.1755725190839694,1.0916030534351144,25.000588235294117
1761619452,3402.75030 N,08407.11710 W,301.5,10,1.08,0.172,2.13,1.08,0.584185205078125,0.8164227661132812,-9.739612353515625,-3.0916030534351147,-1.183206106870229,1.0610687022900764,24.906470588235294
1761619453,3402.75030 N,08407.11710 W,301.5,10,1.08,0.172,2.13,1.08,0.5458779785156249,0.7948749511718749,-9.765948571777344,-2.9083969465648853,-1.0,1.0,25.09470588235294
1761619454,3402.75030 N,08407.11710 W,301.5,10,1.08,0.089,2.13,1.08,0.6009446166992187,0.7613561279296874,-9.74200655517578,-3.0381679389312977,-1.2748091603053435,1.1755725190839694,24.953529411764706
1761619455,3402.75030 N,08407.11710 W,301.5,10,1.08,0.089,2.13,1.08,0.5626373901367188,0.7517793212890624,-9.809044201660155,-3.030534351145038,-0.916030534351145,0.9541984732824428,25.04764705882353
1761619456,3402.75026 N,08407.11707 W,301.4,10,1.08,0.089,2.13,1.08,0.5482721801757812,0.7805097412109374,-9.734823950195311,-2.8396946564885495,-0.8854961832061069,0.916030534351145,24.953529411764706
1761619457,3402.75026 N,08407.11707 W,301.4,10,1.08,0.089,2.13,1.08,0.7326257080078125,0.7589619262695312,-9.78031378173828,-2.969465648854962,-0.9923664122137404,1.183206106870229,25.000588235294117
1761619458,3402.75026 N,08407.11707 W,301.4,10,1.08,0.089,2.13,1.08,0.5770026000976562,0.8212111694335937,-9.756371765136718,-3.381679389312977,-1.1221374045801527,1.6030534351145038,25.000588235294117
1761619459,3402.75026 N,08407.11707 W,301.4,10,1.08,0.089,2.13,1.08,0.5961562133789062,0.842758984375,-9.679757312011718,-3.213740458015267,-1.2671755725190839,1.3206106870229009,24.906470588235294
1761619460,3402.75026 N,08407.11707 W,301.4,10,1.08,0.089,2.13,1.08,0.5985504150390625,0.7709329345703124,-9.739612353515625,-2.732824427480916,-1.0305343511450382,0.916030534351145,25.000588235294117
1761619461,3402.75026 N,08407.11707 W,301.4,10,1.08,0.089,2.13,1.08,0.47644613037109373,0.833182177734375,-9.629479077148437,-2.6412213740458017,-1.183206106870229,0.8931297709923665,24.953529411764706
1761619462,3402.75026 N,08407.11707 W,301.4,10,1.08,0.001,2.13,1.08,0.5865794067382812,0.7781155395507812,-9.945513696289062,-2.83206106870229,-1.0,0.9770992366412213,24.953529411764706
1761619463,3402.75026 N,08407.11707 W,301.4,10,1.08,0.001,2.13,1.08,0.5578489868164063,0.6536170532226562,-9.730035546875,-3.045801526717557,-0.9770992366412213,1.282442748091603,24.953529411764706
1761619464,3402.75023 N,08407.11707 W,301.1,10,1.08,0.001,2.13,1.08,0.5746083984375,0.7852981445312499,-9.76116016845703,-2.83206106870229,-1.0458015267175573,1.083969465648855,25.000588235294117
1761619465,3402.75023 N,08407.11707 W,301.1,10,1.08,0.001,2.13,1.08,0.46686932373046874,0.6200982299804687,-9.734823950195311,-2.786259541984733,-1.1755725190839694,0.9770992366412213,24.906470588235294
1761619466,3402.75023 N,08407.11707 W,301.1,10,1.08,0.001,2.13,1.08,0.5722141967773438,0.7996633544921875,-9.715670336914062,-3.030534351145038,-1.0458015267175573,1.0076335877862594,24.906470588235294
1761619467,3402.75023 N,08407.11707 W,301.1,10,1.08,0.001,2.13,1.08,0.47644613037109373,0.8164227661132812,-9.739612353515625,-2.9770992366412212,-0.8549618320610687,1.0763358778625953,24.906470588235294
1761619468,3402.75023 N,08407.11707 W,301.1,10,1.08,0.001,2.13,1.08,0.5626373901367188,0.7709329345703124,-9.746794958496093,-2.8396946564885495,-0.9541984732824428,1.3282442748091603,25.000588235294117
1761619469,3402.75023 N,08407.11707 W,301.1,10,1.08,0.001,2.13,1.08,0.5817910034179687,0.7781155395507812,-9.79946739501953,-2.9923664122137406,-1.0,0.9923664122137404,25.000588235294117
1761619470,3402.75023 N,08407.11707 W,301.1,10,1.08,0.080,2.13,1.08,0.6536170532226562,0.8092401611328125,-9.770736975097655,-2.7709923664122136,-0.9847328244274809,0.9465648854961832,25.000588235294117
1761619471,3402.75023 N,08407.11707 W,301.1,10,1.08,0.080,2.13,1.08,0.5889736083984375,0.7948749511718749,-9.81862100830078,-3.030534351145038,-1.2671755725190839,1.1603053435114503,24.906470588235294
1761619472,3402.75019 N,08407.11710 W,300.6,10,1.08,0.080,2.13,1.08,0.5913678100585937,0.7900865478515624,-9.777919580078125,-3.0763358778625953,-1.1526717557251909,1.1984732824427482,25.000588235294117
1761619473,3402.75019 N,08407.11710 W,300.6,10,1.08,0.080,2.13,1.08,0.6368576416015624,0.7637503295898437,-9.751583361816406,-2.8931297709923665,-1.083969465648855,0.9618320610687023,25.04764705882353
1761619474,3402.75019 N,08407.11710 W,300.6,10,1.08,0.080,2.13,1.08,0.5626373901367188,0.9097966308593749,-9.782707983398437,-2.8091603053435112,-1.015267175572519,0.9389312977099237,24.953529411764706
1761619475,3402.75019 N,08407.11710 W,300.6,10,1.08,0.080,2.13,1.08,0.5865794067382812,0.7757213378906249,-9.74200655517578,-2.83206106870229,-1.0076335877862594,1.0610687022900764,25.04764705882353
1761619476,3402.75019 N,08407.11710 W,300.6,10,1.08,0.080,2.13,1.08,0.7493851196289062,0.7996633544921875,-9.756371765136718,-2.8091603053435112,-1.083969465648855,1.1068702290076335,25.000588235294117
1761619477,3402.75019 N,08407.11710 W,300.6,10,1.08,0.080,2.13,1.08,0.5506663818359374,0.7709329345703124,-9.763554370117188,-3.1374045801526718,-1.0687022900763359,1.366412213740458,25.000588235294117
1761619478,3402.75019 N,08407.11710 W,300.6,10,1.08,0.406,2.13,1.08,0.59376201171875,0.7972691528320313,-9.842563024902343,-3.1908396946564888,-1.2748091603053435,1.1297709923664123,24.953529411764706
1761619479,3402.75019 N,08407.11710 W,300.6,10,1.08,0.406,2.13,1.08,0.5698199951171875,0.8044517578125,-9.744400756835937,-2.7557251908396947,-0.9236641221374046,1.2748091603053435,25.04764705882353
1761619480,3402.75014 N,08407.11710 W,300.1,10,1.08,0.406,2.13,1.08,0.5889736083984375,0.7733271362304687,-9.763554370117188,-2.8244274809160306,-1.0763358778625953,1.0076335877862594,24.953529411764706
1761619481,3402.75014 N,08407.11710 W,300.1,10,1.08,0.406,2.13,1.08,0.4740519287109375,0.7805097412109374,-9.667786303710937,-2.7786259541984735,-1.083969465648855,1.083969465648855,25.09470588235294
1761619482,3402.75014 N,08407.11710 W,300.1,10,1.08,0.406,2.13,1.08,0.7613561279296874,0.7709329345703124,-9.756371765136718,-2.954198473282443,-1.2061068702290076,0.9618320610687023,25.04764705882353
1761619483,3402.75014 N,08407.11710 W,300.1,10,1.08,0.406,2.13,1.08,0.46208092041015625,0.737414111328125,-9.78031378173828,-2.816793893129771,-1.1221374045801527,0.9923664122137404,25.000588235294117
1761619484,3402.75014 N,08407.11710 W,300.1,10,1.08,0.406,2.13,1.08,0.46208092041015625,0.7709329345703124,-9.749189160156249,-3.0076335877862594,-0.9541984732824428,1.251908396946565,24.953529411764706
1761619485,3402.75014 N,08407.11710 W,300.1,10,1.08,0.406,2.13,1.08,0.5889736083984375,0.7613561279296874,-9.713276135253906,-2.564885496183206,-1.3358778625954197,0.9083969465648855,25.000588235294117
1761619486,3402.75014 N,08407.11710 W,300.1,10,1.08,0.225,2.13,1.08,0.5267243652343749,0.8020575561523438,-9.775525378417969,-2.877862595419847,-1.0916030534351144,0.9236641221374046,25.04764705882353
1761619487,3402.75014 N,08407.11710 W,300.1,10,1.08,0.225,2.13,1.08,0.45968671875,0.8188169677734375,-9.78031378173828,-2.732824427480916,-1.0687022900763359,0.8244274809160306,25.000588235294117
1761619488,3402.75007 N,08407.11710 W,299.7,10,1.08,0.225,2.13,1.08,0.6081272216796875,0.9074024291992187,-9.74200655517578,-2.7404580152671754,-0.9694656488549618,1.015267175572519,24.906470588235294
1761619489,3402.75007 N,08407.11710 W,299.7,10,1.08,0.225,2.13,1.08,0.6488286499023437,0.7948749511718749,-9.785102185058593,-2.9923664122137406,-1.0534351145038168,1.0763358778625953,25.000588235294117
1761619490,3402.75007 N,08407.11710 W,299.7,10,1.08,0.225,2.13,1.08,0.7589619262695312,0.842758984375,-9.715670336914062,-2.9923664122137406,-1.0610687022900764,0.916030534351145,24.953529411764706
1761619491,3402.75007 N,08407.11710 W,299.7,10,1.08,0.225,2.13,1.08,0.4644751220703125,0.7685387329101562,-9.713276135253906,-2.7709923664122136,-0.9312977099236641,0.8778625954198473,25.09470588235294
1761619492,3402.75007 N,08407.11710 W,299.7,10,1.08,0.225,2.13,1.08,0.5961562133789062,0.7565677246093749,-9.74200655517578,-2.9083969465648853,-0.9312977099236641,1.1145038167938932,25.04764705882353
1761619493,3402.75007 N,08407.11710 W,299.7,10,1.08,0.225,2.13,1.08,0.6009446166992187,0.7517793212890624,-9.701305126953125,-3.145038167938931,-0.9923664122137404,0.9236641221374046,25.000588235294117
1761619494,3402.75007 N,08407.11710 W,299.7,10,1.08,0.030,2.13,1.08,0.5530605834960938,0.7541735229492187,-9.651026892089844,-2.877862595419847,-1.015267175572519,0.9389312977099237,25.000588235294117
1761619495,3402.75007 N,08407.11710 W,299.7,10,1.08,0.030,2.13,1.08,0.5482721801757812,0.7661445312499999,-9.660603698730467,-2.9236641221374047,-1.099236641221374,1.083969465648855,25.09470588235294
1761619496,3402.75002 N,08407.11701 W,299.6,10,1.08,0.030,2.13,1.08,0.5770026000976562,0.7829039428710937,-9.720458740234374,-2.8244274809160306,-1.083969465648855,1.2213740458015268,25.04764705882353
1761619497,3402.75002 N,08407.11701 W,299.6,10,1.08,0.030,2.13,1.08,0.5530605834960938,0.8068459594726562,-9.715670336914062,-2.9770992366412212,-0.9236641221374046,1.2442748091603053,25.000588235294117
1761619498,3402.75002 N,08407.11701 W,299.6,10,1.08,0.030,2.13,1.08,0.5530605834960938,0.7852981445312499,-9.813832604980469,-3.053435114503817,-1.015267175572519,1.0687022900763359,25.04764705882353
1761619499,3402.75002 N,08407.11701 W,299.6,10,1.08,0.030,2.13,1.08,0.5243301635742187,0.814028564453125,-9.79946739501953,-3.0916030534351147,-1.0534351145038168,0.9618320610687023,25.09470588235294
1761619500,3402.75002 N,08407.11701 W,299.6,10,1.08,0.030,2.13,1.08,0.7589619262695312,0.8092401611328125,-9.775525378417969,-3.198473282442748,-1.1908396946564885,1.0763358778625953,25.000588235294117
1761619501,3402.75002 N,08407.11701 W,299.6,10,1.08,0.030,2.13,1.08,0.603338818359375,0.7685387329101562,-9.787496386718749,-2.564885496183206,-1.083969465648855,0.7022900763358778,24.953529411764706
1761619502,3402.75002 N,08407.11701 W,299.6,10,1.08,0.053,2.13,1.08,0.6057330200195312,0.7924807495117187,-9.794678991699218,-2.7099236641221376,-1.0687022900763359,0.8931297709923665,25.000588235294117
1761619503,3402.75002 N,08407.11701 W,299.6,10,1.08,0.053,2.13,1.08,0.5410895751953124,0.7733271362304687,-9.797073193359374,-2.564885496183206,-0.8702290076335878,0.7633587786259542,25.000588235294117
1761619504,3402.74996 N,08407.11694 W,299.5,11,1.08,0.053,2.13,1.08,0.4644751220703125,0.7685387329101562,-9.715670336914062,-2.816793893129771,-1.1603053435114503,0.8473282442748091,25.000588235294117
1761619505,3402.74996 N,08407.11694 W,299.5,11,1.08,0.053,2.13,1.08,0.5506663818359374,0.82360537109375,-9.713276135253906,-2.5572519083969465,-0.9312977099236641,0.6412213740458015,25.04764705882353
1761619506,3402.74996 N,08407.11694 W,299.5,11,1.08,0.053,2.13,1.08,0.584185205078125,0.8379705810546875,-9.730035546875,-3.427480916030534,-1.2061068702290076,1.4427480916030535,24.953529411764706
1761619507,3402.74996 N,08407.11694 W,299.5,11,1.08,0.053,2.13,1.08,0.5458779785156249,0.7350199096679687,-9.552864624023437,-3.3435114503816794,-1.1145038167938932,1.2748091603053435,25.000588235294117
1761619508,3402.74996 N,08407.11694 W,299.5,11,1.08,0.053,2.13,1.08,0.59376201171875,0.7829039428710937,-9.658209497070311,-3.549618320610687,-1.1221374045801527,1.3358778625954197,25.000588235294117
1761619509,3402.74996 N,08407.11694 W,299.5,11,1.08,0.053,2.13,1.08,0.7589619262695312,0.6177040283203125,-9.701305126953125,-3.0229007633587788,-1.1221374045801527,1.2442748091603053,25.09470588235294
1761619510,3402.74996 N,08407.11694 W,299.5,11,1.08,0.037,2.13,1.08,0.5482721801757812,0.7948749511718749,-9.81862100830078,-2.7251908396946565,-0.9541984732824428,1.099236641221374,25.000588235294117
1761619511,3402.74996 N,08407.11694 W,299.5,11,1.08,0.037,2.13,1.08,0.6105214233398437,0.7637503295898437,-9.765948571777344,-3.0610687022900764,-1.0458015267175573,1.015267175572519,25.000588235294117
1761619512,3402.74989 N,08407.11684 W,299.4,11,1.08,0.037,2.13,1.08,0.5674257934570313,0.8307879760742187,-9.715670336914062,-2.969465648854962,-0.9541984732824428,1.1908396946564885,25.000588235294117
1761619513,3402.74989 N,08407.11684 W,299.4,11,1.08,0.037,2.13,1.08,0.7445967163085937,0.8283937744140625,-9.804255798339844,-2.8931297709923665,-0.9770992366412213,1.251908396946565,24.906470588235294
1761619514,3402.74989 N,08407.11684 W,299.4,11,1.08,0.037,2.13,1.08,0.6416460449218749,0.7876923461914062,-9.775525378417969,-2.7938931297709924,-1.099236641221374,0.9389312977099237,25.000588235294117
1761619515,3402.74989 N,08407.11684 W,299.4,11,1.08,0.037,2.13,1.08,0.5482721801757812,0.7781155395507812,-9.775525378417969,-3.1603053435114505,-1.015267175572519,0.816793893129771,24.953529411764706
1761619516,3402.74989 N,08407.11684 W,299.4,11,1.08,0.037,2.13,1.08,0.6009446166992187,0.7805097412109374,-9.775525378417969,-3.0916030534351147,-1.0229007633587786,1.3053435114503817,25.000588235294117
1761619517,3402.74989 N,08407.11684 W,299.4,11,1.08,0.037,2.13,1.08,0.7158662963867187,0.7302315063476562,-9.7683427734375,-2.6412213740458017,-1.083969465648855,1.0305343511450382,24.953529411764706
1761619518,3402.74989 N,08407.11684 W,299.4,11,1.08,0.082,2.13,1.08,0.5770026000976562,0.8044517578125,-9.739612353515625,-3.198473282442748,-1.1221374045801527,1.183206106870229,24.953529411764706
1761619519,3402.74989 N,08407.11684 W,299.4,11,1.08,0.082,2.13,1.08,0.6057330200195312,0.7565677246093749,-9.794678991699218,-3.404580152671756,-1.2900763358778626,1.5572519083969465,25.000588235294117
1761619520,3402.74981 N,08407.11668 W,298.9,11,1.08,0.082,2.13,1.08,0.5770026000976562,0.8116343627929687,-9.78031378173828,-2.9389312977099236,-1.1297709923664123,0.9694656488549618,24.953529411764706
1761619521,3402.74981 N,08407.11668 W,298.9,11,1.08,0.082,2.13,1.08,0.6440402465820312,0.7996633544921875,-9.739612353515625,-3.2213740458015265,-1.1374045801526718,1.2213740458015268,25.000588235294117
1761619522,3402.74981 N,08407.11668 W,298.9,11,1.08,0.082,2.13,1.08,0.6153098266601562,0.7972691528320313,-9.7683427734375,-2.717557251908397,-1.0916030534351144,1.0305343511450382,25.04764705882353
1761619523,3402.74981 N,08407.11668 W,298.9,11,1.08,0.082,2.13,1.08,0.5698199951171875,0.7493851196289062,-9.76116016845703,-2.9923664122137406,-1.0305343511450382,1.16793893129771,25.04764705882353
1761619524,3402.74981 N,08407.11668 W,298.9,11,1.08,0.082,2.13,1.08,0.6009446166992187,0.8116343627929687,-9.785102185058593,-2.877862595419847,-0.9312977099236641,1.1068702290076335,25.04764705882353
1761619525,3402.74981 N,08407.11668 W,298.9,11,1.08,0.082,2.13,1.08,0.584185205078125,0.7733271362304687,-9.773131176757811,-3.1526717557251906,-1.0458015267175573,1.1145038167938932,25.04764705882353
1761619526,3402.74981 N,08407.11668 W,298.9,11,1.08,0.058,2.13,1.08,0.5123591552734374,0.8092401611328125,-9.763554370117188,-2.7404580152671754,-0.916030534351145,1.083969465648855,25.04764705882353
1761619527,3402.74981 N,08407.11668 W,298.9,11,1.08,0.058,2.13,1.08,0.5410895751953124,0.7062894897460937,-9.665392102050781,-2.2442748091603053,-0.9694656488549618,1.2442748091603053,24.953529411764706
1761619528,3402.74981 N,08407.11666 W,298.7,11,0.85,0.058,2.13,1.08,0.5722141967773438,0.7996633544921875,-9.751583361816406,-2.6946564885496183,-0.9770992366412213,0.6183206106870229,25.09470588235294
1761619529,3402.74981 N,08407.11666 W,298.7,11,0.85,0.058,1.57,0.85,0.5674257934570313,0.7709329345703124,-9.782707983398437,-3.801526717557252,-1.2366412213740459,2.045801526717557,25.09470588235294
1761619530,3402.74981 N,08407.11666 W,298.7,11,0.85,0.058,1.57,0.85,0.59376201171875,0.7948749511718749,-9.849745629882811,-3.351145038167939,-1.2442748091603053,1.748091603053435,24.953529411764706
1761619531,3402.74981 N,08407.11666 W,298.7,11,0.85,0.058,1.57,0.85,0.6943184814453125,0.8547299926757812,-9.730035546875,-3.816793893129771,-1.0305343511450382,1.6641221374045803,25.09470588235294
1761619532,3402.74981 N,08407.11666 W,298.7,11,0.85,0.058,1.57,0.85,0.55545478515625,0.8020575561523438,-9.701305126953125,-3.381679389312977,-1.297709923664122,1.465648854961832,25.09470588235294
1761619533,3402.74981 N,08407.11666 W,298.7,11,0.85,0.058,1.57,0.85,0.5889736083984375,0.7972691528320313,-9.744400756835937,-3.068702290076336,-0.9923664122137404,1.3740458015267176,25.09470588235294
1761619534,3402.74981 N,08407.11666 W,298.7,11,0.85,0.042,1.57,0.85,0.5746083984375,0.7924807495117187,-9.696516723632811,-3.16793893129771,-0.9618320610687023,1.3053435114503817,25.141764705882352
1761619535,3402.74981 N,08407.11666 W,298.7,11,0.85,0.042,1.57,0.85,0.6655880615234374,0.7924807495117187,-9.76116016845703,-3.0610687022900764,-1.0610687022900764,1.1068702290076335,25.04764705882353
1761619536,3402.74980 N,08407.11663 W,298.7,11,0.85,0.042,1.57,0.85,0.6009446166992187,0.612915625,-9.6917283203125,-2.885496183206107,-1.0687022900763359,0.9083969465648855,25.04764705882353
1761619537,3402.74980 N,08407.11663 W,298.7,11,0.85,0.042,1.57,0.85,0.6057330200195312,0.8020575561523438,-9.828197814941406,-2.648854961832061,-0.9923664122137404,0.9541984732824428,25.04764705882353
1761619538,3402.74980 N,08407.11663 W,298.7,11,0.85,0.042,1.57,0.85,0.5626373901367188,0.6272808349609375,-9.765948571777344,-2.984732824427481,-0.9312977099236641,0.8931297709923665,24.953529411764706
1761619539,3402.74980 N,08407.11663 W,298.7,11,0.85,0.042,1.57,0.85,0.5674257934570313,0.9169792358398436,-9.81862100830078,-3.0,-1.099236641221374,0.9618320610687023,25.04764705882353
1761619540,3402.74980 N,08407.11663 W,298.7,11,0.85,0.042,1.57,0.85,0.5482721801757812,0.7661445312499999,-9.74200655517578,-2.2213740458015265,-1.2290076335877862,0.42748091603053434,25.04764705882353
1761619541,3402.74980 N,08407.11663 W,298.7,11,0.85,0.042,1.57,0.85,0.5363011718749999,0.7829039428710937,-9.753977563476562,-2.801526717557252,-0.5267175572519084,0.5267175572519084,25.04764705882353
1761619542,3402.74980 N,08407.11663 W,298.7,11,0.85,0.021,1.57,0.85,0.5626373901367188,0.7972691528320313,-9.852139831542969,-2.1603053435114505,-0.7633587786259542,0.22900763358778625,25.09470588235294
1761619543,3402.74980 N,08407.11663 W,298.7,11,0.85,0.021,1.57,0.85,0.584185205078125,0.6967126831054687,-9.787496386718749,-2.3053435114503817,-0.9389312977099237,0.5648854961832062,24.953529411764706
1761619544,3402.74983 N,08407.11666 W,298.8,11,0.85,0.021,1.57,0.85,0.5626373901367188,0.6272808349609375,-9.785102185058593,-2.618320610687023,-1.0,0.7251908396946565,25.000588235294117
1761619545,3402.74983 N,08407.11666 W,298.8,11,0.85,0.021,1.57,0.85,0.55545478515625,0.7541735229492187,-9.789890588378906,-2.9160305343511452,-1.4045801526717556,0.24427480916030533,25.000588235294117
1761619546,3402.74983 N,08407.11666 W,298.8,11,0.85,0.021,1.57,0.85,0.6368576416015624,0.7206546997070312,-9.677363110351562,-3.053435114503817,-1.015267175572519,1.0,25.09470588235294
1761619547,3402.74983 N,08407.11666 W,298.8,11,0.85,0.021,1.57,0.85,0.5698199951171875,0.8044517578125,-9.746794958496093,-2.931297709923664,-1.282442748091603,0.8625954198473282,25.09470588235294
1761619548,3402.74983 N,08407.11666 W,298.8,11,0.85,0.021,1.57,0.85,0.5913678100585937,0.7948749511718749,-9.677363110351562,-3.1603053435114505,-1.3206106870229009,1.099236641221374,24.953529411764706
1761619549,3402.74983 N,08407.11666 W,298.8,11,0.85,0.021,1.57,0.85,0.7493851196289062,0.8451531860351562,-9.737218151855469,-3.3969465648854964,-1.1145038167938932,1.1755725190839694,25.000588235294117
1761619550,3402.74983 N,08407.11666 W,298.8,11,0.85,0.069,1.57,0.85,0.6392518432617187,0.8068459594726562,-9.854534033203125,-2.83206106870229,-1.4045801526717556,0.10687022900763359,24.953529411764706
1761619551,3402.74983 N,08407.11666 W,298.8,11,0.85,0.069,1.57,0.85,0.5674257934570313,0.8403647827148437,-9.737218151855469,-1.786259541984733,-0.8702290076335878,0.061068702290076333,25.04764705882353
1761619552,3402.74988 N,08407.11666 W,298.8,11,0.85,0.069,1.57,0.85,0.6416460449218749,0.7829039428710937,-9.763554370117188,-2.66412213740458,-1.0229007633587786,1.183206106870229,25.000588235294117
1761619553,3402.74988 N,08407.11666 W,298.8,11,0.85,0.069,1.57,0.85,0.5722141967773438,0.7781155395507812,-9.792284790039062,-3.5419847328244276,-1.1755725190839694,1.7709923664122138,24.906470588235294
1761619554,3402.74988 N,08407.11666 W,298.8,11,0.85,0.069,1.57,0.85,0.584185205078125,0.8259995727539062,-9.888052856445311,-2.9236641221374047,-1.0458015267175573,1.2290076335877862,25.09470588235294
1761619555,3402.74988 N,08407.11666 W,298.8,11,0.85,0.069,1.57,0.85,0.5865794067382812,0.9026140258789062,-9.739612353515625,-2.480916030534351,-1.0687022900763359,0.7709923664122137,24.906470588235294
1761619556,3402.74988 N,08407.11666 W,298.8,11,0.85,0.069,1.57,0.85,0.5458779785156249,0.7493851196289062,-9.72285294189453,-2.6106870229007635,-1.0076335877862594,0.5190839694656488,24.953529411764706
1761619557,3402.74988 N,08407.11666 W,298.8,11,0.85,0.069,1.57,0.85,0.584185205078125,0.7733271362304687,-9.900023864746093,-3.068702290076336,-1.1221374045801527,1.0534351145038168,25.000588235294117
1761619558,3402.74988 N,08407.11666 W,298.8,11,0.85,0.083,1.57,0.85,0.5434837768554687,0.8307879760742187,-9.816226806640625,-3.0076335877862594,-1.083969465648855,1.183206106870229,25.000588235294117
1761619559,3402.74988 N,08407.11666 W,298.8,11,0.85,0.083,1.57,0.85,0.5722141967773438,0.8020575561523438,-9.746794958496093,-3.045801526717557,-0.9847328244274809,1.0916030534351144,25.000588235294117
1761619561,3402.74993 N,08407.11670 W,298.6,11,0.85,0.083,1.57,0.85,0.47884033203125,0.622492431640625,-9.763554370117188,-2.877862595419847,-1.0076335877862594,1.2900763358778626,24.906470588235294
1761619562,3402.74993 N,08407.11670 W,298.6,11,0.85,0.083,1.57,0.85,0.6009446166992187,0.7015010864257812,-9.93354268798828,-2.984732824427481,-1.015267175572519,0.9541984732824428,24.953529411764706
1761619563,3402.74993 N,08407.11670 W,298.6,11,0.85,0.083,1.57,0.85,0.7254431030273437,0.718260498046875,-9.686939916992188,-2.7251908396946565,-1.0381679389312977,1.3053435114503817,25.04764705882353
1761619564,3402.74993 N,08407.11670 W,298.6,11,0.85,0.083,1.57,0.85,0.584185205078125,0.8355763793945312,-9.792284790039062,-3.114503816793893,-0.6183206106870229,1.9465648854961832,25.000588235294117
1761619565,3402.74993 N,08407.11670 W,298.6,11,0.85,0.083,1.57,0.85,0.565031591796875,0.7900865478515624,-9.782707983398437,-2.351145038167939,-0.8931297709923665,0.4198473282442748,25.000588235294117
1761619566,3402.74993 N,08407.11670 W,298.6,11,0.85,0.083,1.57,0.85,0.6177040283203125,0.7852981445312499,-9.789890588378906,-2.0,-0.7709923664122137,0.29770992366412213,24.953529411764706
1761619567,3402.74993 N,08407.11670 W,298.6,11,0.85,0.016,1.57,0.85,0.6296750366210937,0.8188169677734375,-9.76116016845703,-2.8931297709923665,-1.1450381679389312,1.0381679389312977,25.04764705882353
1761619568,3402.74993 N,08407.11670 W,298.6,11,0.85,0.016,1.57,0.85,0.5817910034179687,0.7996633544921875,-9.79946739501953,-2.877862595419847,-1.183206106870229,0.9007633587786259,24.906470588235294
1761619569,3402.74999 N,08407.11675 W,298.4,11,0.85,0.016,1.57,0.85,0.59376201171875,0.8259995727539062,-9.775525378417969,-3.2900763358778624,-1.2366412213740459,1.6030534351145038,24.953529411764706
1761619570,3402.74999 N,08407.11675 W,298.4,11,0.85,0.016,1.57,0.85,0.5147533569335937,0.7733271362304687,-9.794678991699218,-2.045801526717557,-0.6030534351145038,0.4580152671755725,24.953529411764706
1761619571,3402.74999 N,08407.11675 W,298.4,11,0.85,0.016,1.57,0.85,0.5961562133789062,0.7852981445312499,-9.892841259765625,-3.1068702290076335,-1.1526717557251909,1.099236641221374,24.906470588235294
1761619572,3402.74999 N,08407.11675 W,298.4,11,0.85,0.016,1.57,0.85,0.612915625,0.8307879760742187,-9.888052856445311,-3.854961832061069,-1.1297709923664123,1.748091603053435,25.04764705882353
1761619573,3402.74999 N,08407.11675 W,298.4,11,0.85,0.016,1.57,0.85,0.5626373901367188,0.7613561279296874,-9.753977563476562,-2.3435114503816794,-0.9083969465648855,0.366412213740458,24.953529411764706
1761619574,3402.74999 N,08407.11675 W,298.4,11,0.85,0.016,1.57,0.85,0.565031591796875,0.7852981445312499,-9.6917283203125,-3.0610687022900764,-1.183206106870229,1.0534351145038168,24.906470588235294
1761619575,3402.74999 N,08407.11675 W,298.4,11,0.85,0.048,1.57,0.85,0.7206546997070312,0.8259995727539062,-9.763554370117188,-3.0763358778625953,-1.0229007633587786,1.3282442748091603,24.953529411764706
1761619576,3402.74999 N,08407.11675 W,298.4,11,0.85,0.048,1.57,0.85,0.5219359619140624,0.7158662963867187,-9.816226806640625,-2.236641221374046,-1.0458015267175573,0.5114503816793893,25.000588235294117
1761619577,3402.75004 N,08407.11679 W,298.3,11,0.85,0.048,1.57,0.85,0.6344634399414062,0.7326257080078125,-9.775525378417969,-2.2213740458015265,-1.0381679389312977,0.3969465648854962,25.000588235294117
1761619578,3402.75004 N,08407.11679 W,298.3,11,0.85,0.048,1.57,0.85,0.4740519287109375,0.9169792358398436,-9.758765966796874,-3.6030534351145036,-1.1297709923664123,1.633587786259542,24.906470588235294
1761619579,3402.75004 N,08407.11679 W,298.3,11,0.85,0.048,1.57,0.85,0.565031591796875,0.9145850341796874,-9.588777648925781,-3.0076335877862594,-1.0229007633587786,1.0305343511450382,24.953529411764706
1761619580,3402.75004 N,08407.11679 W,298.3,11,0.85,0.048,1.57,0.85,0.6081272216796875,0.9121908325195311,-9.7683427734375,-5.854961832061068,-1.2213740458015268,1.9541984732824427,25.000588235294117
1761619581,3402.75004 N,08407.11679 W,298.3,11,0.85,0.048,1.57,0.85,0.6153098266601562,0.82360537109375,-9.655815295410155,-2.7099236641221376,-1.0916030534351144,0.7404580152671756,24.906470588235294
1761619582,3402.75004 N,08407.11679 W,298.3,11,0.85,0.048,1.57,0.85,0.7134720947265625,0.6919242797851562,-9.730035546875,-2.8931297709923665,-1.0229007633587786,0.916030534351145,25.000588235294117
1761619583,3402.75004 N,08407.11679 W,298.3,11,0.85,0.050,1.57,0.85,0.49799394531249996,0.814028564453125,-9.72285294189453,-2.8473282442748094,-1.1221374045801527,0.916030534351145,24.906470588235294
1761619584,3402.75004 N,08407.11679 W,298.3,11,0.85,0.050,1.57,0.85,0.5770026000976562,0.7661445312499999,-9.801861596679688,-2.7938931297709924,-1.0916030534351144,0.916030534351145,25.000588235294117
1761619585,3402.75007 N,08407.11682 W,298.3,11,0.85,0.050,1.57,0.85,0.5698199951171875,0.6368576416015624,-9.751583361816406,-2.6793893129770994,-1.083969465648855,0.9541984732824428,25.000588235294117
1761619586,3402.75007 N,08407.11682 W,298.3,11,0.85,0.050,1.57,0.85,0.5674257934570313,0.8571241943359375,-9.672574707031249,-3.786259541984733,-1.3053435114503817,2.0229007633587788,25.000588235294117
1761619587,3402.75007 N,08407.11682 W,298.3,11,0.85,0.050,1.57,0.85,0.5865794067382812,0.842758984375,-9.677363110351562,-3.030534351145038,-1.0763358778625953,1.1450381679389312,25.09470588235294
1761619588,3402.75007 N,08407.11682 W,298.3,11,0.85,0.050,1.57,0.85,0.5961562133789062,0.6488286499023437,-9.801861596679688,-2.900763358778626,-1.1068702290076335,1.0763358778625953,25.000588235294117
1761619589,3402.75007 N,08407.11682 W,298.3,11,0.85,0.050,1.57,0.85,0.5674257934570313,0.7709329345703124,-9.698910925292969,-2.6106870229007635,-0.9847328244274809,0.9847328244274809,24.953529411764706
1761619590,3402.75007 N,08407.11682 W,298.3,11,0.85,0.050,1.57,0.85,0.6272808349609375,0.8188169677734375,-9.804255798339844,-2.5877862595419847,-1.0076335877862594,0.5801526717557252,25.04764705882353
1761619591,3402.75007 N,08407.11682 W,298.3,11,0.85,0.041,1.57,0.85,0.603338818359375,0.7541735229492187,-9.76116016845703,-2.786259541984733,-1.0229007633587786,0.7557251908396947,24.953529411764706
1761619592,3402.75007 N,08407.11682 W,298.3,11,0.85,0.041,1.57,0.85,0.46208092041015625,0.8092401611328125,-9.744400756835937,-2.8244274809160306,-1.0687022900763359,1.099236641221374,24.953529411764706
1761619593,3402.75011 N,08407.11688 W,298.2,11,0.85,0.041,1.57,0.85,0.584185205078125,0.612915625,-9.907206469726562,-2.6793893129770994,-1.1145038167938932,0.9618320610687023,25.000588235294117
1761619594,3402.75011 N,08407.11688 W,298.2,11,0.85,0.041,1.57,0.85,0.5985504150390625,0.7805097412109374,-9.83777462158203,-3.351145038167939,-0.9618320610687023,1.1755725190839694,25.000588235294117
1761619595,3402.75011 N,08407.11688 W,298.2,11,0.85,0.041,1.57,0.85,0.5530605834960938,0.833182177734375,-9.90241806640625,-2.9083969465648853,-1.1908396946564885,0.9389312977099237,25.000588235294117
1761619596,3402.75011 N,08407.11688 W,298.2,11,0.85,0.041,1.57,0.85,0.5602431884765625,0.7685387329101562,-9.737218151855469,-2.7557251908396947,-1.1908396946564885,0.7862595419847328,25.000588235294117
1761619597,3402.75011 N,08407.11688 W,298.2,11,0.85,0.041,1.57,0.85,0.5506663818359374,0.7948749511718749,-9.720458740234374,-2.885496183206107,-1.015267175572519,1.1450381679389312,24.953529411764706
1761619598,3402.75011 N,08407.11688 W,298.2,11,0.85,0.041,1.57,0.85,0.5913678100585937,0.7781155395507812,-9.739612353515625,-2.9770992366412212,-1.0076335877862594,1.0916030534351144,24.953529411764706
1761619599,3402.75011 N,08407.11688 W,298.2,11,0.85,0.025,1.57,0.85,0.6177040283203125,0.7924807495117187,-9.701305126953125,-3.0381679389312977,-1.0916030534351144,1.183206106870229,25.000588235294117
1761619600,3402.75011 N,08407.11688 W,298.2,11,0.85,0.025,1.57,0.85,0.7254431030273437,0.7302315063476562,-9.746794958496093,-3.49618320610687,-1.2213740458015268,1.5954198473282444,24.906470588235294
1761619601,3402.75014 N,08407.11691 W,298.1,11,0.85,0.025,1.57,0.85,0.5267243652343749,0.7709329345703124,-9.87608184814453,-3.0916030534351147,-1.0534351145038168,1.2366412213740459,25.141764705882352
1761619602,3402.75014 N,08407.11691 W,298.1,11,0.85,0.025,1.57,0.85,0.5722141967773438,0.8020575561523438,-9.900023864746093,-3.1908396946564888,-0.9083969465648855,1.3129770992366412,24.953529411764706
1761619603,3402.75014 N,08407.11691 W,298.1,11,0.85,0.025,1.57,0.85,0.5219359619140624,0.7493851196289062,-9.74200655517578,-3.267175572519084,-1.1374045801526718,1.465648854961832,25.000588235294117
1761619604,3402.75014 N,08407.11691 W,298.1,11,0.85,0.025,1.57,0.85,0.6057330200195312,0.8451531860351562,-9.785102185058593,-3.480916030534351,-1.1603053435114503,1.450381679389313,24.906470588235294
1761619605,3402.75014 N,08407.11691 W,298.1,11,0.85,0.025,1.57,0.85,0.5578489868164063,0.7948749511718749,-9.840168823242188,-2.969465648854962,-0.9618320610687023,1.3511450381679388,24.953529411764706
1761619606,3402.75014 N,08407.11691 W,298.1,11,0.85,0.025,1.57,0.85,0.5674257934570313,0.9169792358398436,-9.720458740234374,-2.8396946564885495,-1.282442748091603,0.6870229007633588,24.906470588235294
1761619607,3402.75014 N,08407.11691 W,298.1,11,0.85,0.026,1.57,0.85,0.5458779785156249,0.852335791015625,-9.739612353515625,-3.282442748091603,-0.9465648854961832,1.2900763358778626,24.953529411764706
1761619608,3402.75014 N,08407.11691 W,298.1,11,0.85,0.026,1.57,0.85,0.4836287353515625,0.7876923461914062,-9.710881933593749,-3.045801526717557,-1.0687022900763359,1.0763358778625953,24.906470588235294
1761619609,3402.75016 N,08407.11693 W,298.0,11,0.85,0.026,1.57,0.85,0.584185205078125,0.9169792358398436,-9.789890588378906,-2.7022900763358777,-0.916030534351145,0.8091603053435115,25.000588235294117
1761619610,3402.75016 N,08407.11693 W,298.0,11,0.85,0.026,1.57,0.85,0.7278373046875,0.8044517578125,-9.756371765136718,-2.633587786259542,-0.9770992366412213,0.8625954198473282,24.906470588235294
1761619611,3402.75016 N,08407.11693 W,298.0,11,0.85,0.026,1.57,0.85,0.6153098266601562,0.8092401611328125,-9.694122521972655,-2.648854961832061,-0.9923664122137404,0.7251908396946565,25.000588235294117
1761619612,3402.75016 N,08407.11693 W,298.0,11,0.85,0.026,1.57,0.85,0.5770026000976562,0.7733271362304687,-9.660603698730467,-3.015267175572519,-0.9083969465648855,1.1908396946564885,24.953529411764706
1761619613,3402.75016 N,08407.11693 W,298.0,11,0.85,0.026,1.57,0.85,0.47165772705078124,0.7685387329101562,-9.720458740234374,-2.5114503816793894,-1.0916030534351144,0.648854961832061,24.953529411764706
1761619614,3402.75016 N,08407.11693 W,298.0,11,0.85,0.026,1.57,0.85,0.6392518432617187,0.7876923461914062,-9.557653027343749,-2.435114503816794,-0.9923664122137404,0.6717557251908397,25.04764705882353
1761619615,3402.75016 N,08407.11693 W,298.0,11,0.85,0.012,1.57,0.85,0.5746083984375,0.7733271362304687,-9.911994873046874,-3.183206106870229,-1.0610687022900764,1.3435114503816794,24.953529411764706
1761619616,3402.75016 N,08407.11693 W,298.0,11,0.85,0.012,1.57,0.85,0.6009446166992187,0.8786720092773437,-9.6917283203125,-2.7709923664122136,-0.9389312977099237,0.816793893129771,25.09470588235294
1761619617,3402.75019 N,08407.11695 W,298.0,11,0.85,0.012,1.57,0.85,0.55545478515625,0.689530078125,-9.765948571777344,-2.3587786259541983,-0.8320610687022901,1.0229007633587786,24.906470588235294
1761619618,3402.75019 N,08407.11695 W,298.0,11,0.85,0.012,1.57,0.85,0.5817910034179687,0.8116343627929687,-9.763554370117188,-2.50381679389313,-0.9389312977099237,0.7709923664122137,25.000588235294117
1761619619,3402.75019 N,08407.11695 W,298.0,11,0.85,0.012,1.57,0.85,0.6009446166992187,0.7924807495117187,-9.76116016845703,-3.145038167938931,-1.0610687022900764,1.3740458015267176,24.953529411764706
1761619620,3402.75019 N,08407.11695 W,298.0,11,0.85,0.012,1.57,0.85,0.6272808349609375,0.7852981445312499,-9.789890588378906,-3.045801526717557,-1.2213740458015268,1.213740458015267,25.000588235294117
1761619621,3402.75019 N,08407.11695 W,298.0,11,0.85,0.012,1.57,0.85,0.5793968017578125,0.8092401611328125,-9.74200655517578,-2.5114503816793894,-1.1221374045801527,1.1068702290076335,24.859411764705882
1761619622,3402.75019 N,08407.11695 W,298.0,11,0.85,0.012,1.57,0.85,0.7206546997070312,0.7900865478515624,-9.718064538574218,-2.9923664122137406,-1.0229007633587786,1.3358778625954197,24.953529411764706
1761619623,3402.75019 N,08407.11695 W,298.0,11,0.85,0.048,1.57,0.85,0.6081272216796875,0.7493851196289062,-9.792284790039062,-2.931297709923664,-1.2442748091603053,0.9694656488549618,25.000588235294117
1761619624,3402.75019 N,08407.11695 W,298.0,11,0.85,0.048,1.57,0.85,0.6153098266601562,0.7350199096679687,-9.710881933593749,-3.068702290076336,-1.0916030534351144,1.0458015267175573,24.906470588235294
1761619625,3402.75020 N,08407.11702 W,297.6,11,0.85,0.048,1.57,0.85,0.5530605834960938,0.7829039428710937,-9.751583361816406,-2.8625954198473282,-1.015267175572519,0.9694656488549618,25.000588235294117
1761619626,3402.75020 N,08407.11702 W,297.6,11,0.85,0.048,1.57,0.85,0.6153098266601562,0.7733271362304687,-9.852139831542969,-2.6717557251908395,-1.0687022900763359,0.6793893129770993,25.000588235294117
1761619627,3402.75020 N,08407.11702 W,297.6,11,0.85,0.048,1.57,0.85,0.5889736083984375,0.7398083129882812,-9.727641345214844,-3.2748091603053435,-1.099236641221374,1.366412213740458,24.906470588235294
1761619628,3402.75020 N,08407.11702 W,297.6,11,0.85,0.048,1.57,0.85,0.6488286499023437,0.7661445312499999,-9.744400756835937,-2.9618320610687023,-0.9770992366412213,0.9847328244274809,25.000588235294117
1761619629,3402.75020 N,08407.11702 W,297.6,11,0.85,0.048,1.57,0.85,0.5961562133789062,0.7517793212890624,-9.79946739501953,-2.8396946564885495,-1.0305343511450382,1.2061068702290076,25.000588235294117
1761619630,3402.75020 N,08407.11702 W,297.6,11,0.85,0.048,1.57,0.85,0.47165772705078124,0.8164227661132812,-9.677363110351562,-3.045801526717557,-1.1984732824427482,1.366412213740458,24.906470588235294
1761619631,3402.75020 N,08407.11702 W,297.6,11,0.85,0.009,1.57,0.85,0.5698199951171875,0.7254431030273437,-9.777919580078125,-2.83206106870229,-1.0381679389312977,0.8854961832061069,25.000588235294117
1761619632,3402.75020 N,08407.11702 W,297.6,11,0.85,0.009,1.57,0.85,0.565031591796875,0.7565677246093749,-9.708487731933593,-2.984732824427481,-0.9312977099236641,1.2366412213740459,25.000588235294117
1761619633,3402.75017 N,08407.11707 W,297.4,11,0.85,0.009,1.57,0.85,0.5698199951171875,0.8499415893554687,-9.674968908691406,-2.8396946564885495,-0.9312977099236641,0.9847328244274809,24.906470588235294
1761619634,3402.75017 N,08407.11707 W,297.4,11,0.85,0.009,1.57,0.85,0.5674257934570313,0.7757213378906249,-9.686939916992188,-2.045801526717557,-0.9465648854961832,0.4580152671755725,25.000588235294117
1761619635,3402.75017 N,08407.11707 W,297.4,11,0.85,0.009,1.57,0.85,0.6153098266601562,0.7541735229492187,-9.785102185058593,-3.0076335877862594,-1.0916030534351144,1.3587786259541985,24.859411764705882
1761619636,3402.75017 N,08407.11707 W,297.4,11,0.85,0.009,1.57,0.85,0.5770026000976562,0.8092401611328125,-9.816226806640625,-3.480916030534351,-1.2442748091603053,1.4274809160305344,25.000588235294117
1761619637,3402.75017 N,08407.11707 W,297.4,11,0.85,0.009,1.57,0.85,0.6296750366210937,0.8020575561523438,-9.720458740234374,-2.8473282442748094,-1.16793893129771,0.9236641221374046,25.000588235294117
1761619638,3402.75017 N,08407.11707 W,297.4,11,0.85,0.009,1.57,0.85,0.584185205078125,0.7876923461914062,-9.782707983398437,-2.633587786259542,-1.0305343511450382,0.8320610687022901,25.000588235294117
1761619639,3402.75017 N,08407.11707 W,297.4,11,0.85,0.033,1.57,0.85,0.7517793212890624,0.8307879760742187,-9.749189160156249,-2.8396946564885495,-1.099236641221374,1.0763358778625953,25.04764705882353
1761619640,3402.75017 N,08407.11707 W,297.4,11,0.85,0.033,1.57,0.85,0.47644613037109373,0.7972691528320313,-9.782707983398437,-2.854961832061069,-1.0916030534351144,0.9389312977099237,24.859411764705882
1761619641,3402.75019 N,08407.11724 W,297.1,11,0.85,0.033,1.57,0.85,0.7254431030273437,0.814028564453125,-9.79946739501953,-2.8396946564885495,-1.1374045801526718,0.9465648854961832,24.906470588235294
1761619642,3402.75019 N,08407.11724 W,297.1,11,0.85,0.033,1.57,0.85,0.5674257934570313,0.7924807495117187,-9.74200655517578,-2.66412213740458,-1.1221374045801527,0.9007633587786259,24.953529411764706
1761619643,3402.75019 N,08407.11724 W,297.1,11,0.85,0.033,1.57,0.85,0.5722141967773438,0.8212111694335937,-9.758765966796874,-3.0763358778625953,-0.9083969465648855,1.0229007633587786,25.000588235294117
1761619644,3402.75019 N,08407.11724 W,297.1,11,0.85,0.033,1.57,0.85,0.488417138671875,0.833182177734375,-9.782707983398437,-2.984732824427481,-1.3511450381679388,1.2061068702290076,24.953529411764706
1761619645,3402.75019 N,08407.11724 W,297.1,11,0.85,0.033,1.57,0.85,0.5793968017578125,0.8475473876953125,-9.744400756835937,-2.3206106870229006,-0.7251908396946565,0.44274809160305345,24.953529411764706
1761619646,3402.75019 N,08407.11724 W,297.1,11,0.85,0.033,1.57,0.85,0.5626373901367188,0.7900865478515624,-9.89523546142578,-1.984732824427481,-0.9847328244274809,0.648854961832061,24.906470588235294
1761619647,3402.75019 N,08407.11724 W,297.1,11,0.85,0.079,1.57,0.85,0.5530605834960938,0.7422025146484375,-9.749189160156249,-1.6030534351145038,-0.8778625954198473,0.15267175572519084,25.000588235294117
1761619648,3402.75019 N,08407.11724 W,297.1,11,0.85,0.079,1.57,0.85,0.6057330200195312,0.7422025146484375,-9.715670336914062,-2.801526717557252,-0.9312977099236641,0.9923664122137404,24.906470588235294
1761619649,3402.75018 N,08407.11730 W,296.9,11,0.85,0.079,1.57,0.85,0.6248866333007812,0.9002198242187499,-9.679757312011718,-3.381679389312977,-1.183206106870229,1.5572519083969465,24.906470588235294
1761619650,3402.75018 N,08407.11730 W,296.9,11,0.85,0.079,1.57,0.85,0.5985504150390625,0.8259995727539062,-9.787496386718749,-2.9618320610687023,-1.183206106870229,1.083969465648855,24.953529411764706
1761619651,3402.75018 N,08407.11730 W,296.9,11,0.85,0.079,1.57,0.85,0.5722141967773438,0.9169792358398436,-9.777919580078125,-2.9923664122137406,-0.8625954198473282,1.099236641221374,24.953529411764706
1761619652,3402.75018 N,08407.11730 W,296.9,11,0.85,0.079,1.57,0.85,0.5243301635742187,0.6344634399414062,-9.80665,-3.053435114503817,-1.099236641221374,1.015267175572519,25.000588235294117
1761619653,3402.75018 N,08407.11730 W,296.9,11,0.85,0.079,1.57,0.85,0.5865794067382812,0.842758984375,-9.804255798339844,-3.145038167938931,-1.1908396946564885,1.3587786259541985,24.906470588235294
1761619654,3402.75018 N,08407.11730 W,296.9,11,0.85,0.079,1.57,0.85,0.6512228515624999,0.7948749511718749,-9.718064538574218,-2.8931297709923665,-1.1603053435114503,1.0381679389312977,24.906470588235294
1761619655,3402.75018 N,08407.11730 W,296.9,11,0.85,0.075,1.57,0.85,0.584185205078125,0.9074024291992187,-9.773131176757811,-3.4427480916030535,-1.1526717557251909,1.5801526717557253,25.000588235294117
1761619656,3402.75018 N,08407.11730 W,296.9,11,0.85,0.075,1.57,0.85,0.5985504150390625,0.7733271362304687,-9.813832604980469,-3.519083969465649,-0.9312977099236641,1.7633587786259541,24.953529411764706
1761619657,3402.75016 N,08407.11737 W,296.6,11,0.85,0.075,1.57,0.85,0.603338818359375,0.8020575561523438,-9.72285294189453,-2.9923664122137406,-1.1068702290076335,1.4198473282442747,25.04764705882353
1761619658,3402.75016 N,08407.11737 W,296.6,11,0.85,0.075,1.57,0.85,0.5865794067382812,0.7900865478515624,-9.708487731933593,-3.4656488549618323,-1.1297709923664123,1.5038167938931297,24.953529411764706
1761619659,3402.75016 N,08407.11737 W,296.6,11,0.85,0.075,1.57,0.85,0.5722141967773438,0.6416460449218749,-9.74200655517578,-3.1908396946564888,-1.1068702290076335,1.0916030534351144,25.000588235294117
1761619660,3402.75016 N,08407.11737 W,296.6,11,0.85,0.075,1.57,0.85,0.6081272216796875,0.7158662963867187,-9.70369932861328,-2.900763358778626,-1.3129770992366412,0.5572519083969466,25.000588235294117
1761619661,3402.75016 N,08407.11737 W,296.6,11,0.85,0.075,1.57,0.85,0.59376201171875,0.6703764648437499,-9.682151513671874,-2.6259541984732824,-1.0305343511450382,0.8473282442748091,24.953529411764706
1761619662,3402.75016 N,08407.11737 W,296.6,11,0.85,0.075,1.57,0.85,0.584185205078125,0.8164227661132812,-9.6917283203125,-3.404580152671756,-1.2748091603053435,1.5648854961832062,25.000588235294117
1761619663,3402.75016 N,08407.11737 W,296.6,11,0.85,0.047,1.57,0.85,0.55545478515625,0.833182177734375,-9.737218151855469,-2.969465648854962,-1.1145038167938932,1.1755725190839694,24.906470588235294
1761619664,3402.75016 N,08407.11737 W,296.6,11,0.85,0.047,1.57,0.85,0.5602431884765625,0.7613561279296874,-9.713276135253906,-2.9923664122137406,-1.099236641221374,1.16793893129771,24.906470588235294
1761619665,3402.75015 N,08407.11744 W,296.3,11,0.85,0.047,1.57,0.85,0.5626373901367188,0.7972691528320313,-9.732429748535155,-3.0229007633587788,-1.083969465648855,1.1603053435114503,24.906470588235294
1761619666,3402.75015 N,08407.11744 W,296.3,11,0.85,0.047,1.57,0.85,0.5746083984375,0.7972691528320313,-9.670180505371093,-3.572519083969466,-0.9007633587786259,1.8931297709923665,24.953529411764706
1761619667,3402.75015 N,08407.11744 W,296.3,11,0.85,0.047,1.57,0.85,0.5722141967773438,0.7757213378906249,-9.753977563476562,-3.6564885496183206,-1.2061068702290076,1.6030534351145038,25.04764705882353
1761619668,3402.75015 N,08407.11744 W,296.3,11,0.85,0.047,1.57,0.85,0.6607996582031249,0.8044517578125,-9.643844287109374,-2.83206106870229,-1.1297709923664123,1.015267175572519,24.953529411764706
1761619669,3402.75015 N,08407.11744 W,296.3,11,0.85,0.047,1.57,0.85,0.5195417602539062,0.7924807495117187,-9.746794958496093,-2.381679389312977,-1.1374045801526718,0.5190839694656488,24.953529411764706
1761619670,3402.75015 N,08407.11744 W,296.3,11,0.85,0.047,1.57,0.85,0.5913678100585937,0.9097966308593749,-9.698910925292969,-2.954198473282443,-1.083969465648855,1.1297709923664123,24.906470588235294
1761619671,3402.75015 N,08407.11744 W,296.3,11,0.85,0.028,1.57,0.85,0.603338818359375,0.82360537109375,-9.773131176757811,-2.931297709923664,-1.015267175572519,1.183206106870229,24.906470588235294
1761619672,3402.75015 N,08407.11744 W,296.3,11,0.85,0.028,1.57,0.85,0.59376201171875,0.74699091796875,-9.907206469726562,-2.9160305343511452,-1.0610687022900764,1.2366412213740459,24.859411764705882
1761619673,3402.75012 N,08407.11750 W,296.2,11,0.85,0.028,1.57,0.85,0.5434837768554687,0.6200982299804687,-9.74200655517578,-3.053435114503817,-1.0458015267175573,1.3129770992366412,24.906470588235294
1761619674,3402.75012 N,08407.11750 W,296.2,11,0.85,0.028,1.57,0.85,0.6177040283203125,0.8068459594726562,-9.76116016845703,-2.801526717557252,-1.0076335877862594,0.9312977099236641,25.04764705882353
1761619676,3402.75012 N,08407.11750 W,296.2,11,0.85,0.028,1.57,0.85,0.5865794067382812,0.7924807495117187,-9.785102185058593,-2.7251908396946565,-1.282442748091603,0.9541984732824428,24.906470588235294
1761619677,3402.75012 N,08407.11750 W,296.2,11,0.85,0.028,1.57,0.85,0.6153098266601562,0.8188169677734375,-9.785102185058593,-2.7557251908396947,-1.1145038167938932,0.9770992366412213,24.859411764705882
1761619678,3402.75012 N,08407.11750 W,296.2,11,0.85,0.028,1.57,0.85,0.5698199951171875,0.7757213378906249,-9.708487731933593,-3.0916030534351147,-1.1984732824427482,1.3969465648854962,24.953529411764706
1761619679,3402.75012 N,08407.11750 W,296.2,11,0.85,0.028,1.57,0.85,0.584185205078125,0.7565677246093749,-9.83777462158203,-3.435114503816794,-0.9847328244274809,1.4198473282442747,24.906470588235294
1761619680,3402.75012 N,08407.11750 W,296.2,11,0.85,0.046,1.57,0.85,0.47884033203125,0.7757213378906249,-9.734823950195311,-2.946564885496183,-1.1755725190839694,1.3129770992366412,24.859411764705882
1761619681,3402.75012 N,08407.11750 W,296.2,11,0.85,0.046,1.57,0.85,0.6272808349609375,0.8068459594726562,-9.78031378173828,-1.702290076335878,-0.8702290076335878,-0.33587786259541985,24.906470588235294
1761619682,3402.75008 N,08407.11753 W,296.1,11,0.85,0.046,1.57,0.85,0.565031591796875,0.7900865478515624,-9.789890588378906,-3.2519083969465647,-1.1221374045801527,1.1984732824427482,24.906470588235294
1761619683,3402.75008 N,08407.11753 W,296.1,11,0.85,0.046,1.57,0.85,0.5530605834960938,0.7637503295898437,-9.801861596679688,-2.366412213740458,-1.0763358778625953,0.8625954198473282,24.906470588235294
1761619684,3402.75008 N,08407.11753 W,296.1,11,0.85,0.046,1.57,0.85,0.5602431884765625,0.7398083129882812,-9.770736975097655,-1.0381679389312977,-0.6412213740458015,-0.648854961832061,24.906470588235294
1761619685,3402.75008 N,08407.11753 W,296.1,11,0.85,0.046,1.57,0.85,0.7110778930664062,0.7565677246093749,-9.813832604980469,-2.030534351145038,-1.0458015267175573,2.198473282442748,24.906470588235294
1761619686,3402.75008 N,08407.11753 W,296.1,11,0.85,0.046,1.57,0.85,0.5961562133789062,0.6727706665039062,-9.95987890625,-4.763358778625954,-1.4122137404580153,3.1908396946564888,24.953529411764706
1761619687,3402.75008 N,08407.11753 W,296.1,11,0.85,0.046,1.57,0.85,0.565031591796875,0.7972691528320313,-9.701305126953125,-2.4122137404580153,-0.8778625954198473,0.37404580152671757,24.953529411764706
1761619688,3402.75008 N,08407.11753 W,296.1,11,0.85,0.039,1.57,0.85,0.6248866333007812,0.7805097412109374,-9.739612353515625,-2.6793893129770994,-1.0916030534351144,1.5725190839694656,24.906470588235294
1761619689,3402.75008 N,08407.11753 W,296.1,11,0.85,0.039,1.57,0.85,0.5746083984375,0.9074024291992187,-9.794678991699218,-1.5419847328244274,-0.7786259541984732,0.0916030534351145,24.906470588235294
1761619690,3402.75005 N,08407.11762 W,296.2,11,0.85,0.039,1.57,0.85,0.5386953735351562,0.9026140258789062,-9.739612353515625,-2.633587786259542,-0.9541984732824428,0.6335877862595419,24.906470588235294
1761619691,3402.75005 N,08407.11762 W,296.2,11,0.85,0.039,1.62,0.85,0.5722141967773438,0.7709329345703124,-9.789890588378906,-2.6946564885496183,-0.732824427480916,1.16793893129771,24.859411764705882
1761619692,3402.75005 N,08407.11762 W,296.2,11,0.85,0.039,1.62,0.85,0.5698199951171875,0.7541735229492187,-9.756371765136718,-2.9389312977099236,-1.1374045801526718,1.0305343511450382,24.906470588235294
1761619693,3402.75005 N,08407.11762 W,296.2,11,0.85,0.039,1.62,0.85,0.5746083984375,0.8571241943359375,-9.72285294189453,-2.5114503816793894,-0.9236641221374046,0.5190839694656488,24.906470588235294
1761619694,3402.75005 N,08407.11762 W,296.2,11,0.85,0.039,1.62,0.85,0.5889736083984375,0.7589619262695312,-9.701305126953125,-2.213740458015267,-0.9618320610687023,0.13740458015267176,24.953529411764706
1761619695,3402.75005 N,08407.11762 W,296.2,11,0.85,0.039,1.62,0.85,0.6057330200195312,0.8259995727539062,-9.651026892089844,-2.549618320610687,-0.9007633587786259,0.7480916030534351,24.953529411764706
1761619696,3402.75005 N,08407.11762 W,296.2,11,0.85,0.007,1.62,0.85,0.7445967163085937,0.8212111694335937,-9.765948571777344,-3.267175572519084,-1.0687022900763359,1.0305343511450382,24.953529411764706
1761619697,3402.75005 N,08407.11762 W,296.2,11,0.85,0.007,1.62,0.85,0.565031591796875,0.7709329345703124,-9.81862100830078,-3.0763358778625953,-1.1297709923664123,1.0763358778625953,24.953529411764706
1761619698,3402.75000 N,08407.11769 W,296.2,11,0.85,0.007,1.62,0.85,0.5722141967773438,0.7685387329101562,-9.74200655517578,-2.8473282442748094,-0.9312977099236641,1.1450381679389312,24.906470588235294
1761619699,3402.75000 N,08407.11769 W,296.2,11,0.85,0.007,1.57,0.85,0.5674257934570313,0.8044517578125,-9.68454571533203,-2.900763358778626,-1.16793893129771,1.1068702290076335,24.906470588235294
1761619700,3402.75000 N,08407.11769 W,296.2,11,0.85,0.007,1.57,0.85,0.5602431884765625,0.8164227661132812,-9.770736975097655,-3.1755725190839694,-1.0763358778625953,1.251908396946565,25.000588235294117
1761619701,3402.75000 N,08407.11769 W,296.2,11,0.85,0.007,1.57,0.85,0.5889736083984375,0.9169792358398436,-9.70369932861328,-2.9923664122137406,-1.1526717557251909,1.2366412213740459,24.906470588235294
1761619702,3402.75000 N,08407.11769 W,296.2,11,0.85,0.007,1.57,0.85,0.6177040283203125,0.7924807495117187,-9.706093530273437,-2.8091603053435112,-1.0763358778625953,1.0763358778625953,24.953529411764706
1761619703,3402.75000 N,08407.11769 W,296.2,11,0.85,0.007,1.57,0.85,0.5482721801757812,0.7733271362304687,-9.871293444824218,-3.114503816793893,-1.1755725190839694,0.9694656488549618,25.000588235294117
1761619704,3402.75000 N,08407.11769 W,296.2,11,0.85,0.027,1.57,0.85,0.6536170532226562,0.7876923461914062,-9.749189160156249,-3.0381679389312977,-1.1297709923664123,1.0305343511450382,24.906470588235294
1761619705,3402.75000 N,08407.11769 W,296.2,11,0.85,0.027,1.57,0.85,0.5530605834960938,0.8068459594726562,-9.79946739501953,-2.564885496183206,-1.1603053435114503,0.44274809160305345,24.906470588235294
1761619706,3402.74995 N,08407.11769 W,296.3,11,0.85,0.027,1.57,0.85,0.5722141967773438,0.7589619262695312,-9.811438403320311,-2.854961832061069,-1.3358778625954197,1.0305343511450382,24.906470588235294
1761619707,3402.74995 N,08407.11769 W,296.3,11,0.85,0.027,1.57,0.85,0.59376201171875,0.8212111694335937,-9.715670336914062,-2.66412213740458,-1.0,0.9007633587786259,24.953529411764706
1761619708,3402.74995 N,08407.11769 W,296.3,11,0.85,0.027,1.57,0.85,0.6464344482421874,0.8188169677734375,-9.698910925292969,-3.145038167938931,-1.1221374045801527,1.0381679389312977,25.000588235294117
1761619709,3402.74995 N,08407.11769 W,296.3,11,0.85,0.027,1.57,0.85,0.5458779785156249,0.7661445312499999,-9.7683427734375,-3.1755725190839694,-1.213740458015267,1.1908396946564885,25.000588235294117
1761619710,3402.74995 N,08407.11769 W,296.3,11,0.85,0.027,1.57,0.85,0.4836287353515625,0.6488286499023437,-9.763554370117188,-2.801526717557252,-1.1755725190839694,1.0916030534351144,24.859411764705882
1761619711,3402.74995 N,08407.11769 W,296.3,11,0.85,0.027,1.57,0.85,0.6057330200195312,0.7685387329101562,-9.710881933593749,-3.2290076335877864,-1.1984732824427482,1.4732824427480915,24.859411764705882
1761619712,3402.74995 N,08407.11769 W,296.3,11,0.85,0.010,1.57,0.85,0.5482721801757812,0.7733271362304687,-9.720458740234374,-2.6717557251908395,-1.099236641221374,0.9847328244274809,24.953529411764706
1761619713,3402.74995 N,08407.11769 W,296.3,11,0.85,0.010,1.57,0.85,0.47884033203125,0.8020575561523438,-10.149020837402343,-2.6412213740458017,-2.572519083969466,1.2366412213740459,24.906470588235294
1761619714,3402.74990 N,08407.11771 W,296.4,11,0.85,0.010,1.57,0.85,0.59376201171875,0.7757213378906249,-9.670180505371093,-3.282442748091603,-1.099236641221374,1.5190839694656488,24.953529411764706
1761619715,3402.74990 N,08407.11771 W,296.4,11,0.85,0.010,1.57,0.85,0.5746083984375,0.8188169677734375,-9.72285294189453,-2.877862595419847,-1.0229007633587786,1.0,24.953529411764706
1761619716,3402.74990 N,08407.11771 W,296.4,11,0.85,0.010,1.57,0.85,0.5961562133789062,0.74699091796875,-9.679757312011718,-2.816793893129771,-1.083969465648855,1.3587786259541985,24.906470588235294
1761619717,3402.74990 N,08407.11771 W,296.4,11,0.85,0.010,1.57,0.85,0.5722141967773438,0.7517793212890624,-9.792284790039062,-2.8473282442748094,-1.0687022900763359,1.0076335877862594,25.000588235294117
1761619718,3402.74990 N,08407.11771 W,296.4,11,0.85,0.010,1.57,0.85,0.584185205078125,0.7661445312499999,-9.79946739501953,-2.50381679389313,-1.0076335877862594,0.5572519083969466,24.906470588235294
1761619719,3402.74990 N,08407.11771 W,296.4,11,0.85,0.010,1.57,0.85,0.7302315063476562,0.9097966308593749,-9.792284790039062,-2.8625954198473282,-1.1297709923664123,1.1068702290076335,25.000588235294117
1761619720,3402.74990 N,08407.11771 W,296.4,11,0.85,0.035,1.57,0.85,0.6248866333007812,0.8020575561523438,-9.672574707031249,-2.8931297709923665,-0.9083969465648855,1.015267175572519,24.953529411764706
1761619721,3402.74990 N,08407.11771 W,296.4,11,0.85,0.035,1.57,0.85,0.7445967163085937,0.8212111694335937,-9.785102185058593,-2.969465648854962,-1.183206106870229,1.0763358778625953,24.906470588235294
1761619722,3402.74985 N,08407.11770 W,296.4,11,0.85,0.035,1.57,0.85,0.6009446166992187,0.7541735229492187,-9.813832604980469,-3.3053435114503817,-1.0076335877862594,1.3435114503816794,25.000588235294117
1761619723,3402.74985 N,08407.11770 W,296.4,11,0.85,0.035,1.57,0.85,0.622492431640625,0.7805097412109374,-9.7683427734375,-2.9160305343511452,-1.015267175572519,0.9618320610687023,24.953529411764706
1761619724,3402.74985 N,08407.11770 W,296.4,11,0.85,0.035,1.57,0.85,0.48123453369140623,0.8044517578125,-9.739612353515625,-2.900763358778626,-1.1374045801526718,1.1145038167938932,24.906470588235294
1761619725,3402.74985 N,08407.11770 W,296.4,11,0.85,0.035,1.57,0.85,0.7254431030273437,0.8978256225585937,-9.655815295410155,-3.0763358778625953,-1.2290076335877862,1.083969465648855,24.953529411764706
1761619726,3402.74985 N,08407.11770 W,296.4,11,0.85,0.035,1.57,0.85,0.6296750366210937,0.7948749511718749,-9.710881933593749,-3.50381679389313,-1.0610687022900764,1.549618320610687,25.04764705882353
1761619727,3402.74985 N,08407.11770 W,296.4,11,0.85,0.035,1.57,0.85,0.6177040283203125,0.8116343627929687,-9.670180505371093,-2.7938931297709924,-1.0916030534351144,0.8473282442748091,24.953529411764706
1761619728,3402.74985 N,08407.11770 W,296.4,11,0.85,0.065,1.57,0.85,0.6105214233398437,0.6488286499023437,-9.794678991699218,-4.152671755725191,-1.4122137404580153,2.3969465648854964,25.04764705882353
1761619729,3402.74985 N,08407.11770 W,296.4,11,0.85,0.065,1.57,0.85,0.718260498046875,0.7924807495117187,-9.665392102050781,-2.8702290076335877,-0.916030534351145,0.5725190839694656,24.906470588235294
1761619730,3402.74982 N,08407.11773 W,296.5,11,0.85,0.065,1.57,0.85,0.5626373901367188,0.7876923461914062,-9.79946739501953,-2.6564885496183206,-0.9083969465648855,0.5572519083969466,25.000588235294117
1761619731,3402.74982 N,08407.11773 W,296.5,11,0.85,0.065,1.57,0.85,0.6344634399414062,0.8068459594726562,-9.715670336914062,-2.83206106870229,-1.083969465648855,1.0229007633587786,24.953529411764706
1761619732,3402.74982 N,08407.11773 W,296.5,11,0.85,0.065,1.57,0.85,0.5530605834960938,0.6703764648437499,-9.694122521972655,-3.145038167938931,-1.0687022900763359,1.1145038167938932,24.953529411764706
1761619733,3402.74982 N,08407.11773 W,296.5,11,0.85,0.065,1.57,0.85,0.603338818359375,0.8188169677734375,-9.765948571777344,-2.9236641221374047,-1.16793893129771,1.3893129770992367,24.859411764705882
1761619734,3402.74982 N,08407.11773 W,296.5,11,0.85,0.065,1.57,0.85,0.7493851196289062,0.8020575561523438,-9.811438403320311,-2.7404580152671754,-0.9618320610687023,0.9618320610687023,25.09470588235294
1761619735,3402.74982 N,08407.11773 W,296.5,11,0.85,0.065,1.57,0.85,0.5674257934570313,0.8020575561523438,-9.725247143554688,-2.954198473282443,-1.2442748091603053,1.1908396946564885,24.906470588235294
1761619736,3402.74982 N,08407.11773 W,296.5,11,0.85,0.048,1.57,0.85,0.5793968017578125,0.7661445312499999,-9.792284790039062,-3.5419847328244276,-1.2290076335877862,1.702290076335878,24.953529411764706
1761619737,3402.74982 N,08407.11773 W,296.5,11,0.85,0.048,1.57,0.85,0.5770026000976562,0.7948749511718749,-9.725247143554688,-2.7557251908396947,-0.8473282442748091,0.5648854961832062,25.000588235294117
1761619738,3402.74977 N,08407.11769 W,296.6,11,0.85,0.048,1.57,0.85,0.5434837768554687,0.7900865478515624,-9.900023864746093,-2.5343511450381677,-1.2671755725190839,0.8549618320610687,24.906470588235294
1761619739,3402.74977 N,08407.11769 W,296.6,11,0.85,0.048,1.57,0.85,0.6081272216796875,0.8044517578125,-9.7683427734375,-3.1068702290076335,-1.1450381679389312,0.9541984732824428,24.953529411764706
1761619740,3402.74977 N,08407.11769 W,296.6,11,0.85,0.048,1.57,0.85,0.7565677246093749,0.8259995727539062,-9.74200655517578,-1.9465648854961832,-0.7633587786259542,0.04580152671755725,25.04764705882353
1761619741,3402.74977 N,08407.11769 W,296.6,11,0.85,0.048,1.57,0.85,0.5386953735351562,0.7565677246093749,-9.739612353515625,-3.3053435114503817,-1.16793893129771,1.5725190839694656,24.953529411764706
1761619742,3402.74977 N,08407.11769 W,296.6,11,0.85,0.048,1.57,0.85,0.603338818359375,0.7996633544921875,-9.801861596679688,-2.6717557251908395,-1.1297709923664123,1.0534351145038168,25.000588235294117
1761619743,3402.74977 N,08407.11769 W,296.6,11,0.85,0.048,1.57,0.85,0.6416460449218749,0.8858546142578124,-9.758765966796874,-2.83206106870229,-0.7938931297709924,0.9083969465648855,24.953529411764706
1761619744,3402.74977 N,08407.11769 W,296.6,11,0.85,0.043,1.57,0.85,0.5626373901367188,0.7302315063476562,-9.665392102050781,-1.1908396946564885,-0.21374045801526717,-3.885496183206107,24.953529411764706
1761619745,3402.74977 N,08407.11769 W,296.6,11,0.85,0.043,1.57,0.85,0.5602431884765625,0.7948749511718749,-9.72285294189453,-2.9770992366412212,-1.0381679389312977,1.0229007633587786,25.000588235294117
1761619746,3402.74974 N,08407.11769 W,296.7,11,0.85,0.043,1.57,0.85,0.565031591796875,0.842758984375,-9.785102185058593,-3.0916030534351147,-1.1603053435114503,1.2442748091603053,25.000588235294117
1761619747,3402.74974 N,08407.11769 W,296.7,11,0.85,0.043,1.62,0.85,0.6631938598632812,0.9002198242187499,-9.756371765136718,-2.8625954198473282,-1.3358778625954197,1.2290076335877862,24.953529411764706
1761619748,3402.74974 N,08407.11769 W,296.7,11,0.85,0.043,1.62,0.85,0.48123453369140623,0.8259995727539062,-9.746794958496093,-2.8625954198473282,-1.099236641221374,1.015267175572519,25.000588235294117
1761619749,3402.74974 N,08407.11769 W,296.7,11,0.85,0.043,1.62,0.85,0.5865794067382812,0.7517793212890624,-9.734823950195311,-2.854961832061069,-1.1145038167938932,1.1297709923664123,25.000588235294117
1761619750,3402.74974 N,08407.11769 W,296.7,11,0.85,0.043,1.62,0.85,0.5817910034179687,0.7709329345703124,-9.79946739501953,-2.572519083969466,-1.015267175572519,0.6946564885496184,24.953529411764706
1761619751,3402.74974 N,08407.11769 W,296.7,11,0.85,0.043,1.62,0.85,0.5674257934570313,0.7876923461914062,-9.753977563476562,-2.648854961832061,-0.9465648854961832,1.16793893129771,25.000588235294117
1761619752,3402.74974 N,08407.11769 W,296.7,11,0.85,0.094,1.62,0.85,0.5985504150390625,0.8403647827148437,-9.777919580078125,-3.1068702290076335,-0.9465648854961832,1.1221374045801527,25.04764705882353
1761619753,3402.74974 N,08407.11769 W,296.7,11,0.85,0.094,1.62,0.85,0.565031591796875,0.8403647827148437,-9.804255798339844,-2.8702290076335877,-0.916030534351145,1.1221374045801527,24.953529411764706
1761619754,3402.74970 N,08407.11764 W,296.7,11,0.85,0.094,1.62,0.85,0.5770026000976562,0.7565677246093749,-9.672574707031249,-3.0916030534351147,-1.16793893129771,1.1450381679389312,24.906470588235294
1761619755,3402.74970 N,08407.11764 W,296.7,11,0.85,0.094,1.57,0.85,0.47165772705078124,0.7733271362304687,-9.773131176757811,-2.6717557251908395,-1.0305343511450382,0.8778625954198473,25.000588235294117
1761619756,3402.74970 N,08407.11764 W,296.7,11,0.85,0.094,1.57,0.85,0.5482721801757812,0.7326257080078125,-9.792284790039062,-2.946564885496183,-1.0305343511450382,1.1603053435114503,25.000588235294117
1761619757,3402.74970 N,08407.11764 W,296.7,11,0.85,0.094,1.57,0.85,0.6464344482421874,0.7805097412109374,-9.737218151855469,-2.3587786259541983,-1.015267175572519,0.9312977099236641,24.906470588235294
1761619758,3402.74970 N,08407.11764 W,296.7,11,0.85,0.094,1.57,0.85,0.6105214233398437,0.74699091796875,-9.801861596679688,-3.0839694656488548,-1.1297709923664123,1.1603053435114503,24.953529411764706
1761619759,3402.74970 N,08407.11764 W,296.7,11,0.85,0.094,1.57,0.85,0.7326257080078125,0.6464344482421874,-9.730035546875,-2.8702290076335877,-1.1603053435114503,1.1755725190839694,25.000588235294117
1761619760,3402.74970 N,08407.11764 W,296.7,11,0.85,0.017,1.57,0.85,0.5722141967773438,0.7733271362304687,-9.725247143554688,-2.9389312977099236,-1.1297709923664123,1.2671755725190839,25.000588235294117
1761619761,3402.74970 N,08407.11764 W,296.7,11,0.85,0.017,1.57,0.85,0.5889736083984375,0.8092401611328125,-9.686939916992188,-2.801526717557252,-1.1145038167938932,1.0534351145038168,25.000588235294117
1761619762,3402.74965 N,08407.11763 W,296.9,11,0.85,0.017,1.57,0.85,0.5793968017578125,0.7924807495117187,-9.787496386718749,-3.2061068702290076,-1.1908396946564885,1.381679389312977,24.953529411764706
1761619763,3402.74965 N,08407.11763 W,296.9,11,0.85,0.017,1.57,0.85,0.6081272216796875,0.7948749511718749,-9.78031378173828,-2.786259541984733,-1.1297709923664123,0.7022900763358778,25.000588235294117
1761619764,3402.74965 N,08407.11763 W,296.9,11,0.85,0.017,1.57,0.85,0.6368576416015624,0.7805097412109374,-9.72285294189453,-2.931297709923664,-0.9618320610687023,1.0534351145038168,25.04764705882353
1761619765,3402.74965 N,08407.11763 W,296.9,11,0.85,0.017,1.57,0.85,0.6081272216796875,0.7781155395507812,-9.773131176757811,-3.053435114503817,-1.0305343511450382,1.0916030534351144,25.000588235294117
1761619766,3402.74965 N,08407.11763 W,296.9,11,0.85,0.017,1.57,0.85,0.5051765502929687,0.7661445312499999,-9.758765966796874,-2.7938931297709924,-1.1145038167938932,1.0687022900763359,25.09470588235294
1761619767,3402.74965 N,08407.11763 W,296.9,11,0.85,0.017,1.57,0.85,0.612915625,0.7948749511718749,-9.737218151855469,-2.854961832061069,-1.1374045801526718,0.9770992366412213,25.04764705882353
1761619768,3402.74965 N,08407.11763 W,296.9,11,0.85,0.092,1.57,0.85,0.5530605834960938,0.8978256225585937,-9.744400756835937,-2.717557251908397,-1.099236641221374,0.6870229007633588,24.953529411764706
1761619769,3402.74965 N,08407.11763 W,296.9,11,0.85,0.092,1.57,0.85,0.6631938598632812,0.7565677246093749,-9.76116016845703,-3.1374045801526718,-0.9389312977099237,1.2213740458015268,25.000588235294117
1761619770,3402.74962 N,08407.11763 W,296.9,11,0.85,0.092,1.57,0.85,0.5219359619140624,0.9169792358398436,-9.629479077148437,-2.7480916030534353,-0.9236641221374046,1.1297709923664123,25.000588235294117
1761619771,3402.74962 N,08407.11763 W,296.9,11,0.85,0.092,1.57,0.85,0.5889736083984375,0.8068459594726562,-9.737218151855469,-2.8396946564885495,-1.083969465648855,0.9847328244274809,25.000588235294117
1761619772,3402.74962 N,08407.11763 W,296.9,11,0.85,0.092,1.57,0.85,0.5913678100585937,0.8499415893554687,-9.732429748535155,-2.786259541984733,-0.9770992366412213,0.8091603053435115,25.000588235294117
1761619773,3402.74962 N,08407.11763 W,296.9,11,0.85,0.092,1.57,0.85,0.7445967163085937,0.9145850341796874,-9.710881933593749,-2.9618320610687023,-1.1526717557251909,1.083969465648855,25.09470588235294
1761619774,3402.74962 N,08407.11763 W,296.9,11,0.85,0.092,1.57,0.85,0.5626373901367188,0.8379705810546875,-9.74200655517578,-2.931297709923664,-1.083969465648855,1.0687022900763359,24.953529411764706
1761619775,3402.74962 N,08407.11763 W,296.9,11,0.85,0.092,1.57,0.85,0.5458779785156249,0.8116343627929687,-9.706093530273437,-3.0229007633587788,-1.1603053435114503,0.9312977099236641,25.04764705882353
1761619776,3402.74962 N,08407.11763 W,296.9,11,0.85,0.116,1.57,0.85,0.5434837768554687,0.7637503295898437,-9.706093530273437,-2.8473282442748094,-1.3893129770992367,1.1068702290076335,25.000588235294117
1761619777,3402.74962 N,08407.11763 W,296.9,11,0.85,0.116,1.57,0.85,0.5482721801757812,0.6727706665039062,-9.732429748535155,-3.0381679389312977,-1.099236641221374,1.5572519083969465,24.953529411764706
1761619778,3402.74958 N,08407.11756 W,297.0,11,0.85,0.116,1.57,0.85,0.5865794067382812,0.8259995727539062,-9.672574707031249,-2.900763358778626,-1.1297709923664123,1.1374045801526718,24.953529411764706
1761619779,3402.74958 N,08407.11756 W,297.0,11,0.85,0.116,1.57,0.85,0.47884033203125,0.7805097412109374,-9.751583361816406,-2.786259541984733,-0.9694656488549618,1.2290076335877862,24.906470588235294
1761619780,3402.74958 N,08407.11756 W,297.0,11,0.85,0.116,1.57,0.85,0.7278373046875,0.6464344482421874,-9.758765966796874,-2.9389312977099236,-1.0610687022900764,0.9083969465648855,25.000588235294117
1761619781,3402.74958 N,08407.11756 W,297.0,11,0.85,0.116,1.57,0.85,0.5889736083984375,0.7493851196289062,-9.794678991699218,-3.0763358778625953,-0.9312977099236641,1.0610687022900764,25.09470588235294
1761619782,3402.74958 N,08407.11756 W,297.0,11,0.85,0.116,1.57,0.85,0.5961562133789062,0.8044517578125,-9.749189160156249,-2.931297709923664,-0.916030534351145,1.0229007633587786,25.000588235294117
1761619783,3402.74958 N,08407.11756 W,297.0,11,0.85,0.116,1.57,0.85,0.6009446166992187,0.7637503295898437,-9.732429748535155,-2.900763358778626,-1.0076335877862594,0.9618320610687023,25.000588235294117
1761619784,3402.74958 N,08407.11756 W,297.0,11,0.85,0.103,1.57,0.85,0.6368576416015624,0.8092401611328125,-9.785102185058593,-3.030534351145038,-1.1221374045801527,1.0229007633587786,25.09470588235294
1761619785,3402.74958 N,08407.11756 W,297.0,11,0.85,0.103,1.57,0.85,0.5698199951171875,0.7230489013671875,-9.775525378417969,-3.0610687022900764,-1.1526717557251909,0.9923664122137404,25.04764705882353
1761619786,3402.74955 N,08407.11753 W,297.1,11,0.85,0.103,1.57,0.85,0.6009446166992187,0.7876923461914062,-9.770736975097655,-2.8244274809160306,-1.2442748091603053,1.1908396946564885,25.04764705882353
1761619787,3402.74955 N,08407.11753 W,297.1,11,0.85,0.103,1.62,0.85,0.7278373046875,0.8020575561523438,-9.751583361816406,-2.854961832061069,-0.9923664122137404,0.9847328244274809,25.000588235294117
1761619788,3402.74955 N,08407.11753 W,297.1,11,0.85,0.103,1.62,0.85,0.5602431884765625,0.8020575561523438,-9.797073193359374,-3.0229007633587788,-0.9312977099236641,1.1374045801526718,25.04764705882353
1761619789,3402.74955 N,08407.11753 W,297.1,11,0.85,0.103,1.62,0.85,0.5123591552734374,0.8116343627929687,-9.82580361328125,-2.801526717557252,-1.099236641221374,1.183206106870229,25.000588235294117
1761619791,3402.74955 N,08407.11753 W,297.1,11,0.85,0.103,1.62,0.85,0.5578489868164063,0.7924807495117187,-9.775525378417969,-2.7557251908396947,-1.1068702290076335,0.9541984732824428,25.000588235294117
1761619792,3402.74955 N,08407.11753 W,297.1,11,0.85,0.103,1.62,0.85,0.5889736083984375,0.7661445312499999,-9.708487731933593,-3.0763358778625953,-1.099236641221374,1.0,25.04764705882353
1761619793,3402.74955 N,08407.11753 W,297.1,11,0.85,0.160,1.62,0.85,0.5602431884765625,0.7900865478515624,-9.773131176757811,-2.9770992366412212,-1.1374045801526718,1.2671755725190839,25.000588235294117
1761619794,3402.74955 N,08407.11753 W,297.1,11,0.85,0.160,1.62,0.85,0.6081272216796875,0.8164227661132812,-9.674968908691406,-2.8931297709923665,-1.1374045801526718,0.9389312977099237,25.000588235294117
1761619795,3402.74947 N,08407.11744 W,297.1,11,0.85,0.160,1.62,0.85,0.5530605834960938,0.74699091796875,-9.737218151855469,-2.763358778625954,-1.1374045801526718,1.183206106870229,25.04764705882353
1761619796,3402.74947 N,08407.11744 W,297.1,11,0.85,0.160,1.57,0.85,0.5913678100585937,0.7876923461914062,-9.739612353515625,-3.015267175572519,-0.9541984732824428,1.3053435114503817,25.000588235294117
1761619797,3402.74947 N,08407.11744 W,297.1,11,0.85,0.160,1.57,0.85,0.5865794067382812,0.8188169677734375,-9.773131176757811,-2.717557251908397,-0.8931297709923665,0.9312977099236641,25.000588235294117
1761619798,3402.74947 N,08407.11744 W,297.1,11,0.85,0.160,1.57,0.85,0.612915625,0.7829039428710937,-9.775525378417969,-2.7709923664122136,-0.9083969465648855,0.9541984732824428,24.953529411764706
1761619799,3402.74947 N,08407.11744 W,297.1,11,0.85,0.160,1.57,0.85,0.5722141967773438,0.6584054565429687,-9.763554370117188,-2.969465648854962,-1.0,1.0916030534351144,25.04764705882353
1761619800,3402.74947 N,08407.11744 W,297.1,11,0.85,0.160,1.57,0.85,0.5698199951171875,0.7541735229492187,-9.789890588378906,-2.9083969465648853,-0.9541984732824428,1.0610687022900764,25.09470588235294
1761619801,3402.74947 N,08407.11744 W,297.1,11,0.85,0.130,1.57,0.85,0.5961562133789062,0.8547299926757812,-9.72285294189453,-2.8625954198473282,-1.0076335877862594,0.9389312977099237,25.000588235294117
1761619802,3402.74947 N,08407.11744 W,297.1,11,0.85,0.130,1.57,0.85,0.47644613037109373,0.8212111694335937,-9.665392102050781,-3.1068702290076335,-1.015267175572519,1.1221374045801527,25.09470588235294
1761619803,3402.74941 N,08407.11741 W,297.1,11,0.85,0.130,1.57,0.85,0.584185205078125,0.7948749511718749,-9.698910925292969,-2.8625954198473282,-0.732824427480916,1.1603053435114503,25.000588235294117
1761619804,3402.74941 N,08407.11741 W,297.1,11,0.85,0.130,1.57,0.85,0.6200982299804687,0.7852981445312499,-9.753977563476562,-2.954198473282443,-0.9236641221374046,1.1374045801526718,25.04764705882353
1761619805,3402.74941 N,08407.11741 W,297.1,11,0.85,0.130,1.57,0.85,0.5267243652343749,0.82360537109375,-9.758765966796874,-2.9083969465648853,-0.9236641221374046,0.9389312977099237,25.04764705882353
1761619806,3402.74941 N,08407.11741 W,297.1,11,0.85,0.130,1.57,0.85,0.5339069702148437,0.7685387329101562,-9.756371765136718,-3.145038167938931,-1.0305343511450382,1.1755725190839694,25.04764705882353
1761619807,3402.74941 N,08407.11741 W,297.1,11,0.85,0.130,1.57,0.85,0.5889736083984375,0.7972691528320313,-9.775525378417969,-2.786259541984733,-1.1297709923664123,1.1374045801526718,25.000588235294117
1761619808,3402.74941 N,08407.11741 W,297.1,11,0.85,0.130,1.57,0.85,0.5578489868164063,0.7661445312499999,-9.739612353515625,-2.931297709923664,-1.1984732824427482,0.9618320610687023,25.000588235294117
1761619809,3402.74941 N,08407.11741 W,297.1,11,0.85,0.060,1.57,0.85,0.6967126831054687,0.8164227661132812,-9.734823950195311,-3.045801526717557,-1.1068702290076335,1.2213740458015268,25.04764705882353
1761619810,3402.74941 N,08407.11741 W,297.1,11,0.85,0.060,1.57,0.85,0.5961562133789062,0.7709329345703124,-9.739612353515625,-2.854961832061069,-1.1297709923664123,1.1450381679389312,25.09470588235294
1761619811,3402.74935 N,08407.11738 W,297.1,11,0.85,0.060,1.57,0.85,0.5770026000976562,0.7733271362304687,-9.782707983398437,-2.900763358778626,-1.0916030534351144,0.9923664122137404,25.09470588235294
1761619812,3402.74935 N,08407.11738 W,297.1,11,0.85,0.060,1.57,0.85,0.5602431884765625,0.9097966308593749,-9.777919580078125,-2.8396946564885495,-1.1450381679389312,1.0229007633587786,25.000588235294117
1761619813,3402.74935 N,08407.11738 W,297.1,11,0.85,0.060,1.57,0.85,0.5770026000976562,0.7852981445312499,-9.749189160156249,-2.8473282442748094,-0.9312977099236641,1.0916030534351144,25.000588235294117
1761619814,3402.74935 N,08407.11738 W,297.1,11,0.85,0.060,1.57,0.85,0.7326257080078125,0.7924807495117187,-9.710881933593749,-2.900763358778626,-1.0610687022900764,1.2061068702290076,25.000588235294117
1761619815,3402.74935 N,08407.11738 W,297.1,11,0.85,0.060,1.57,0.85,0.47165772705078124,0.814028564453125,-9.74200655517578,-3.1297709923664123,-1.183206106870229,1.2900763358778626,25.000588235294117
1761619816,3402.74935 N,08407.11738 W,297.1,11,0.85,0.060,1.57,0.85,0.5913678100585937,0.7900865478515624,-9.76116016845703,-2.5877862595419847,-1.0763358778625953,0.916030534351145,25.04764705882353
1761619817,3402.74935 N,08407.11738 W,297.1,11,0.85,0.059,1.57,0.85,0.6081272216796875,0.8044517578125,-9.773131176757811,-3.16793893129771,-0.9770992366412213,1.3511450381679388,25.000588235294117
1761619818,3402.74935 N,08407.11738 W,297.1,11,0.85,0.059,1.57,0.85,0.6248866333007812,0.7661445312499999,-9.708487731933593,-2.7938931297709924,-0.816793893129771,0.7938931297709924,25.04764705882353
1761619819,3402.74928 N,08407.11734 W,297.1,11,0.85,0.059,1.57,0.85,0.5793968017578125,0.8044517578125,-9.76116016845703,-3.3282442748091605,-1.1526717557251909,1.3053435114503817,25.000588235294117
1761619820,3402.74928 N,08407.11734 W,297.1,11,0.85,0.059,1.57,0.85,0.5770026000976562,0.7398083129882812,-9.72285294189453,-2.83206106870229,-1.083969465648855,0.7251908396946565,25.09470588235294
1761619821,3402.74928 N,08407.11734 W,297.1,11,0.85,0.059,1.57,0.85,0.5889736083984375,0.7661445312499999,-9.86411083984375,-2.7022900763358777,-0.9923664122137404,0.8931297709923665,25.04764705882353
1761619822,3402.74928 N,08407.11734 W,297.1,11,0.85,0.059,1.57,0.85,0.45968671875,0.7493851196289062,-9.74200655517578,-2.9083969465648853,-0.816793893129771,0.9312977099236641,25.04764705882353
1761619823,3402.74928 N,08407.11734 W,297.1,11,0.85,0.059,1.57,0.85,0.584185205078125,0.9145850341796874,-9.797073193359374,-2.954198473282443,-0.8625954198473282,1.0763358778625953,25.000588235294117
1761619824,3402.74928 N,08407.11734 W,297.1,11,0.85,0.059,1.57,0.85,0.5339069702148437,0.7900865478515624,-9.698910925292969,-2.648854961832061,-1.015267175572519,1.0,25.000588235294117
1761619825,3402.74928 N,08407.11734 W,297.1,11,0.85,0.154,1.57,0.85,0.584185205078125,0.814028564453125,-9.926360083007811,-3.030534351145038,-1.1603053435114503,1.0610687022900764,25.04764705882353
1761619826,3402.74928 N,08407.11734 W,297.1,11,0.85,0.154,1.57,0.85,0.4908113403320312,0.7900865478515624,-9.785102185058593,-2.8091603053435112,-0.8473282442748091,1.1145038167938932,25.000588235294117
1761619827,3402.74925 N,08407.11733 W,297.1,11,1.08,0.154,1.57,0.85,0.55545478515625,0.7493851196289062,-9.859322436523437,-3.122137404580153,-0.916030534351145,1.3129770992366412,25.04764705882353
1761619828,3402.74925 N,08407.11733 W,297.1,11,1.08,0.154,2.14,1.08,0.5793968017578125,0.74699091796875,-9.787496386718749,-3.045801526717557,-1.0305343511450382,1.183206106870229,25.000588235294117
1761619829,3402.74925 N,08407.11733 W,297.1,11,1.08,0.154,2.14,1.08,0.4908113403320312,0.6512228515624999,-9.756371765136718,-2.9618320610687023,-0.9236641221374046,1.083969465648855,25.04764705882353
1761619830,3402.74925 N,08407.11733 W,297.1,11,1.08,0.154,2.14,1.08,0.6392518432617187,0.7805097412109374,-9.708487731933593,-2.8091603053435112,-0.29770992366412213,1.3893129770992367,25.04764705882353
1761619831,3402.74925 N,08407.11733 W,297.1,11,1.08,0.154,2.14,1.08,0.4908113403320312,0.8403647827148437,-9.672574707031249,-2.946564885496183,-1.0534351145038168,0.7404580152671756,24.953529411764706
1761619832,3402.74925 N,08407.11733 W,297.1,11,1.08,0.154,2.14,1.08,0.507570751953125,0.7876923461914062,-9.890447058105469,-2.816793893129771,-1.3358778625954197,1.1145038167938932,25.000588235294117
1761619833,3402.74925 N,08407.11733 W,297.1,11,1.08,0.160,2.14,1.08,0.5961562133789062,0.8355763793945312,-9.739612353515625,-2.8931297709923665,-1.0458015267175573,1.1221374045801527,25.04764705882353
1761619834,3402.74925 N,08407.11733 W,297.1,11,1.08,0.160,2.14,1.08,0.584185205078125,0.8116343627929687,-9.725247143554688,-2.1374045801526718,-0.9923664122137404,-0.3282442748091603,25.000588235294117
1761619835,3402.74920 N,08407.11731 W,297.0,11,1.08,0.160,2.14,1.08,0.584185205078125,0.7900865478515624,-9.816226806640625,-2.9236641221374047,-1.0687022900763359,1.3282442748091603,25.000588235294117
1761619836,3402.74920 N,08407.11731 W,297.0,11,1.08,0.160,2.14,1.08,0.5147533569335937,0.7445967163085937,-9.72285294189453,-2.9083969465648853,-1.083969465648855,1.0610687022900764,25.04764705882353
1761619837,3402.74920 N,08407.11731 W,297.0,11,1.08,0.160,2.14,1.08,0.6081272216796875,0.7445967163085937,-9.658209497070311,-2.49618320610687,-1.015267175572519,0.7480916030534351,24.906470588235294
1761619838,3402.74920 N,08407.11731 W,297.0,11,1.08,0.160,2.14,1.08,0.5147533569335937,0.7972691528320313,-9.672574707031249,-2.8396946564885495,-1.1221374045801527,0.7557251908396947,25.000588235294117
1761619839,3402.74920 N,08407.11731 W,297.0,11,1.08,0.160,2.14,1.08,0.7613561279296874,0.7996633544921875,-9.78031378173828,-3.1603053435114505,-1.099236641221374,0.6335877862595419,25.04764705882353
1761619840,3402.74920 N,08407.11731 W,297.0,11,1.08,0.160,2.14,1.08,0.507570751953125,0.814028564453125,-9.76116016845703,-3.519083969465649,-1.2671755725190839,1.5725190839694656,24.953529411764706
1761619841,3402.74920 N,08407.11731 W,297.0,11,1.08,0.075,2.14,1.08,0.612915625,0.7852981445312499,-9.667786303710937,-2.5572519083969465,-1.1221374045801527,0.06870229007633588,24.906470588235294
1761619842,3402.74920 N,08407.11731 W,297.0,11,1.08,0.075,2.14,1.08,0.5674257934570313,0.6392518432617187,-9.730035546875,-2.8396946564885495,-1.0916030534351144,0.9236641221374046,24.906470588235294
1761619843,3402.74917 N,08407.11729 W,297.1,11,1.08,0.075,2.14,1.08,0.5793968017578125,0.7805097412109374,-9.746794958496093,-3.4580152671755724,-1.0458015267175573,1.5114503816793894,25.000588235294117
1761619844,3402.74917 N,08407.11729 W,297.1,11,1.08,0.075,2.14,1.08,0.6153098266601562,0.7541735229492187,-9.785102185058593,-2.854961832061069,-1.0229007633587786,1.1297709923664123,24.906470588235294
1761619845,3402.74917 N,08407.11729 W,297.1,11,1.08,0.075,2.14,1.08,0.5530605834960938,0.7852981445312499,-9.773131176757811,-3.0610687022900764,-0.9465648854961832,1.1221374045801527,25.04764705882353
1761619846,3402.74917 N,08407.11729 W,297.1,11,1.08,0.075,2.14,1.08,0.5746083984375,0.7709329345703124,-9.76116016845703,-2.900763358778626,-0.9694656488549618,1.4122137404580153,25.000588235294117
1761619847,3402.74917 N,08407.11729 W,297.1,11,1.08,0.075,2.14,1.08,0.55545478515625,0.7852981445312499,-9.823409411621093,-2.4885496183206106,-0.9694656488549618,0.6259541984732825,25.04764705882353
1761619848,3402.74917 N,08407.11729 W,297.1,11,1.08,0.075,2.14,1.08,0.612915625,0.7661445312499999,-9.751583361816406,-2.8931297709923665,-0.8473282442748091,1.1603053435114503,25.000588235294117
1761619849,3402.74917 N,08407.11729 W,297.1,11,1.08,0.051,2.14,1.08,0.5578489868164063,0.7709329345703124,-9.756371765136718,-3.3206106870229006,-1.1984732824427482,1.4961832061068703,25.000588235294117
1761619850,3402.74917 N,08407.11729 W,297.1,11,1.08,0.051,2.14,1.08,0.5458779785156249,0.7972691528320313,-9.801861596679688,-2.3206106870229006,-1.0687022900763359,0.6564885496183206,24.953529411764706
1761619851,3402.74914 N,08407.11728 W,297.1,11,1.08,0.051,2.14,1.08,0.5434837768554687,0.7781155395507812,-9.667786303710937,-3.0076335877862594,-1.183206106870229,0.9389312977099237,24.906470588235294
1761619852,3402.74914 N,08407.11728 W,297.1,11,1.08,0.051,2.14,1.08,0.5770026000976562,0.8020575561523438,-9.82580361328125,-2.83206106870229,-1.0305343511450382,0.8854961832061069,24.906470588235294
1761619853,3402.74914 N,08407.11728 W,297.1,11,1.08,0.051,2.14,1.08,0.46208092041015625,0.8044517578125,-9.782707983398437,-2.7404580152671754,-1.099236641221374,0.6870229007633588,24.953529411764706
1761619854,3402.74914 N,08407.11728 W,297.1,11,1.08,0.051,2.14,1.08,0.5291185668945312,0.7948749511718749,-9.80665,-2.7709923664122136,-1.366412213740458,1.0229007633587786,25.000588235294117
1761619855,3402.74914 N,08407.11728 W,297.1,11,1.08,0.051,2.14,1.08,0.5291185668945312,0.7757213378906249,-9.715670336914062,-2.9923664122137406,-0.9923664122137404,1.3435114503816794,24.906470588235294
1761619856,3402.74914 N,08407.11728 W,297.1,11,1.08,0.051,2.14,1.08,0.5913678100585937,0.7900865478515624,-9.76116016845703,-3.045801526717557,-1.1297709923664123,1.1603053435114503,24.906470588235294
1761619857,3402.74914 N,08407.11728 W,297.1,11,1.08,0.017,2.14,1.08,0.584185205078125,0.7948749511718749,-9.782707983398437,-3.099236641221374,-0.9312977099236641,1.1374045801526718,24.906470588235294
1761619858,3402.74914 N,08407.11728 W,297.1,11,1.08,0.017,2.14,1.08,0.6272808349609375,0.8307879760742187,-9.746794958496093,-2.595419847328244,-1.0763358778625953,0.7557251908396947,24.906470588235294
1761619859,3402.74910 N,08407.11724 W,297.2,11,1.08,0.017,2.14,1.08,0.47644613037109373,0.7350199096679687,-9.701305126953125,-3.0076335877862594,-0.9923664122137404,0.816793893129771,25.000588235294117
1761619860,3402.74910 N,08407.11724 W,297.2,11,1.08,0.017,2.14,1.08,0.5482721801757812,0.82360537109375,-9.694122521972655,-2.946564885496183,-1.0610687022900764,0.9389312977099237,24.953529411764706
1761619861,3402.74910 N,08407.11724 W,297.2,11,1.08,0.017,2.14,1.08,0.5674257934570313,0.7948749511718749,-9.6917283203125,-2.900763358778626,-1.1297709923664123,1.0305343511450382,24.953529411764706
1761619862,3402.74910 N,08407.11724 W,297.2,11,1.08,0.017,2.14,1.08,0.5985504150390625,0.7613561279296874,-9.782707983398437,-2.8625954198473282,-1.1374045801526718,1.0763358778625953,24.906470588235294
1761619863,3402.74910 N,08407.11724 W,297.2,11,1.08,0.017,2.14,1.08,0.5913678100585937,0.7637503295898437,-9.804255798339844,-2.816793893129771,-1.0610687022900764,1.083969465648855,24.81235294117647
1761619864,3402.74910 N,08407.11724 W,297.2,11,1.08,0.017,2.14,1.08,0.5482721801757812,0.8403647827148437,-9.737218151855469,-2.8396946564885495,-1.2213740458015268,1.1374045801526718,24.81235294117647
1761619865,3402.74910 N,08407.11724 W,297.2,11,1.08,0.038,2.14,1.08,0.5410895751953124,0.7637503295898437,-9.744400756835937,-3.0763358778625953,-1.083969465648855,1.366412213740458,25.000588235294117
1761619866,3402.74910 N,08407.11724 W,297.2,11,1.08,0.038,2.14,1.08,0.5817910034179687,0.7805097412109374,-9.756371765136718,-2.732824427480916,-0.9312977099236641,0.9618320610687023,24.953529411764706
1761619867,3402.74907 N,08407.11722 W,297.2,11,1.08,0.038,2.14,1.08,0.5746083984375,0.7852981445312499,-9.6917283203125,-2.763358778625954,-1.1603053435114503,0.9923664122137404,24.859411764705882
1761619868,3402.74907 N,08407.11722 W,297.2,11,1.08,0.038,2.14,1.08,0.6081272216796875,0.7398083129882812,-9.74200655517578,-2.9389312977099236,-1.0610687022900764,0.9694656488549618,24.906470588235294
1761619869,3402.74907 N,08407.11722 W,297.2,11,1.08,0.038,2.14,1.08,0.5578489868164063,0.8762778076171874,-9.782707983398437,-2.9083969465648853,-1.1297709923664123,0.9236641221374046,24.906470588235294
1761619870,3402.74907 N,08407.11722 W,297.2,11,1.08,0.038,2.14,1.08,0.5746083984375,0.7829039428710937,-9.718064538574218,-3.1068702290076335,-0.9770992366412213,1.4122137404580153,24.906470588235294
1761619871,3402.74907 N,08407.11722 W,297.2,11,1.08,0.038,2.14,1.08,0.5817910034179687,0.7805097412109374,-9.744400756835937,-2.5801526717557253,-1.0458015267175573,0.9847328244274809,24.953529411764706
1761619872,3402.74907 N,08407.11722 W,297.2,11,1.08,0.038,2.14,1.08,0.5722141967773438,0.7805097412109374,-9.76116016845703,-2.83206106870229,-0.9694656488549618,0.9465648854961832,25.04764705882353
1761619873,3402.74907 N,08407.11722 W,297.2,11,1.08,0.061,2.14,1.08,0.6153098266601562,0.9074024291992187,-9.770736975097655,-2.9083969465648853,-1.0076335877862594,1.1145038167938932,24.906470588235294
1761619874,3402.74907 N,08407.11722 W,297.2,11,1.08,0.061,2.14,1.08,0.565031591796875,0.814028564453125,-9.708487731933593,-2.954198473282443,-1.1526717557251909,1.213740458015267,24.953529411764706
1761619875,3402.74905 N,08407.11721 W,297.2,11,1.08,0.061,2.14,1.08,0.55545478515625,0.7972691528320313,-9.708487731933593,-2.7938931297709924,-1.1603053435114503,1.099236641221374,24.859411764705882
1761619876,3402.74905 N,08407.11721 W,297.2,11,1.08,0.061,2.14,1.08,0.5770026000976562,0.7924807495117187,-9.885658654785155,-2.786259541984733,-1.1221374045801527,1.0687022900763359,24.906470588235294
1761619877,3402.74905 N,08407.11721 W,297.2,11,1.08,0.061,2.14,1.08,0.5913678100585937,0.7852981445312499,-9.777919580078125,-2.8091603053435112,-0.9847328244274809,0.8320610687022901,24.859411764705882
1761619878,3402.74905 N,08407.11721 W,297.2,11,1.08,0.061,2.14,1.08,0.5817910034179687,0.7996633544921875,-9.904812268066406,-3.068702290076336,-1.0076335877862594,1.183206106870229,24.906470588235294
1761619879,3402.74905 N,08407.11721 W,297.2,11,1.08,0.061,2.14,1.08,0.6464344482421874,0.7876923461914062,-9.72285294189453,-2.763358778625954,-1.1068702290076335,1.1145038167938932,24.953529411764706
1761619880,3402.74905 N,08407.11721 W,297.2,11,1.08,0.061,2.14,1.08,0.55545478515625,0.8283937744140625,-9.785102185058593,-3.053435114503817,-1.0076335877862594,1.0687022900763359,24.906470588235294
1761619881,3402.74905 N,08407.11721 W,297.2,11,1.08,0.036,2.14,1.08,0.5506663818359374,0.7398083129882812,-9.777919580078125,-2.732824427480916,-1.282442748091603,1.0534351145038168,24.906470588235294
1761619882,3402.74905 N,08407.11721 W,297.2,11,1.08,0.036,2.14,1.08,0.5315127685546874,0.7948749511718749,-9.68454571533203,-2.7709923664122136,-0.9694656488549618,1.1374045801526718,24.76529411764706
1761619883,3402.74903 N,08407.11722 W,297.2,11,1.08,0.036,2.14,1.08,0.5674257934570313,0.8044517578125,-9.74200655517578,-2.931297709923664,-0.9770992366412213,0.8625954198473282,24.953529411764706
1761619884,3402.74903 N,08407.11722 W,297.2,11,1.08,0.036,2.14,1.08,0.6368576416015624,0.8403647827148437,-9.727641345214844,-2.984732824427481,-0.9007633587786259,0.7862595419847328,25.000588235294117
1761619885,3402.74903 N,08407.11722 W,297.2,11,1.08,0.036,2.14,1.08,0.5339069702148437,0.7493851196289062,-9.679757312011718,-2.984732824427481,-1.1374045801526718,1.1755725190839694,24.81235294117647
1761619886,3402.74903 N,08407.11722 W,297.2,11,1.08,0.036,2.14,1.08,0.5674257934570313,0.7805097412109374,-9.718064538574218,-2.717557251908397,-1.0076335877862594,0.816793893129771,24.81235294117647
1761619887,3402.74903 N,08407.11722 W,297.2,11,1.08,0.036,2.14,1.08,0.7326257080078125,0.8092401611328125,-9.775525378417969,-2.7404580152671754,-1.099236641221374,0.916030534351145,24.81235294117647
1761619888,3402.74903 N,08407.11722 W,297.2,11,1.08,0.036,2.14,1.08,0.6177040283203125,0.7900865478515624,-9.749189160156249,-2.7022900763358777,-1.0610687022900764,0.9236641221374046,24.859411764705882
1761619889,3402.74903 N,08407.11722 W,297.2,11,1.08,0.022,2.14,1.08,0.59376201171875,0.7685387329101562,-9.79946739501953,-2.9160305343511452,-1.3587786259541985,1.1068702290076335,24.953529411764706
1761619890,3402.74903 N,08407.11722 W,297.2,11,1.08,0.022,2.14,1.08,0.5363011718749999,0.7900865478515624,-9.777919580078125,-2.8091603053435112,-1.015267175572519,0.9007633587786259,24.906470588235294
1761619891,3402.74904 N,08407.11724 W,297.3,11,1.08,0.022,2.14,1.08,0.5913678100585937,0.7829039428710937,-9.730035546875,-2.854961832061069,-1.0229007633587786,1.0076335877862594,24.906470588235294
1761619892,3402.74904 N,08407.11724 W,297.3,11,1.08,0.022,2.14,1.08,0.6871358764648438,0.8188169677734375,-9.830592016601562,-2.8702290076335877,-1.2213740458015268,1.0763358778625953,24.859411764705882
1761619893,3402.74904 N,08407.11724 W,297.3,11,1.08,0.022,2.14,1.08,0.6081272216796875,0.7948749511718749,-9.782707983398437,-3.0916030534351147,-1.1450381679389312,1.0534351145038168,24.859411764705882
1761619894,3402.74904 N,08407.11724 W,297.3,11,1.08,0.022,2.14,1.08,0.6344634399414062,0.7637503295898437,-9.787496386718749,-2.9083969465648853,-1.0,0.9770992366412213,24.859411764705882
1761619895,3402.74904 N,08407.11724 W,297.3,11,1.08,0.022,2.14,1.08,0.5817910034179687,0.7733271362304687,-9.756371765136718,-2.8625954198473282,-0.9847328244274809,0.8778625954198473,24.859411764705882
1761619896,3402.74904 N,08407.11724 W,297.3,11,1.08,0.022,2.14,1.08,0.5674257934570313,0.8116343627929687,-9.765948571777344,-2.763358778625954,-1.1984732824427482,1.0,24.906470588235294
1761619897,3402.74904 N,08407.11724 W,297.3,11,1.08,0.011,2.14,1.08,0.5698199951171875,0.7948749511718749,-9.878476049804688,-2.7938931297709924,-1.0305343511450382,1.0305343511450382,24.81235294117647
1761619898,3402.74904 N,08407.11724 W,297.3,11,1.08,0.011,2.14,1.08,0.6392518432617187,0.7972691528320313,-9.751583361816406,-3.0076335877862594,-1.0687022900763359,1.16793893129771,24.906470588235294
1761619899,3402.74906 N,08407.11728 W,297.3,11,1.08,0.011,2.14,1.08,0.6177040283203125,0.7852981445312499,-9.794678991699218,-2.885496183206107,-1.16793893129771,1.2442748091603053,24.81235294117647
1761619900,3402.74906 N,08407.11728 W,297.3,11,1.08,0.011,2.14,1.08,0.47884033203125,0.6296750366210937,-9.756371765136718,-3.099236641221374,-1.0381679389312977,1.213740458015267,24.906470588235294
1761619901,3402.74906 N,08407.11728 W,297.3,11,1.08,0.011,2.14,1.08,0.46208092041015625,0.7302315063476562,-9.792284790039062,-3.0076335877862594,-1.0076335877862594,1.2366412213740459,24.906470588235294
1761619902,3402.74906 N,08407.11728 W,297.3,11,1.08,0.011,2.14,1.08,0.5865794067382812,0.7661445312499999,-9.713276135253906,-2.66412213740458,-0.9312977099236641,0.648854961832061,25.000588235294117
1761619903,3402.74906 N,08407.11728 W,297.3,11,1.08,0.011,2.14,1.08,0.5315127685546874,0.8044517578125,-9.763554370117188,-2.885496183206107,-1.083969465648855,1.0305343511450382,24.953529411764706
1761619905,3402.74906 N,08407.11728 W,297.3,11,1.08,0.011,2.14,1.08,0.565031591796875,0.8044517578125,-9.737218151855469,-2.8091603053435112,-1.1374045801526718,0.9389312977099237,24.953529411764706
1761619906,3402.74906 N,08407.11728 W,297.3,11,1.08,0.133,2.14,1.08,0.584185205078125,0.6248866333007812,-9.674968908691406,-2.984732824427481,-1.1068702290076335,1.0458015267175573,24.953529411764706
1761619907,3402.74906 N,08407.11728 W,297.3,11,1.08,0.133,2.14,1.08,0.6344634399414062,0.7900865478515624,-9.782707983398437,-3.0916030534351147,-1.0687022900763359,0.9923664122137404,24.953529411764706
1761619908,3402.74905 N,08407.11724 W,297.4,11,0.85,0.133,2.14,1.08,0.5626373901367188,0.7493851196289062,-9.739612353515625,-2.83206106870229,-1.0610687022900764,1.16793893129771,25.000588235294117
1761619909,3402.74905 N,08407.11724 W,297.4,11,0.85,0.133,1.57,0.85,0.74699091796875,0.7757213378906249,-9.854534033203125,-2.885496183206107,-0.916030534351145,1.251908396946565,25.000588235294117
1761619910,3402.74905 N,08407.11724 W,297.4,11,0.85,0.133,1.57,0.85,0.5339069702148437,0.7924807495117187,-9.835380419921874,-2.7709923664122136,-0.916030534351145,1.083969465648855,24.953529411764706
1761619911,3402.74905 N,08407.11724 W,297.4,11,0.85,0.133,1.57,0.85,0.5961562133789062,0.7900865478515624,-9.797073193359374,-2.969465648854962,-0.9312977099236641,0.9847328244274809,24.953529411764706
1761619912,3402.74905 N,08407.11724 W,297.4,11,0.85,0.133,1.57,0.85,0.5793968017578125,0.8283937744140625,-9.689334118652344,-2.9923664122137406,-0.9847328244274809,1.0763358778625953,24.953529411764706
1761619913,3402.74905 N,08407.11724 W,297.4,11,0.85,0.133,1.57,0.85,0.4644751220703125,0.7948749511718749,-9.749189160156249,-2.732824427480916,-1.0610687022900764,0.9389312977099237,25.000588235294117
1761619914,3402.74905 N,08407.11724 W,297.4,11,0.85,0.038,1.57,0.85,0.5770026000976562,0.7972691528320313,-9.686939916992188,-3.114503816793893,-1.366412213740458,1.4351145038167938,24.906470588235294
1761619915,3402.74905 N,08407.11724 W,297.4,11,0.85,0.038,1.57,0.85,0.4908113403320312,0.6440402465820312,-9.777919580078125,-2.946564885496183,-1.0916030534351144,1.0229007633587786,24.953529411764706
1761619916,3402.74906 N,08407.11725 W,297.4,11,0.85,0.038,1.57,0.85,0.7541735229492187,0.7900865478515624,-9.744400756835937,-3.3587786259541983,-1.0229007633587786,1.4122137404580153,24.906470588235294
1761619917,3402.74906 N,08407.11725 W,297.4,11,0.85,0.038,1.57,0.85,0.6153098266601562,0.7422025146484375,-9.727641345214844,-2.9083969465648853,-1.0610687022900764,0.9312977099236641,24.953529411764706
1761619918,3402.74906 N,08407.11725 W,297.4,11,0.85,0.038,1.57,0.85,0.5722141967773438,0.814028564453125,-9.682151513671874,-2.6030534351145036,-1.0534351145038168,0.5954198473282443,24.859411764705882
1761619919,3402.74906 N,08407.11725 W,297.4,11,0.85,0.038,1.57,0.85,0.612915625,0.7781155395507812,-9.710881933593749,-2.1526717557251906,-0.8778625954198473,0.5572519083969466,24.953529411764706
1761619920,3402.74906 N,08407.11725 W,297.4,11,0.85,0.038,1.57,0.85,0.45968671875,0.7685387329101562,-9.674968908691406,-3.0610687022900764,-0.9618320610687023,0.9618320610687023,24.953529411764706
1761619921,3402.74906 N,08407.11725 W,297.4,11,0.85,0.038,1.57,0.85,0.5889736083984375,0.7852981445312499,-9.713276135253906,-2.6946564885496183,-0.8702290076335878,0.8244274809160306,24.953529411764706
1761619922,3402.74906 N,08407.11725 W,297.4,11,0.85,0.032,1.57,0.85,0.55545478515625,0.8283937744140625,-9.730035546875,-2.816793893129771,-1.1221374045801527,1.2061068702290076,25.000588235294117
1761619923,3402.74906 N,08407.11725 W,297.4,11,0.85,0.032,1.57,0.85,0.6009446166992187,0.7852981445312499,-9.70369932861328,-2.7557251908396947,-0.9923664122137404,1.0763358778625953,24.859411764705882
1761619924,3402.74908 N,08407.11727 W,297.3,11,0.85,0.032,1.57,0.85,0.612915625,0.7948749511718749,-9.725247143554688,-2.7938931297709924,-1.0763358778625953,1.0,25.000588235294117
1761619925,3402.74908 N,08407.11727 W,297.3,11,0.85,0.032,1.57,0.85,0.5243301635742187,0.7685387329101562,-9.734823950195311,-2.9160305343511452,-0.8854961832061069,0.9770992366412213,25.000588235294117
1761619926,3402.74908 N,08407.11727 W,297.3,11,0.85,0.032,1.57,0.85,0.5626373901367188,0.6392518432617187,-9.718064538574218,-2.954198473282443,-1.16793893129771,1.1068702290076335,25.000588235294117
1761619927,3402.74908 N,08407.11727 W,297.3,11,0.85,0.032,1.57,0.85,0.6009446166992187,0.7661445312499999,-9.763554370117188,-2.8396946564885495,-1.2671755725190839,0.9618320610687023,24.953529411764706
1761619928,3402.74908 N,08407.11727 W,297.3,11,0.85,0.032,1.57,0.85,0.49799394531249996,0.7541735229492187,-9.708487731933593,-3.236641221374046,-1.1374045801526718,1.0229007633587786,25.04764705882353
1761619929,3402.74908 N,08407.11727 W,297.3,11,0.85,0.032,1.57,0.85,0.5746083984375,0.8475473876953125,-9.8449572265625,-2.9618320610687023,-1.0534351145038168,1.3129770992366412,24.953529411764706
1761619930,3402.74908 N,08407.11727 W,297.3,11,0.85,0.098,1.57,0.85,0.6200982299804687,0.7541735229492187,-9.782707983398437,-2.7480916030534353,-1.0381679389312977,0.9389312977099237,25.000588235294117
1761619931,3402.74908 N,08407.11727 W,297.3,11,0.85,0.098,1.57,0.85,0.5793968017578125,0.9169792358398436,-9.732429748535155,-2.564885496183206,-1.015267175572519,0.8702290076335878,24.906470588235294
1761619932,3402.74913 N,08407.11728 W,297.2,11,0.85,0.098,1.57,0.85,0.6392518432617187,0.7948749511718749,-9.81862100830078,-2.8244274809160306,-1.1755725190839694,1.083969465648855,24.953529411764706
1761619933,3402.74913 N,08407.11728 W,297.2,11,0.85,0.098,1.57,0.85,0.6296750366210937,0.6177040283203125,-9.679757312011718,-2.885496183206107,-1.0458015267175573,0.9389312977099237,25.000588235294117
1761619934,3402.74913 N,08407.11728 W,297.2,11,0.85,0.098,1.57,0.85,0.5291185668945312,0.7781155395507812,-9.708487731933593,-2.8244274809160306,-1.1908396946564885,1.1068702290076335,24.906470588235294
1761619935,3402.74913 N,08407.11728 W,297.2,11,0.85,0.098,1.57,0.85,0.5793968017578125,0.8068459594726562,-9.789890588378906,-2.8396946564885495,-0.9770992366412213,1.1145038167938932,24.953529411764706
1761619936,3402.74913 N,08407.11728 W,297.2,11,0.85,0.098,1.57,0.85,0.5746083984375,0.8188169677734375,-9.794678991699218,-2.8625954198473282,-1.183206106870229,0.9541984732824428,24.953529411764706
1761619937,3402.74913 N,08407.11728 W,297.2,11,0.85,0.098,1.57,0.85,0.5363011718749999,0.7900865478515624,-9.667786303710937,-3.015267175572519,-1.0763358778625953,1.1297709923664123,25.000588235294117
1761619938,3402.74913 N,08407.11728 W,297.2,11,0.85,0.106,1.57,0.85,0.5243301635742187,0.7637503295898437,-9.794678991699218,-3.114503816793893,-1.0,1.2061068702290076,25.000588235294117
1761619939,3402.74913 N,08407.11728 W,297.2,11,0.85,0.106,1.57,0.85,0.55545478515625,0.8092401611328125,-9.842563024902343,-3.030534351145038,-1.1603053435114503,1.0534351145038168,24.953529411764706
1761619940,3402.74917 N,08407.11728 W,297.2,11,0.85,0.106,1.57,0.85,0.5770026000976562,0.7278373046875,-9.792284790039062,-2.984732824427481,-1.1374045801526718,1.0229007633587786,24.906470588235294
1761619941,3402.74917 N,08407.11728 W,297.2,11,0.85,0.106,1.57,0.85,0.5291185668945312,0.7637503295898437,-9.744400756835937,-2.7251908396946565,-1.2213740458015268,0.9541984732824428,24.953529411764706
1761619942,3402.74917 N,08407.11728 W,297.2,11,0.85,0.106,1.57,0.85,0.612915625,0.7876923461914062,-9.68454571533203,-2.7709923664122136,-1.1908396946564885,1.0381679389312977,24.859411764705882
1761619943,3402.74917 N,08407.11728 W,297.2,11,0.85,0.106,1.57,0.85,0.59376201171875,0.9169792358398436,-9.737218151855469,-2.8473282442748094,-1.1297709923664123,1.1450381679389312,24.953529411764706
1761619944,3402.74917 N,08407.11728 W,297.2,11,0.85,0.106,1.57,0.85,0.5698199951171875,0.6679822631835937,-9.782707983398437,-3.0381679389312977,-1.0534351145038168,1.1755725190839694,24.859411764705882
1761619945,3402.74917 N,08407.11728 W,297.2,11,0.85,0.106,1.57,0.85,0.5770026000976562,0.7900865478515624,-9.835380419921874,-3.0229007633587788,-0.9923664122137404,1.1984732824427482,24.953529411764706
1761619946,3402.74917 N,08407.11728 W,297.2,11,0.85,0.110,1.57,0.85,0.6272808349609375,0.8259995727539062,-9.789890588378906,-2.732824427480916,-1.16793893129771,0.9770992366412213,24.906470588235294
1761619947,3402.74917 N,08407.11728 W,297.2,11,0.85,0.110,1.57,0.85,0.5817910034179687,0.82360537109375,-9.76116016845703,-2.816793893129771,-0.7862595419847328,0.9007633587786259,24.906470588235294
1761619948,3402.74919 N,08407.11731 W,297.1,11,1.08,0.110,1.57,0.85,0.4908113403320312,0.6296750366210937,-9.744400756835937,-2.885496183206107,-1.0305343511450382,0.9236641221374046,24.953529411764706
1761619949,3402.74919 N,08407.11731 W,297.1,11,1.08,0.110,2.14,1.08,0.5770026000976562,0.814028564453125,-9.832986218261718,-2.9083969465648853,-1.1450381679389312,1.0534351145038168,25.000588235294117
1761619950,3402.74919 N,08407.11731 W,297.1,11,1.08,0.110,2.14,1.08,0.5793968017578125,0.7972691528320313,-9.753977563476562,-2.7022900763358777,-1.0610687022900764,1.083969465648855,24.953529411764706
1761619951,3402.74919 N,08407.11731 W,297.1,11,1.08,0.110,2.14,1.08,0.6009446166992187,0.7805097412109374,-9.789890588378906,-2.885496183206107,-1.0534351145038168,1.16793893129771,25.000588235294117
1761619952,3402.74919 N,08407.11731 W,297.1,11,1.08,0.110,2.14,1.08,0.5770026000976562,0.7493851196289062,-9.739612353515625,-2.9083969465648853,-0.9541984732824428,0.9770992366412213,24.953529411764706
1761619953,3402.74919 N,08407.11731 W,297.1,11,1.08,0.110,2.14,1.08,0.603338818359375,0.7254431030273437,-9.74200655517578,-3.1755725190839694,-0.916030534351145,1.0687022900763359,25.04764705882353
1761619954,3402.74919 N,08407.11731 W,297.1,11,1.08,0.137,2.14,1.08,0.507570751953125,0.8690952026367187,-9.773131176757811,-3.015267175572519,-1.1755725190839694,1.0,24.953529411764706
1761619955,3402.74919 N,08407.11731 W,297.1,11,1.08,0.137,2.14,1.08,0.5698199951171875,0.7972691528320313,-9.713276135253906,-2.8931297709923665,-0.9465648854961832,0.7862595419847328,25.000588235294117
1761619956,3402.74923 N,08407.11735 W,297.0,11,1.09,0.137,2.14,1.08,0.5817910034179687,0.7972691528320313,-9.744400756835937,-2.8091603053435112,-0.9618320610687023,1.1221374045801527,25.04764705882353
1761619957,3402.74923 N,08407.11735 W,297.0,11,1.09,0.137,2.14,1.09,0.6177040283203125,0.7829039428710937,-9.76116016845703,-2.969465648854962,-1.0305343511450382,1.0458015267175573,25.000588235294117
1761619958,3402.74923 N,08407.11735 W,297.0,11,1.09,0.137,2.14,1.09,0.5434837768554687,0.7757213378906249,-9.68454571533203,-2.6946564885496183,-1.2213740458015268,0.8625954198473282,25.04764705882353
1761619959,3402.74923 N,08407.11735 W,297.0,11,1.09,0.137,2.14,1.09,0.6296750366210937,0.7733271362304687,-9.782707983398437,-2.7938931297709924,-0.916030534351145,1.0610687022900764,24.906470588235294
1761619960,3402.74923 N,08407.11735 W,297.0,11,1.09,0.137,2.14,1.09,0.5889736083984375,0.8116343627929687,-9.830592016601562,-2.9389312977099236,-0.9847328244274809,1.0534351145038168,25.04764705882353
1761619961,3402.74923 N,08407.11735 W,297.0,11,1.09,0.137,2.14,1.09,0.6200982299804687,0.7924807495117187,-9.715670336914062,-2.931297709923664,-1.1221374045801527,1.16793893129771,24.906470588235294
1761619962,3402.74923 N,08407.11735 W,297.0,11,1.09,0.078,2.14,1.09,0.6105214233398437,0.8188169677734375,-9.682151513671874,-2.854961832061069,-1.015267175572519,1.1221374045801527,25.04764705882353
1761619963,3402.74923 N,08407.11735 W,297.0,11,1.09,0.078,2.14,1.09,0.5746083984375,0.8044517578125,-9.78031378173828,-2.900763358778626,-1.0458015267175573,1.0458015267175573,25.000588235294117
1761619964,3402.74928 N,08407.11738 W,297.0,11,1.09,0.078,2.14,1.09,0.5985504150390625,0.6248866333007812,-9.72285294189453,-3.045801526717557,-1.1526717557251909,1.282442748091603,24.953529411764706
1761619965,3402.74928 N,08407.11738 W,297.0,11,1.09,0.078,2.14,1.09,0.622492431640625,0.8044517578125,-9.686939916992188,-3.618320610687023,-0.9923664122137404,1.4198473282442747,25.000588235294117
1761619966,3402.74928 N,08407.11738 W,297.0,11,1.09,0.078,2.14,1.09,0.47165772705078124,0.7852981445312499,-9.777919580078125,-2.9160305343511452,-1.1221374045801527,1.1984732824427482,24.953529411764706
1761619967,3402.74928 N,08407.11738 W,297.0,11,1.09,0.078,2.14,1.09,0.5698199951171875,0.8475473876953125,-9.811438403320311,-2.984732824427481,-1.083969465648855,1.2442748091603053,25.000588235294117
1761619968,3402.74928 N,08407.11738 W,297.0,11,1.09,0.078,2.14,1.09,0.45968671875,0.7876923461914062,-9.775525378417969,-2.717557251908397,-1.1221374045801527,0.8015267175572519,24.906470588235294
1761619969,3402.74928 N,08407.11738 W,297.0,11,1.09,0.078,2.14,1.09,0.6416460449218749,0.8451531860351562,-9.715670336914062,-2.877862595419847,-1.0381679389312977,1.0916030534351144,25.04764705882353
1761619970,3402.74928 N,08407.11738 W,297.0,11,1.09,0.069,2.14,1.09,0.5865794067382812,0.7805097412109374,-9.797073193359374,-2.931297709923664,-0.9847328244274809,0.7099236641221374,24.906470588235294
1761619971,3402.74928 N,08407.11738 W,297.0,11,1.09,0.069,2.14,1.09,0.507570751953125,0.7924807495117187,-9.718064538574218,-2.954198473282443,-1.0610687022900764,1.1297709923664123,25.000588235294117
1761619972,3402.74936 N,08407.11746 W,296.9,11,1.09,0.069,2.14,1.09,0.5770026000976562,0.8283937744140625,-9.770736975097655,-2.900763358778626,-0.9389312977099237,1.0916030534351144,24.953529411764706
1761619973,3402.74936 N,08407.11746 W,296.9,11,1.09,0.069,2.14,1.09,0.4740519287109375,0.7924807495117187,-9.773131176757811,-2.7480916030534353,-1.1297709923664123,0.9007633587786259,24.953529411764706
1761619974,3402.74936 N,08407.11746 W,296.9,11,1.09,0.069,2.14,1.09,0.5578489868164063,0.622492431640625,-9.76116016845703,-2.7099236641221376,-1.16793893129771,1.1908396946564885,24.906470588235294
1761619975,3402.74936 N,08407.11746 W,296.9,11,1.09,0.069,2.14,1.09,0.4740519287109375,0.8858546142578124,-9.674968908691406,-2.9083969465648853,-1.1145038167938932,1.0,25.04764705882353
1761619976,3402.74936 N,08407.11746 W,296.9,11,1.09,0.069,2.14,1.09,0.6392518432617187,0.8020575561523438,-9.787496386718749,-2.786259541984733,-0.9923664122137404,0.8854961832061069,25.04764705882353
1761619977,3402.74936 N,08407.11746 W,296.9,11,1.09,0.069,2.14,1.09,0.6081272216796875,0.8188169677734375,-9.7683427734375,-2.8702290076335877,-1.1221374045801527,1.0610687022900764,25.000588235294117
1761619978,3402.74936 N,08407.11746 W,296.9,11,1.09,0.100,2.14,1.09,0.5722141967773438,0.7829039428710937,-9.749189160156249,-2.9389312977099236,-0.8778625954198473,0.9923664122137404,25.000588235294117
1761619979,3402.74936 N,08407.11746 W,296.9,11,1.09,0.100,2.14,1.09,0.6368576416015624,0.7805097412109374,-9.6917283203125,-2.49618320610687,-1.0,0.7633587786259542,25.04764705882353
1761619980,3402.74942 N,08407.11750 W,296.8,11,1.09,0.100,2.14,1.09,0.565031591796875,0.7876923461914062,-9.7683427734375,-3.6793893129770994,-1.3435114503816794,1.900763358778626,25.000588235294117
1761619981,3402.74942 N,08407.11750 W,296.8,11,1.09,0.100,2.14,1.09,0.5267243652343749,0.8212111694335937,-9.713276135253906,-2.854961832061069,-1.1755725190839694,1.0381679389312977,24.953529411764706
1761619982,3402.74942 N,08407.11750 W,296.8,11,1.09,0.100,2.14,1.09,0.5770026000976562,0.7589619262695312,-9.80665,-3.3893129770992365,-1.1526717557251909,1.7099236641221374,25.04764705882353
1761619983,3402.74942 N,08407.11750 W,296.8,11,1.09,0.100,2.14,1.09,0.5602431884765625,0.7924807495117187,-9.823409411621093,-2.9923664122137406,-0.8854961832061069,0.9770992366412213,25.000588235294117
1761619984,3402.74942 N,08407.11750 W,296.8,11,1.09,0.100,2.14,1.09,0.6081272216796875,0.6344634399414062,-9.79946739501953,-3.015267175572519,-0.9770992366412213,1.2366412213740459,25.000588235294117
1761619985,3402.74942 N,08407.11750 W,296.8,11,1.09,0.100,2.14,1.09,0.5961562133789062,0.7661445312499999,-9.734823950195311,-3.2213740458015265,-1.0458015267175573,1.1297709923664123,25.04764705882353
1761619986,3402.74942 N,08407.11750 W,296.8,11,1.09,0.128,2.14,1.09,0.6248866333007812,0.8044517578125,-9.758765966796874,-2.7938931297709924,-1.251908396946565,1.0229007633587786,24.953529411764706
1761619987,3402.74942 N,08407.11750 W,296.8,11,1.09,0.128,2.14,1.09,0.5985504150390625,0.7637503295898437,-9.708487731933593,-2.8702290076335877,-1.0534351145038168,1.2213740458015268,25.000588235294117
1761619988,3402.74947 N,08407.11750 W,296.7,11,1.09,0.128,2.14,1.09,0.507570751953125,0.7757213378906249,-9.730035546875,-2.50381679389313,-0.8015267175572519,0.8396946564885496,25.09470588235294
1761619989,3402.74947 N,08407.11750 W,296.7,11,1.09,0.128,2.14,1.09,0.5793968017578125,0.8283937744140625,-9.706093530273437,-2.8702290076335877,-1.1297709923664123,1.083969465648855,24.906470588235294
1761619990,3402.74947 N,08407.11750 W,296.7,11,1.09,0.128,2.14,1.09,0.7589619262695312,0.8283937744140625,-9.840168823242188,-2.6793893129770994,-1.0305343511450382,0.8702290076335878,24.906470588235294
1761619991,3402.74947 N,08407.11750 W,296.7,11,1.09,0.128,2.14,1.09,0.6440402465820312,0.7900865478515624,-9.81862100830078,-2.83206106870229,-0.9770992366412213,1.1068702290076335,24.906470588235294
1761619992,3402.74947 N,08407.11750 W,296.7,11,1.09,0.128,2.14,1.09,0.47165772705078124,0.8164227661132812,-9.751583361816406,-3.1526717557251906,-0.9694656488549618,1.4122137404580153,25.04764705882353
1761619993,3402.74947 N,08407.11750 W,296.7,11,1.09,0.128,2.14,1.09,0.5339069702148437,0.7709329345703124,-9.777919580078125,-2.801526717557252,-1.0305343511450382,0.9389312977099237,25.000588235294117
1761619994,3402.74947 N,08407.11750 W,296.7,11,1.09,0.154,2.14,1.09,0.7565677246093749,0.814028564453125,-9.773131176757811,-2.9160305343511452,-0.9618320610687023,1.099236641221374,24.906470588235294
1761619995,3402.74947 N,08407.11750 W,296.7,11,1.09,0.154,2.14,1.09,0.5339069702148437,0.7445967163085937,-9.78031378173828,-3.0381679389312977,-1.0229007633587786,0.9465648854961832,24.906470588235294
1761619996,3402.74949 N,08407.11750 W,296.6,11,1.09,0.154,2.14,1.09,0.6703764648437499,0.7876923461914062,-9.552864624023437,-3.0,-1.1297709923664123,1.083969465648855,24.953529411764706
1761619997,3402.74949 N,08407.11750 W,296.6,11,1.09,0.154,2.14,1.09,0.5626373901367188,0.7876923461914062,-9.737218151855469,-2.9160305343511452,-1.213740458015267,1.2748091603053435,25.000588235294117
1761619998,3402.74949 N,08407.11750 W,296.6,11,1.09,0.154,2.14,1.09,0.584185205078125,0.9026140258789062,-9.770736975097655,-2.9618320610687023,-1.0381679389312977,1.0305343511450382,24.953529411764706
1761619999,3402.74949 N,08407.11750 W,296.6,11,1.09,0.154,2.14,1.09,0.59376201171875,0.7781155395507812,-9.794678991699218,-2.9923664122137406,-1.183206106870229,1.1374045801526718,24.906470588235294
1761620000,3402.74949 N,08407.11750 W,296.6,11,1.09,0.154,2.14,1.09,0.5746083984375,0.7876923461914062,-9.787496386718749,-2.877862595419847,-1.083969465648855,0.9923664122137404,25.000588235294117
1761620001,3402.74949 N,08407.11750 W,296.6,11,1.09,0.154,2.14,1.09,0.5985504150390625,0.8307879760742187,-9.79946739501953,-2.946564885496183,-0.8931297709923665,1.2290076335877862,25.04764705882353
1761620002,3402.74949 N,08407.11750 W,296.6,11,1.09,0.064,2.14,1.09,0.6488286499023437,0.8092401611328125,-9.78031378173828,-3.015267175572519,-0.9923664122137404,1.0916030534351144,25.000588235294117
1761620003,3402.74949 N,08407.11750 W,296.6,11,1.09,0.064,2.14,1.09,0.565031591796875,0.6416460449218749,-9.931148486328125,-2.7251908396946565,-1.0534351145038168,0.9541984732824428,24.859411764705882
1761620004,3402.74954 N,08407.11760 W,296.4,11,1.09,0.064,2.14,1.09,0.6057330200195312,0.7757213378906249,-9.758765966796874,-2.9083969465648853,-1.099236641221374,0.7938931297709924,24.953529411764706
1761620005,3402.74954 N,08407.11760 W,296.4,11,1.09,0.064,2.14,1.09,0.6009446166992187,0.9145850341796874,-9.78031378173828,-2.450381679389313,-0.9694656488549618,0.5572519083969466,24.859411764705882
1761620006,3402.74954 N,08407.11760 W,296.4,11,1.09,0.064,2.14,1.09,0.5913678100585937,0.7733271362304687,-9.804255798339844,-2.877862595419847,-0.9389312977099237,0.916030534351145,24.953529411764706
1761620007,3402.74954 N,08407.11760 W,296.4,11,1.09,0.064,2.14,1.09,0.7493851196289062,0.8020575561523438,-9.694122521972655,-3.099236641221374,-1.1145038167938932,1.1450381679389312,24.859411764705882
1761620008,3402.74954 N,08407.11760 W,296.4,11,1.09,0.064,2.14,1.09,0.6272808349609375,0.7829039428710937,-9.773131176757811,-2.9618320610687023,-1.0763358778625953,1.0610687022900764,24.859411764705882
1761620009,3402.74954 N,08407.11760 W,296.4,11,1.09,0.064,2.14,1.09,0.6344634399414062,0.8092401611328125,-9.787496386718749,-2.7022900763358777,-0.9923664122137404,0.9083969465648855,25.000588235294117
1761620010,3402.74954 N,08407.11760 W,296.4,11,1.09,0.069,2.14,1.09,0.6751648681640625,0.7709329345703124,-9.686939916992188,-2.7404580152671754,-0.9694656488549618,0.916030534351145,25.000588235294117
1761620011,3402.74954 N,08407.11760 W,296.4,11,1.09,0.069,2.14,1.09,0.5889736083984375,0.9121908325195311,-9.797073193359374,-2.5114503816793894,-1.0076335877862594,0.9389312977099237,24.953529411764706
1761620012,3402.74957 N,08407.11764 W,296.2,11,1.09,0.069,2.14,1.09,0.5985504150390625,0.7685387329101562,-9.72285294189453,-2.786259541984733,-1.083969465648855,0.9389312977099237,24.859411764705882
1761620013,3402.74957 N,08407.11764 W,296.2,11,1.09,0.069,2.14,1.09,0.5578489868164063,0.7996633544921875,-9.706093530273437,-2.8091603053435112,-1.0076335877862594,1.083969465648855,24.906470588235294
1761620014,3402.74957 N,08407.11764 W,296.2,11,1.09,0.069,2.14,1.09,0.5363011718749999,0.7972691528320313,-9.792284790039062,-2.8473282442748094,-1.0916030534351144,0.916030534351145,24.953529411764706
1761620015,3402.74957 N,08407.11764 W,296.2,11,1.09,0.069,2.14,1.09,0.6392518432617187,0.7685387329101562,-9.72285294189453,-2.8473282442748094,-0.9923664122137404,1.0687022900763359,25.000588235294117
1761620016,3402.74957 N,08407.11764 W,296.2,11,1.09,0.069,2.14,1.09,0.5961562133789062,0.7996633544921875,-9.70369932861328,-2.7022900763358777,-0.8931297709923665,0.9694656488549618,24.953529411764706
1761620017,3402.74957 N,08407.11764 W,296.2,11,1.09,0.069,2.14,1.09,0.6081272216796875,0.9026140258789062,-9.76116016845703,-2.9923664122137406,-1.183206106870229,1.1450381679389312,24.953529411764706
1761620019,3402.74957 N,08407.11764 W,296.2,11,1.09,0.041,2.14,1.09,0.5889736083984375,0.7733271362304687,-9.81862100830078,-2.816793893129771,-1.0534351145038168,0.9007633587786259,24.953529411764706
1761620020,3402.74957 N,08407.11764 W,296.2,11,1.09,0.041,2.14,1.09,0.51714755859375,0.7613561279296874,-9.87608184814453,-3.0610687022900764,-0.8702290076335878,0.9083969465648855,25.000588235294117
1761620021,3402.74959 N,08407.11764 W,296.1,11,1.09,0.041,2.14,1.09,0.5961562133789062,0.7757213378906249,-9.79946739501953,-2.83206106870229,-1.16793893129771,1.0610687022900764,24.906470588235294
1761620022,3402.74959 N,08407.11764 W,296.1,11,1.09,0.041,2.14,1.09,0.47644613037109373,0.7829039428710937,-9.706093530273437,-2.763358778625954,-0.9236641221374046,1.0229007633587786,25.000588235294117
1761620023,3402.74959 N,08407.11764 W,296.1,11,1.09,0.041,2.14,1.09,0.6009446166992187,0.737414111328125,-9.756371765136718,-2.6564885496183206,-1.083969465648855,0.8244274809160306,24.859411764705882
1761620024,3402.74959 N,08407.11764 W,296.1,11,1.09,0.041,2.14,1.09,0.6057330200195312,0.7900865478515624,-9.852139831542969,-3.3206106870229006,-1.0916030534351144,1.2366412213740459,25.000588235294117
1761620025,3402.74959 N,08407.11764 W,296.1,11,1.09,0.041,2.14,1.09,0.5458779785156249,0.7852981445312499,-9.861716638183593,-2.7938931297709924,-1.0610687022900764,1.0687022900763359,24.953529411764706
1761620026,3402.74959 N,08407.11764 W,296.1,11,1.09,0.041,2.14,1.09,0.7589619262695312,0.7948749511718749,-9.6917283203125,-3.3740458015267176,-1.0610687022900764,1.282442748091603,25.000588235294117
1761620027,3402.74959 N,08407.11764 W,296.1,11,1.09,0.024,2.14,1.09,0.4644751220703125,0.6392518432617187,-9.660603698730467,-3.045801526717557,-1.1297709923664123,1.0076335877862594,24.906470588235294
1761620028,3402.74959 N,08407.11764 W,296.1,11,1.09,0.024,2.14,1.09,0.584185205078125,0.8667010009765624,-9.732429748535155,-3.1908396946564888,-1.0610687022900764,1.213740458015267,25.000588235294117
1761620029,3402.74960 N,08407.11755 W,296.3,11,1.09,0.024,2.14,1.09,0.5961562133789062,0.7948749511718749,-9.751583361816406,-2.984732824427481,-1.1145038167938932,1.1526717557251909,24.859411764705882
1761620030,3402.74960 N,08407.11755 W,296.3,11,1.09,0.024,2.14,1.09,0.5386953735351562,0.7781155395507812,-9.868899243164062,-2.9618320610687023,-1.0763358778625953,1.0763358778625953,25.000588235294117
1761620031,3402.74960 N,08407.11755 W,296.3,11,1.09,0.024,2.14,1.09,0.612915625,0.74699091796875,-9.746794958496093,-2.954198473282443,-1.0305343511450382,0.9007633587786259,24.953529411764706
1761620032,3402.74960 N,08407.11755 W,296.3,11,1.09,0.024,2.14,1.09,0.6248866333007812,0.7852981445312499,-9.777919580078125,-2.7404580152671754,-1.1374045801526718,0.7938931297709924,25.04764705882353
1761620033,3402.74960 N,08407.11755 W,296.3,11,1.09,0.024,2.14,1.09,0.6584054565429687,0.7781155395507812,-9.751583361816406,-2.9160305343511452,-1.0305343511450382,1.1526717557251909,25.000588235294117
1761620034,3402.74960 N,08407.11755 W,296.3,11,1.09,0.024,2.14,1.09,0.5386953735351562,0.6200982299804687,-9.852139831542969,-2.5419847328244276,-1.0458015267175573,0.816793893129771,24.953529411764706
1761620035,3402.74960 N,08407.11755 W,296.3,11,1.09,0.083,2.14,1.09,0.6009446166992187,0.6464344482421874,-9.76116016845703,-3.122137404580153,-1.2290076335877862,1.1450381679389312,25.000588235294117
1761620036,3402.74960 N,08407.11755 W,296.3,11,1.09,0.083,2.14,1.09,0.5363011718749999,0.7709329345703124,-9.765948571777344,-2.8473282442748094,-1.0610687022900764,1.0,24.953529411764706
1761620037,3402.74960 N,08407.11735 W,296.6,11,1.09,0.083,2.14,1.09,0.5674257934570313,0.7733271362304687,-9.775525378417969,-3.0229007633587788,-1.213740458015267,1.4122137404580153,25.04764705882353
1761620038,3402.74960 N,08407.11735 W,296.6,11,1.09,0.083,2.14,1.09,0.612915625,0.7781155395507812,-9.763554370117188,-2.816793893129771,-1.1908396946564885,0.9465648854961832,24.953529411764706
1761620039,3402.74960 N,08407.11735 W,296.6,11,1.09,0.083,2.14,1.09,0.5865794067382812,0.7565677246093749,-9.74200655517578,-2.8396946564885495,-1.0381679389312977,0.7709923664122137,24.906470588235294
1761620040,3402.74960 N,08407.11735 W,296.6,11,1.09,0.083,2.14,1.09,0.7110778930664062,0.7972691528320313,-9.789890588378906,-3.1374045801526718,-1.0229007633587786,1.3587786259541985,25.000588235294117
1761620041,3402.74960 N,08407.11735 W,296.6,11,1.09,0.083,2.14,1.09,0.584185205078125,0.7733271362304687,-9.794678991699218,-3.1908396946564888,-1.0534351145038168,1.183206106870229,25.000588235294117
1761620042,3402.74960 N,08407.11735 W,296.6,11,1.09,0.083,2.14,1.09,0.5626373901367188,0.6943184814453125,-9.785102185058593,-2.816793893129771,-0.9847328244274809,1.0381679389312977,24.953529411764706
1761620043,3402.74960 N,08407.11735 W,296.6,11,1.09,0.022,2.14,1.09,0.5961562133789062,0.7422025146484375,-9.76116016845703,-2.8702290076335877,-1.0305343511450382,0.816793893129771,24.953529411764706
1761620044,3402.74960 N,08407.11735 W,296.6,11,1.09,0.022,2.14,1.09,0.45968671875,0.9002198242187499,-9.720458740234374,-3.1603053435114505,-1.0381679389312977,1.1984732824427482,24.953529411764706
1761620045,3402.74959 N,08407.11717 W,296.9,11,1.09,0.022,2.14,1.09,0.74699091796875,0.7972691528320313,-9.725247143554688,-4.419847328244275,-1.6793893129770991,2.0610687022900764,24.906470588235294
1761620046,3402.74959 N,08407.11717 W,296.9,11,1.09,0.022,2.14,1.09,0.6009446166992187,0.8786720092773437,-9.698910925292969,-2.4885496183206106,-1.0381679389312977,0.44274809160305345,25.04764705882353
1761620047,3402.74959 N,08407.11717 W,296.9,11,1.09,0.022,2.14,1.09,0.55545478515625,0.7781155395507812,-9.9215716796875,-2.5267175572519083,-1.0381679389312977,0.7938931297709924,24.906470588235294
1761620048,3402.74959 N,08407.11717 W,296.9,11,1.09,0.022,2.14,1.09,0.6248866333007812,0.9002198242187499,-9.744400756835937,-2.8625954198473282,-1.2671755725190839,0.8778625954198473,24.953529411764706
1761620049,3402.74959 N,08407.11717 W,296.9,11,1.09,0.022,2.14,1.09,0.6560112548828124,0.7900865478515624,-9.770736975097655,-2.9770992366412212,-1.1374045801526718,1.1984732824427482,24.953529411764706
1761620050,3402.74959 N,08407.11717 W,296.9,11,1.09,0.022,2.14,1.09,0.5985504150390625,0.8188169677734375,-9.751583361816406,-2.6946564885496183,-1.0229007633587786,1.0,24.906470588235294
1761620051,3402.74959 N,08407.11717 W,296.9,11,1.09,0.169,2.14,1.09,0.6009446166992187,0.7733271362304687,-9.720458740234374,-3.145038167938931,-1.015267175572519,1.2366412213740459,24.859411764705882
1761620052,3402.74959 N,08407.11717 W,296.9,11,1.09,0.169,2.14,1.09,0.55545478515625,0.8355763793945312,-9.777919580078125,-2.6946564885496183,-1.0458015267175573,0.6946564885496184,24.906470588235294
1761620053,3402.74957 N,08407.11703 W,297.2,11,1.09,0.169,2.14,1.09,0.5889736083984375,0.7924807495117187,-9.938331091308592,-3.16793893129771,-1.0687022900763359,1.213740458015267,24.953529411764706
1761620054,3402.74957 N,08407.11703 W,297.2,11,1.09,0.169,2.14,1.09,0.7517793212890624,0.7541735229492187,-9.770736975097655,-2.9389312977099236,-0.9465648854961832,1.0916030534351144,24.906470588235294
1761620055,3402.74957 N,08407.11703 W,297.2,11,1.09,0.169,2.14,1.09,0.689530078125,0.8307879760742187,-9.734823950195311,-2.931297709923664,-1.0916030534351144,1.0,24.906470588235294
1761620056,3402.74957 N,08407.11703 W,297.2,11,1.09,0.169,2.14,1.09,0.7038952880859375,0.7805097412109374,-9.756371765136718,-2.9160305343511452,-0.9236641221374046,1.3053435114503817,24.906470588235294
1761620057,3402.74957 N,08407.11703 W,297.2,11,1.09,0.169,2.14,1.09,0.5482721801757812,0.6727706665039062,-9.744400756835937,-3.2748091603053435,-1.083969465648855,1.5114503816793894,25.000588235294117
1761620058,3402.74957 N,08407.11703 W,297.2,11,1.09,0.169,2.14,1.09,0.6081272216796875,0.814028564453125,-9.667786303710937,-2.572519083969466,-0.9389312977099237,0.5343511450381679,24.906470588235294
1761620059,3402.74957 N,08407.11703 W,297.2,11,1.09,0.258,2.14,1.09,0.5674257934570313,0.8092401611328125,-9.82580361328125,-3.0610687022900764,-1.16793893129771,1.0,24.906470588235294
1761620060,3402.74957 N,08407.11703 W,297.2,11,1.09,0.258,2.14,1.09,0.5674257934570313,0.737414111328125,-9.746794958496093,-3.0,-1.0763358778625953,1.0229007633587786,25.000588235294117
1761620061,3402.74955 N,08407.11690 W,297.4,11,1.09,0.258,2.14,1.09,0.49320554199218747,0.8116343627929687,-9.696516723632811,-2.7938931297709924,-1.0610687022900764,1.015267175572519,25.000588235294117
1761620062,3402.74955 N,08407.11690 W,297.4,11,1.09,0.258,2.14,1.09,0.63206923828125,0.7326257080078125,-9.734823950195311,-2.9923664122137406,-1.0763358778625953,1.282442748091603,25.000588235294117
1761620063,3402.74955 N,08407.11690 W,297.4,11,1.09,0.258,2.14,1.09,0.6153098266601562,0.814028564453125,-9.732429748535155,-2.8244274809160306,-1.1526717557251909,1.0534351145038168,24.953529411764706
1761620064,3402.74955 N,08407.11690 W,297.4,11,1.09,0.258,2.14,1.09,0.603338818359375,0.7900865478515624,-9.866505041503906,-2.6793893129770994,-1.0,0.8244274809160306,25.000588235294117
1761620065,3402.74955 N,08407.11690 W,297.4,11,1.09,0.258,2.14,1.09,0.5363011718749999,0.8164227661132812,-9.737218151855469,-3.5343511450381677,-1.450381679389313,3.099236641221374,25.000588235294117
1761620066,3402.74955 N,08407.11690 W,297.4,11,1.09,0.258,2.14,1.09,0.5674257934570313,0.7015010864257812,-9.662997900390625,-3.1374045801526718,-0.9847328244274809,0.09923664122137404,24.859411764705882
1761620067,3402.74955 N,08407.11690 W,297.4,11,1.09,0.130,2.14,1.09,0.5626373901367188,0.6751648681640625,-9.904812268066406,-2.9083969465648853,-0.7404580152671756,0.31297709923664124,24.859411764705882
1761620068,3402.74955 N,08407.11690 W,297.4,11,1.09,0.130,2.14,1.09,0.45968671875,0.6727706665039062,-9.782707983398437,-3.3740458015267176,-0.5954198473282443,0.40458015267175573,25.000588235294117
1761620069,3402.74954 N,08407.11681 W,297.6,11,1.09,0.130,2.14,1.09,0.5410895751953124,0.7685387329101562,-9.739612353515625,-2.6946564885496183,-0.9618320610687023,0.8778625954198473,24.953529411764706
1761620070,3402.74954 N,08407.11681 W,297.6,11,1.09,0.130,2.14,1.09,0.5578489868164063,0.7134720947265625,-9.708487731933593,-3.0763358778625953,-0.8702290076335878,1.099236641221374,24.953529411764706
1761620071,3402.74954 N,08407.11681 W,297.6,11,1.09,0.130,2.14,1.09,0.5147533569335937,0.7398083129882812,-9.763554370117188,-3.984732824427481,-1.1145038167938932,2.2977099236641223,25.000588235294117
1761620072,3402.74954 N,08407.11681 W,297.6,11,1.09,0.130,2.14,1.09,0.5434837768554687,0.699106884765625,-9.78031378173828,-2.50381679389313,-1.1450381679389312,1.0076335877862594,25.000588235294117
1761620073,3402.74954 N,08407.11681 W,297.6,11,1.09,0.130,2.14,1.09,0.5578489868164063,0.7206546997070312,-9.787496386718749,-2.946564885496183,-1.282442748091603,1.0305343511450382,24.906470588235294
1761620074,3402.74954 N,08407.11681 W,297.6,11,1.09,0.130,2.14,1.09,0.5674257934570313,0.7589619262695312,-9.811438403320311,-3.015267175572519,-0.9923664122137404,0.8854961832061069,25.000588235294117
1761620075,3402.74954 N,08407.11681 W,297.6,11,1.09,0.110,2.14,1.09,0.51714755859375,0.74699091796875,-9.830592016601562,-3.0381679389312977,-1.1984732824427482,0.9465648854961832,25.04764705882353
1761620076,3402.74954 N,08407.11681 W,297.6,11,1.09,0.110,2.14,1.09,0.430956298828125,0.7062894897460937,-9.785102185058593,-0.31297709923664124,-1.0916030534351144,-0.5801526717557252,24.953529411764706
1761620077,3402.74953 N,08407.11671 W,297.8,11,1.09,0.110,2.14,1.09,0.4333505004882812,0.7038952880859375,-9.756371765136718,-3.030534351145038,-1.099236641221374,0.8091603053435115,25.000588235294117
1761620078,3402.74953 N,08407.11671 W,297.8,11,1.09,0.110,2.14,1.09,0.3136404174804687,0.7015010864257812,-9.713276135253906,-2.8702290076335877,-1.0763358778625953,1.1221374045801527,24.953529411764706
1761620079,3402.74953 N,08407.11671 W,297.8,11,1.09,0.110,2.14,1.09,0.4381389038085937,0.7015010864257812,-9.739612353515625,-2.854961832061069,-1.1984732824427482,1.0076335877862594,24.906470588235294
1761620080,3402.74953 N,08407.11671 W,297.8,11,1.09,0.110,2.14,1.09,0.4381389038085937,0.5195417602539062,-9.7683427734375,-3.114503816793893,-1.1908396946564885,1.3740458015267176,24.906470588235294
1761620081,3402.74953 N,08407.11671 W,297.8,11,1.09,0.110,2.14,1.09,0.3136404174804687,0.6943184814453125,-9.811438403320311,-2.954198473282443,-0.9618320610687023,1.2671755725190839,25.09470588235294
1761620082,3402.74953 N,08407.11671 W,297.8,11,1.09,0.110,2.14,1.09,0.603338818359375,0.699106884765625,-9.789890588378906,-3.0381679389312977,-1.1221374045801527,1.0,24.906470588235294
1761620083,3402.74953 N,08407.11671 W,297.8,11,1.09,0.028,2.14,1.09,0.4213794921875,0.6679822631835937,-9.782707983398437,-3.3206106870229006,-1.2900763358778626,1.6641221374045803,24.906470588235294
1761620084,3402.74953 N,08407.11671 W,297.8,11,1.09,0.028,2.14,1.09,0.4285620971679687,0.7493851196289062,-9.746794958496093,-3.045801526717557,-1.1755725190839694,0.7862595419847328,25.04764705882353
1761620085,3402.74952 N,08407.11668 W,297.8,11,1.09,0.028,2.14,1.09,0.5003881469726562,0.7230489013671875,-9.765948571777344,-2.8091603053435112,-0.7786259541984732,1.099236641221374,25.04764705882353
1761620086,3402.74952 N,08407.11668 W,297.8,11,1.09,0.028,2.14,1.09,0.5219359619140624,0.8786720092773437,-9.672574707031249,-3.099236641221374,-1.1221374045801527,1.4580152671755726,25.09470588235294
1761620087,3402.74952 N,08407.11668 W,297.8,11,1.09,0.028,2.14,1.09,0.6512228515624999,0.7637503295898437,-9.701305126953125,-2.6946564885496183,-1.2900763358778626,0.6870229007633588,25.000588235294117
1761620088,3402.74952 N,08407.11668 W,297.8,11,1.09,0.028,2.14,1.09,0.49799394531249996,0.5267243652343749,-9.765948571777344,37.83969465648855,7.534351145038168,-36.954198473282446,25.000588235294117
1761620089,3402.74952 N,08407.11668 W,297.8,11,1.09,0.028,2.14,1.09,0.5027823486328125,0.7972691528320313,-9.662997900390625,-2.984732824427481,-1.0381679389312977,1.0534351145038168,25.04764705882353
1761620090,3402.74952 N,08407.11668 W,297.8,11,1.09,0.028,2.14,1.09,0.4740519287109375,0.8379705810546875,-9.70369932861328,-2.7099236641221376,-1.0229007633587786,0.9694656488549618,24.953529411764706
1761620091,3402.74952 N,08407.11668 W,297.8,11,1.09,0.074,2.14,1.09,0.507570751953125,0.8451531860351562,-9.708487731933593,-2.9618320610687023,-1.0076335877862594,1.0076335877862594,25.04764705882353
1761620092,3402.74952 N,08407.11668 W,297.8,11,1.09,0.074,2.14,1.09,0.7996633544921875,0.45968671875,-9.351751684570312,36.89312977099237,10.198473282442748,-34.770992366412216,25.04764705882353
1761620093,3402.74950 N,08407.11664 W,297.8,11,1.09,0.074,2.14,1.09,0.3902548706054687,0.8954314208984374,-9.770736975097655,-1.748091603053435,-0.8549618320610687,-1.8702290076335877,25.04764705882353
1761620094,3402.74950 N,08407.11664 W,297.8,11,1.09,0.074,2.14,1.09,0.4860229370117187,0.6631938598632812,-9.734823950195311,-2.9923664122137406,-0.8473282442748091,3.7480916030534353,25.141764705882352
1761620095,3402.74950 N,08407.11664 W,297.8,11,1.09,0.074,2.14,1.09,0.4213794921875,0.7230489013671875,-9.739612353515625,-1.6259541984732824,-0.8931297709923665,0.061068702290076333,25.09470588235294
1761620096,3402.74950 N,08407.11664 W,297.8,11,1.09,0.074,2.14,1.09,0.229843359375,0.6967126831054687,-9.775525378417969,-12.458015267175572,-4.083969465648855,13.84732824427481,25.000588235294117
1761620097,3402.74950 N,08407.11664 W,297.8,11,1.09,0.074,2.14,1.09,0.11252747802734374,0.8810662109374999,-9.6151138671875,-5.770992366412214,0.6717557251908397,8.030534351145038,25.09470588235294
1761620098,3402.74950 N,08407.11664 W,297.8,11,1.09,0.074,2.14,1.09,0.28490999755859375,0.8212111694335937,-9.734823950195311,-3.114503816793893,-1.0458015267175573,1.0229007633587786,25.09470588235294
1761620099,3402.74950 N,08407.11664 W,297.8,11,1.09,0.049,2.14,1.09,0.3806780639648437,0.8212111694335937,-9.725247143554688,-2.8625954198473282,-1.2671755725190839,0.9923664122137404,25.04764705882353
1761620100,3402.74950 N,08407.11664 W,297.8,11,1.09,0.049,2.14,1.09,0.40940848388671874,0.8547299926757812,-9.720458740234374,-1.984732824427481,-0.6183206106870229,0.8091603053435115,25.09470588235294
1761620101,3402.74948 N,08407.11662 W,297.8,11,1.09,0.049,2.14,1.09,0.29927520751953124,0.8930372192382812,-9.773131176757811,-1.7557251908396947,0.15267175572519084,-0.5877862595419847,25.04764705882353
1761620102,3402.74948 N,08407.11662 W,297.8,11,1.09,0.049,2.14,1.09,0.488417138671875,0.9265560424804687,-9.674968908691406,-3.030534351145038,-1.4885496183206106,0.5877862595419847,25.000588235294117
1761620103,3402.74948 N,08407.11662 W,297.8,11,1.09,0.049,2.14,1.09,0.35194764404296874,0.8786720092773437,-9.79946739501953,-2.648854961832061,-0.6335877862595419,1.0229007633587786,25.09470588235294
1761620104,3402.74948 N,08407.11662 W,297.8,11,1.09,0.049,2.14,1.09,0.09576806640624999,0.9169792358398436,-9.938331091308592,-3.3435114503816794,-1.6259541984732824,1.9618320610687023,25.09470588235294
1761620105,3402.74948 N,08407.11662 W,297.8,11,1.09,0.049,2.14,1.09,0.6847416748046875,-0.01915361328125,-9.557653027343749,-5.786259541984733,-7.183206106870229,23.267175572519083,25.141764705882352
1761620106,3402.74948 N,08407.11662 W,297.8,11,1.09,0.049,2.14,1.09,0.4836287353515625,0.32082302246093747,-9.957484704589843,-2.8625954198473282,-1.5572519083969465,1.0687022900763359,25.188823529411764
1761620107,3402.74948 N,08407.11662 W,297.8,11,1.09,0.018,2.14,1.09,1.216254443359375,-0.26336218261718747,-9.897629663085937,-5.694656488549619,-1.8854961832061068,-4.2748091603053435,25.141764705882352
1761620108,3402.74948 N,08407.11662 W,297.8,11,1.09,0.018,2.14,1.09,0.4740519287109375,0.17238251953125,-9.777919580078125,-2.6259541984732824,-1.1374045801526718,1.1526717557251909,25.09470588235294
1761620109,3402.74948 N,08407.11663 W,297.8,11,1.09,0.018,2.14,1.09,0.6727706665039062,0.143652099609375,-9.698910925292969,-2.8625954198473282,-0.5114503816793893,1.5648854961832062,25.141764705882352
1761620110,3402.74948 N,08407.11663 W,297.8,11,1.09,0.018,2.14,1.09,0.7230489013671875,-0.16519991455078123,-9.840168823242188,-4.458015267175573,-2.8244274809160306,2.1908396946564888,25.09470588235294
1761620111,3402.74948 N,08407.11663 W,297.8,11,1.09,0.018,2.14,1.09,0.7445967163085937,-0.18435352783203124,-9.907206469726562,-2.5801526717557253,-0.9465648854961832,1.4885496183206106,25.235882352941175
1761620112,3402.74948 N,08407.11663 W,297.8,11,1.09,0.018,2.14,1.09,0.7613561279296874,-0.16998831787109375,-9.859322436523437,-2.366412213740458,-0.8015267175572519,1.183206106870229,25.09470588235294
1761620113,3402.74948 N,08407.11663 W,297.8,11,1.09,0.018,2.14,1.09,0.8762778076171874,-0.011971008300781249,-9.832986218261718,-3.0610687022900764,-0.6259541984732825,0.9847328244274809,25.28294117647059
1761620114,3402.74948 N,08407.11663 W,297.8,11,1.09,0.018,2.14,1.09,0.6943184814453125,-0.1580173095703125,-9.655815295410155,-2.8625954198473282,-0.8625954198473282,1.0381679389312977,25.141764705882352
1761620115,3402.74948 N,08407.11663 W,297.8,11,1.09,0.098,2.14,1.09,0.16280571289062498,0.3591302490234375,-9.773131176757811,13.954198473282442,-13.290076335877863,-18.916030534351144,25.235882352941175
1761620116,3402.74948 N,08407.11663 W,297.8,11,1.09,0.098,2.14,1.09,0.5913678100585937,0.21308394775390624,-9.782707983398437,-3.1297709923664123,-1.0458015267175573,0.9847328244274809,25.330000000000002
1761620117,3402.74948 N,08407.11664 W,297.7,11,1.09,0.098,2.14,1.09,0.5099649536132812,0.2537853759765625,-9.660603698730467,-3.1374045801526718,-1.0534351145038168,1.381679389312977,25.330000000000002
1761620118,3402.74948 N,08407.11664 W,297.7,11,1.09,0.098,2.14,1.09,0.4285620971679687,0.4644751220703125,-9.866505041503906,-2.8091603053435112,-1.0763358778625953,1.1450381679389312,25.941764705882356
1761620119,3402.74948 N,08407.11664 W,297.7,11,1.09,0.098,2.14,1.09,0.4429273071289062,0.4165910888671875,-9.751583361816406,-2.763358778625954,-1.015267175572519,1.1221374045801527,25.28294117647059
1761620120,3402.74948 N,08407.11664 W,297.7,11,1.09,0.098,2.14,1.09,0.5793968017578125,0.4261678955078125,-9.794678991699218,-2.816793893129771,-0.9618320610687023,1.1526717557251909,25.28294117647059
1761620121,3402.74948 N,08407.11664 W,297.7,11,1.09,0.098,2.14,1.09,0.39264907226562495,0.34237083740234375,-9.943119494628906,-2.8091603053435112,-1.0610687022900764,1.1374045801526718,25.235882352941175
1761620122,3402.74948 N,08407.11664 W,297.7,11,1.09,0.098,2.14,1.09,0.4333505004882812,0.4213794921875,-9.943119494628906,-2.8091603053435112,-1.213740458015267,1.0305343511450382,25.377058823529413
1761620123,3402.74948 N,08407.11664 W,297.7,11,1.09,0.076,2.14,1.09,0.38786066894531246,0.4525041137695312,-9.775525378417969,-2.9160305343511452,-1.1526717557251909,1.0458015267175573,25.330000000000002
1761620124,3402.74948 N,08407.11664 W,297.7,11,1.09,0.076,2.14,1.09,0.44053310546874996,0.44053310546874996,-9.763554370117188,-2.9083969465648853,-1.0687022900763359,1.1603053435114503,25.424117647058825
1761620125,3402.74947 N,08407.11665 W,297.7,11,1.09,0.076,2.14,1.09,0.354341845703125,0.4333505004882812,-9.81862100830078,-2.9770992366412212,-1.183206106870229,0.9923664122137404,25.377058823529413
1761620126,3402.74947 N,08407.11665 W,297.7,11,1.09,0.076,2.14,1.09,0.45010991210937495,0.30885201416015623,-9.81862100830078,-2.801526717557252,-0.9847328244274809,1.1297709923664123,25.377058823529413
1761620127,3402.74947 N,08407.11665 W,297.7,11,1.09,0.076,2.14,1.09,0.5003881469726562,0.3902548706054687,-9.828197814941406,-4.465648854961832,-0.06870229007633588,1.1145038167938932,25.377058823529413
1761620128,3402.74947 N,08407.11665 W,297.7,11,1.09,0.076,2.14,1.09,0.74699091796875,-0.354341845703125,-9.787496386718749,13.977099236641221,-3.6412213740458017,3.5572519083969465,25.51823529411765
1761620129,3402.74947 N,08407.11665 W,297.7,11,1.09,0.076,2.14,1.09,1.1420341918945311,0.23223756103515625,-9.545682019042967,-8.297709923664122,3.83206106870229,3.9236641221374047,25.51823529411765
1761620130,3402.74947 N,08407.11665 W,297.7,11,1.09,0.076,2.14,1.09,0.6464344482421874,-0.04548983154296875,-9.713276135253906,-6.297709923664122,-0.8244274809160306,3.6106870229007635,25.471176470588237
1761620131,3402.74947 N,08407.11665 W,297.7,11,1.09,0.010,2.14,1.09,0.5099649536132812,0.27293898925781246,-9.880870251464843,-2.3282442748091605,-1.0229007633587786,1.1908396946564885,25.424117647058825
1761620133,3402.74947 N,08407.11665 W,297.7,11,1.09,0.010,2.14,1.09,0.82360537109375,-0.2609679809570312,-9.89523546142578,-3.068702290076336,-6.679389312977099,4.465648854961832,25.56529411764706
1761620134,3402.74946 N,08407.11664 W,297.7,11,1.09,0.010,2.14,1.09,0.7158662963867187,-0.11013327636718749,-9.658209497070311,-0.916030534351145,2.053435114503817,-4.8396946564885495,25.56529411764706
1761620135,3402.74946 N,08407.11664 W,297.7,11,1.09,0.010,2.14,1.09,0.5458779785156249,-0.3711012573242187,-9.87608184814453,-1.0534351145038168,-6.068702290076335,1.1984732824427482,25.471176470588237
1761620136,3402.74946 N,08407.11664 W,297.7,11,1.09,0.010,2.14,1.09,0.6775590698242188,-0.02154781494140625,-9.727641345214844,2.6946564885496183,0.8091603053435115,0.8625954198473282,25.61235294117647
1761620137,3402.74946 N,08407.11664 W,297.7,11,1.09,0.010,2.14,1.09,0.5674257934570313,-0.0909796630859375,-9.732429748535155,-13.541984732824428,-2.2900763358778624,8.396946564885496,25.753529411764706
1761620138,3402.74946 N,08407.11664 W,297.7,11,1.09,0.010,2.14,1.09,0.8259995727539062,-0.19871873779296872,-9.911994873046874,-3.1374045801526718,-19.328244274809162,4.465648854961832,25.659411764705883
1761620139,3402.74946 N,08407.11664 W,297.7,11,1.09,0.010,2.14,1.09,0.24899697265624998,0.6751648681640625,-9.718064538574218,-2.7480916030534353,-1.0305343511450382,0.8931297709923665,25.753529411764706
1761620140,3402.74946 N,08407.11664 W,297.7,11,1.09,0.066,2.14,1.09,0.33758243408203126,0.488417138671875,-9.888052856445311,-3.0381679389312977,-1.0916030534351144,0.8702290076335878,25.706470588235295
1761620141,3402.74946 N,08407.11664 W,297.7,11,1.09,0.066,2.14,1.09,0.105344873046875,1.0175357055664063,-9.686939916992188,-4.1679389312977095,-3.2900763358778624,3.3053435114503817,25.706470588235295
1761620142,3402.74944 N,08407.11666 W,297.7,11,1.09,0.066,2.14,1.09,-1.2713210815429687,1.4604630126953124,-9.97184991455078,25.625954198473284,10.564885496183207,23.244274809160306,25.706470588235295
1761620143,3402.74944 N,08407.11666 W,297.7,11,1.09,0.066,2.14,1.09,0.12689268798828124,0.8738836059570312,-9.634267480468749,-4.717557251908397,-1.4427480916030535,3.16793893129771,25.753529411764706
1761620144,3402.74944 N,08407.11666 W,297.7,11,1.09,0.066,2.14,1.09,0.15083470458984374,0.9744400756835937,-9.794678991699218,-6.778625954198473,-4.488549618320611,9.923664122137405,25.659411764705883
1761620145,3402.74944 N,08407.11666 W,297.7,11,1.09,0.066,2.14,1.09,0.17238251953125,0.8188169677734375,-9.801861596679688,-2.1526717557251906,-0.9923664122137404,-1.2442748091603053,25.80058823529412
1761620146,3402.74944 N,08407.11666 W,297.7,11,1.09,0.066,2.14,1.09,0.1292868896484375,0.9888052856445312,-9.706093530273437,-3.3969465648854964,-1.4045801526717556,2.8473282442748094,25.706470588235295
1761620147,3402.74944 N,08407.11666 W,297.7,11,1.09,0.066,2.14,1.09,0.3184288208007812,0.488417138671875,-9.797073193359374,1.8702290076335877,3.877862595419847,-6.129770992366412,25.847647058823533
1761620148,3402.74944 N,08407.11666 W,297.7,11,1.09,0.457,2.14,1.09,0.06943184814453125,0.8834604125976562,-9.734823950195311,-3.381679389312977,-1.2671755725190839,1.0458015267175573,25.753529411764706
1761620149,3402.74944 N,08407.11666 W,297.7,11,1.09,0.457,2.14,1.09,-0.105344873046875,0.5099649536132812,-9.773131176757811,-2.4198473282442747,0.5343511450381679,-4.694656488549619,25.80058823529412
1761620150,3402.74941 N,08407.11660 W,297.6,11,1.09,0.457,2.14,1.09,-0.05746083984375,0.373495458984375,-9.785102185058593,-3.2290076335877864,-3.3587786259541983,6.1603053435114505,25.80058823529412
1761620151,3402.74941 N,08407.11660 W,297.6,11,1.09,0.457,2.14,1.09,-0.2657563842773437,0.4285620971679687,-9.794678991699218,3.282442748091603,0.8854961832061069,-12.740458015267176,25.659411764705883
1761620152,3402.74941 N,08407.11660 W,297.6,11,1.09,0.457,2.14,1.09,-0.00718260498046875,1.2210428466796874,-9.708487731933593,-3.946564885496183,-1.183206106870229,5.320610687022901,25.753529411764706
1761620153,3402.74941 N,08407.11660 W,297.6,11,1.09,0.457,2.14,1.09,-0.6919242797851562,0.3495534423828125,-9.672574707031249,-2.2748091603053435,-0.9312977099236641,-0.3511450381679389,25.80058823529412
1761620154,3402.74941 N,08407.11660 W,297.6,11,1.09,0.457,2.14,1.09,-0.7565677246093749,0.258573779296875,-9.725247143554688,-3.9770992366412212,-1.2900763358778626,1.7328244274809161,25.753529411764706
1761620155,3402.74941 N,08407.11660 W,297.6,11,1.09,0.457,2.14,1.09,-0.8451531860351562,0.1149216796875,-9.739612353515625,-2.236641221374046,-0.6106870229007634,-3.8473282442748094,25.894705882352945
1761620156,3402.74941 N,08407.11660 W,297.6,11,1.09,0.042,2.14,1.09,-0.6655880615234374,0.5410895751953124,-9.497797985839844,0.16793893129770993,3.099236641221374,-16.587786259541986,25.80058823529412
1761620157,3402.74941 N,08407.11660 W,297.6,11,1.09,0.042,2.14,1.09,-0.842758984375,0.842758984375,-9.854534033203125,8.51908396946565,-12.923664122137405,-29.38167938931298,25.753529411764706
1761620158,3402.74936 N,08407.11654 W,297.6,11,1.09,0.042,2.14,1.09,-0.4477157104492187,0.6057330200195312,-9.801861596679688,-8.549618320610687,-4.236641221374046,16.984732824427482,25.753529411764706
1761620159,3402.74936 N,08407.11654 W,297.6,11,1.09,0.042,2.14,1.09,-0.30406361083984373,0.38786066894531246,-9.710881933593749,-2.572519083969466,0.5419847328244275,-6.358778625954199,25.847647058823533
1761620160,3402.74936 N,08407.11654 W,297.6,11,1.09,0.042,2.14,1.09,-0.16041151123046873,0.6512228515624999,-9.53131680908203,-11.473282442748092,5.679389312977099,30.85496183206107,25.847647058823533
1761620161,3402.74936 N,08407.11654 W,297.6,11,1.09,0.042,2.14,1.09,-0.5889736083984375,0.6200982299804687,-9.409212524414063,7.320610687022901,-6.1679389312977095,-0.5190839694656488,25.941764705882356
1761620162,3402.74936 N,08407.11654 W,297.6,11,1.09,0.042,2.14,1.09,-0.7565677246093749,0.47165772705078124,-9.557653027343749,-2.8625954198473282,1.7786259541984732,0.6412213740458015,25.894705882352945
1761620163,3402.74936 N,08407.11654 W,297.6,11,1.09,0.042,2.14,1.09,-0.33518823242187495,0.9648632690429687,-9.631873278808593,-10.51908396946565,-3.1374045801526718,23.65648854961832,25.847647058823533
1761620164,3402.74936 N,08407.11654 W,297.6,11,1.09,0.022,2.14,1.09,-0.09337386474609374,0.9840168823242187,-9.715670336914062,-4.435114503816794,-1.4809160305343512,5.656488549618321,25.235882352941175
1761620165,3402.74936 N,08407.11654 W,297.6,11,1.09,0.022,2.14,1.09,-0.3112462158203125,0.8307879760742187,-9.679757312011718,-8.98473282442748,-1.0610687022900764,14.488549618320612,26.03588235294118
1761620166,3402.74933 N,08407.11662 W,297.3,11,1.09,0.022,2.14,1.09,-0.1867477294921875,0.9840168823242187,-9.749189160156249,-1.8473282442748091,-0.7404580152671756,-4.6183206106870225,25.847647058823533
1761620167,3402.74933 N,08407.11662 W,297.3,11,1.09,0.022,2.15,1.09,-0.4213794921875,0.8116343627929687,-9.677363110351562,-3.786259541984733,-0.6946564885496184,1.2213740458015268,25.894705882352945
1761620168,3402.74933 N,08407.11662 W,297.3,11,1.09,0.022,2.15,1.09,-0.2609679809570312,0.6919242797851562,-9.066841687011719,-7.709923664122138,-7.3816793893129775,12.992366412213741,26.64764705882353
1761620169,3402.74933 N,08407.11662 W,297.3,11,1.09,0.022,2.15,1.09,-0.06703764648437499,1.2785036865234374,-9.56962403564453,-4.33587786259542,-2.648854961832061,1.633587786259542,25.235882352941175
1761620170,3402.74933 N,08407.11662 W,297.3,11,1.09,0.022,2.15,1.09,-0.009576806640625,1.2785036865234374,-9.667786303710937,-3.1068702290076335,-1.1450381679389312,1.3740458015267176,25.941764705882356
1761620171,3402.74933 N,08407.11662 W,297.3,11,1.09,0.022,2.15,1.09,-0.023942016601562498,1.2880804931640624,-9.605537060546874,-3.3053435114503817,-1.3206106870229009,0.8854961832061069,26.03588235294118
1761620172,3402.74933 N,08407.11662 W,297.3,11,1.09,0.049,2.15,1.09,0.4213794921875,0.6631938598632812,-10.127473022460936,7.694656488549619,2.7557251908396947,3.519083969465649,25.941764705882356
1761620173,3402.74933 N,08407.11662 W,297.3,11,1.09,0.049,2.15,1.09,-0.21308394775390624,1.438915197753906,-9.64623848876953,-3.2748091603053435,-1.2748091603053435,1.4732824427480915,25.988823529411768
1761620174,3402.74931 N,08407.11674 W,297.0,11,1.09,0.049,2.15,1.09,-0.18435352783203124,1.4245499877929686,-9.689334118652344,-3.0229007633587788,-1.1603053435114503,1.0610687022900764,25.941764705882356
1761620175,3402.74931 N,08407.11674 W,297.0,11,1.09,0.049,2.15,1.09,-0.22266075439453123,1.4245499877929686,-9.694122521972655,-2.854961832061069,-0.9389312977099237,1.1297709923664123,26.03588235294118
1761620176,3402.74931 N,08407.11674 W,297.0,11,1.09,0.049,2.15,1.09,-0.1771709228515625,1.4030021728515625,-9.65342109375,-2.8931297709923665,-1.0229007633587786,0.8625954198473282,25.988823529411768
1761620177,3402.74931 N,08407.11674 W,297.0,11,1.09,0.049,2.15,1.09,-0.16998831787109375,1.3910311645507811,-9.65342109375,-2.877862595419847,-1.0916030534351144,0.7404580152671756,25.988823529411768
1761620178,3402.74931 N,08407.11674 W,297.0,11,1.09,0.049,2.15,1.09,-0.22266075439453123,1.5059528442382812,-9.713276135253906,-2.9083969465648853,-1.183206106870229,1.1221374045801527,26.64764705882353
1761620179,3402.74931 N,08407.11674 W,297.0,11,1.09,0.049,2.15,1.09,-0.16280571289062498,1.438915197753906,-9.521740002441407,-2.969465648854962,-1.0381679389312977,1.2061068702290076,25.28294117647059
1761620180,3402.74931 N,08407.11674 W,297.0,11,1.09,0.079,2.15,1.09,-0.296881005859375,1.4341267944335936,-9.622296472167967,-2.717557251908397,-0.9923664122137404,0.8396946564885496,26.69470588235294
1761620181,3402.74931 N,08407.11674 W,297.0,11,1.09,0.079,2.15,1.09,-0.19153613281249998,1.4628572143554686,-9.512163195800781,-2.885496183206107,-0.8702290076335878,0.9847328244274809,25.988823529411768
1761620182,3402.74929 N,08407.11685 W,296.8,11,1.09,0.079,2.15,1.09,-0.21068974609375,1.47482822265625,-9.598354455566406,-2.900763358778626,-0.9770992366412213,1.1755725190839694,26.03588235294118
1761620183,3402.74929 N,08407.11685 W,296.8,11,1.09,0.079,2.15,1.09,-0.19632453613281248,1.4915876342773438,-9.519345800781249,-3.0839694656488548,-1.1908396946564885,1.3358778625954197,25.28294117647059
1761620184,3402.74929 N,08407.11685 W,296.8,11,1.09,0.079,2.15,1.09,0.0,1.149216796875,-9.74200655517578,6.3893129770992365,2.480916030534351,20.793893129770993,25.988823529411768
1761620185,3402.74929 N,08407.11685 W,296.8,11,1.09,0.079,2.15,1.09,-0.0143652099609375,1.199495031738281,-9.672574707031249,-3.045801526717557,-1.1526717557251909,1.1984732824427482,25.941764705882356
1761620186,3402.74929 N,08407.11685 W,296.8,11,1.09,0.079,2.15,1.09,-0.1197100830078125,1.235408056640625,-9.744400756835937,-2.8702290076335877,-0.9847328244274809,1.2366412213740459,26.69470588235294
1761620187,3402.74929 N,08407.11685 W,296.8,11,1.09,0.079,2.15,1.09,-0.105344873046875,1.20667763671875,-9.662997900390625,-2.885496183206107,-1.0687022900763359,0.8931297709923665,26.64764705882353
1761620188,3402.74929 N,08407.11685 W,296.8,11,1.09,0.016,2.15,1.09,-0.09576806640624999,1.1755530151367186,-9.70369932861328,-2.8625954198473282,-1.0,0.9847328244274809,25.28294117647059
1761620189,3402.74929 N,08407.11685 W,296.8,11,1.09,0.016,2.15,1.09,-0.12210428466796874,1.0989385620117187,-9.674968908691406,-2.900763358778626,-0.9770992366412213,1.1603053435114503,26.03588235294118
1761620190,3402.74929 N,08407.11697 W,296.5,11,1.09,0.016,2.15,1.09,-0.1149216796875,1.177947216796875,-9.679757312011718,-2.8244274809160306,-1.0305343511450382,1.0687022900763359,25.988823529411768
1761620191,3402.74929 N,08407.11697 W,296.5,11,1.09,0.016,2.15,1.09,-0.10295067138671875,1.16837041015625,-9.694122521972655,-2.931297709923664,-0.9847328244274809,1.1450381679389312,26.69470588235294
1761620192,3402.74929 N,08407.11697 W,296.5,11,1.09,0.016,2.15,1.09,-0.13168109130859373,1.1875240234375,-9.70369932861328,-3.1068702290076335,-1.0916030534351144,1.0916030534351144,25.894705882352945
1761620193,3402.74929 N,08407.11697 W,296.5,11,1.09,0.016,2.15,1.09,-0.047884033203124995,1.180341418457031,-9.710881933593749,-2.7557251908396947,-0.9847328244274809,0.9770992366412213,25.235882352941175
1761620194,3402.74929 N,08407.11697 W,296.5,11,1.09,0.016,2.15,1.09,-0.0909796630859375,1.2401964599609374,-9.708487731933593,-2.9389312977099236,-1.0916030534351144,1.0763358778625953,25.894705882352945
1761620195,3402.74929 N,08407.11697 W,296.5,11,1.09,0.016,2.15,1.09,-0.05027823486328125,1.180341418457031,-9.672574707031249,-3.068702290076336,-1.0687022900763359,0.8549618320610687,25.988823529411768
1761620196,3402.74929 N,08407.11697 W,296.5,11,1.09,0.086,2.15,1.09,-0.08858546142578125,1.197100830078125,-9.655815295410155,-2.9083969465648853,-1.0458015267175573,1.1755725190839694,25.988823529411768
1761620197,3402.74929 N,08407.11697 W,296.5,11,1.09,0.086,2.15,1.09,-0.0909796630859375,1.22583125,-9.720458740234374,-2.7938931297709924,-1.0916030534351144,0.9770992366412213,26.03588235294118
